2026-01-04 00:05:23,991 - src.config.config_manager - INFO - Configuration loaded successfully
2026-01-04 00:05:23,992 - __main__ - ERROR - Failed to start application: type object 'ColorRole' has no attribute 'Disabled'
2026-01-04 00:05:31,362 - src.config.config_manager - INFO - Configuration loaded successfully
2026-01-04 00:05:31,408 - src.config.config_manager - INFO - Configuration saved successfully
2026-01-04 00:05:31,408 - src.ui.main_window - INFO - Switched to panel: library
2026-01-04 00:05:31,459 - __main__ - INFO - Application started successfully
2026-01-04 00:05:36,660 - src.config.config_manager - INFO - Configuration saved successfully
2026-01-04 00:05:36,660 - src.config.config_manager - INFO - Configuration saved successfully
2026-01-04 00:05:41,788 - src.config.config_manager - INFO - Configuration saved successfully
2026-01-04 00:05:41,789 - src.config.config_manager - INFO - Configuration saved successfully
2026-01-04 00:05:46,789 - src.config.config_manager - INFO - Configuration saved successfully
2026-01-04 00:05:46,790 - src.config.config_manager - INFO - Configuration saved successfully
2026-01-04 00:05:51,789 - src.config.config_manager - INFO - Configuration saved successfully
2026-01-04 00:05:51,789 - src.config.config_manager - INFO - Configuration saved successfully
2026-01-04 00:05:55,387 - src.config.config_manager - INFO - Configuration saved successfully
2026-01-04 00:05:55,387 - src.ui.main_window - INFO - Switched to panel: library
2026-01-04 00:05:56,789 - src.config.config_manager - INFO - Configuration saved successfully
2026-01-04 00:05:56,789 - src.config.config_manager - INFO - Configuration saved successfully
2026-01-04 00:05:58,320 - src.config.config_manager - INFO - Configuration saved successfully
2026-01-04 00:05:58,321 - src.ui.main_window - INFO - Switched to panel: import
2026-01-04 00:06:01,788 - src.config.config_manager - INFO - Configuration saved successfully
2026-01-04 00:06:01,789 - src.config.config_manager - INFO - Configuration saved successfully
2026-01-04 00:06:04,804 - src.config.config_manager - INFO - Configuration saved successfully
2026-01-04 00:06:04,805 - src.ui.main_window - INFO - Switched to panel: library
2026-01-04 00:06:06,621 - src.config.config_manager - INFO - Configuration saved successfully
2026-01-04 00:06:06,621 - src.ui.main_window - INFO - Switched to panel: import
2026-01-04 00:06:06,789 - src.config.config_manager - INFO - Configuration saved successfully
2026-01-04 00:06:06,790 - src.config.config_manager - INFO - Configuration saved successfully
2026-01-04 00:06:08,146 - src.config.config_manager - INFO - Configuration saved successfully
2026-01-04 00:06:08,146 - src.ui.main_window - INFO - Switched to panel: develop
2026-01-04 00:06:10,287 - src.config.config_manager - INFO - Configuration saved successfully
2026-01-04 00:06:10,287 - src.ui.main_window - INFO - Switched to panel: library
2026-01-04 00:06:11,363 - src.config.config_manager - INFO - Configuration saved successfully
2026-01-04 00:06:11,363 - src.ui.main_window - INFO - Switched to panel: export
2026-01-04 00:06:11,789 - src.config.config_manager - INFO - Configuration saved successfully
2026-01-04 00:06:11,789 - src.config.config_manager - INFO - Configuration saved successfully
2026-01-04 00:06:16,789 - src.config.config_manager - INFO - Configuration saved successfully
2026-01-04 00:06:16,789 - src.config.config_manager - INFO - Configuration saved successfully
2026-01-04 00:06:21,789 - src.config.config_manager - INFO - Configuration saved successfully
2026-01-04 00:06:21,790 - src.config.config_manager - INFO - Configuration saved successfully
2026-01-04 00:06:26,789 - src.config.config_manager - INFO - Configuration saved successfully
2026-01-04 00:06:26,790 - src.config.config_manager - INFO - Configuration saved successfully
2026-01-04 00:06:31,789 - src.config.config_manager - INFO - Configuration saved successfully
2026-01-04 00:06:31,789 - src.config.config_manager - INFO - Configuration saved successfully
2026-01-04 00:06:36,788 - src.config.config_manager - INFO - Configuration saved successfully
2026-01-04 00:06:36,789 - src.config.config_manager - INFO - Configuration saved successfully
2026-01-04 00:06:41,789 - src.config.config_manager - INFO - Configuration saved successfully
2026-01-04 00:06:41,789 - src.config.config_manager - INFO - Configuration saved successfully
2026-01-04 00:06:46,789 - src.config.config_manager - INFO - Configuration saved successfully
2026-01-04 00:06:46,789 - src.config.config_manager - INFO - Configuration saved successfully
2026-01-04 00:06:51,789 - src.config.config_manager - INFO - Configuration saved successfully
2026-01-04 00:06:51,789 - src.config.config_manager - INFO - Configuration saved successfully
2026-01-04 00:06:56,788 - src.config.config_manager - INFO - Configuration saved successfully
2026-01-04 00:06:56,788 - src.config.config_manager - INFO - Configuration saved successfully
2026-01-04 00:06:58,194 - src.config.config_manager - INFO - Configuration saved successfully
2026-01-04 00:06:58,194 - src.ui.main_window - INFO - Switched to panel: export
2026-01-04 00:06:59,244 - src.config.config_manager - INFO - Configuration saved successfully
2026-01-04 00:06:59,245 - src.ui.main_window - INFO - Switched to panel: print
2026-01-04 00:07:01,788 - src.config.config_manager - INFO - Configuration saved successfully
2026-01-04 00:07:01,788 - src.config.config_manager - INFO - Configuration saved successfully
2026-01-04 00:07:03,220 - src.config.config_manager - INFO - Configuration saved successfully
2026-01-04 00:07:03,220 - src.ui.main_window - INFO - Switched to panel: slideshow
2026-01-04 00:07:06,789 - src.config.config_manager - INFO - Configuration saved successfully
2026-01-04 00:07:06,789 - src.config.config_manager - INFO - Configuration saved successfully
2026-01-04 00:07:11,788 - src.config.config_manager - INFO - Configuration saved successfully
2026-01-04 00:07:11,789 - src.config.config_manager - INFO - Configuration saved successfully
2026-01-04 00:07:12,971 - src.config.config_manager - INFO - Configuration saved successfully
2026-01-04 00:07:12,971 - src.ui.main_window - INFO - Switched to panel: website
2026-01-04 00:07:16,789 - src.config.config_manager - INFO - Configuration saved successfully
2026-01-04 00:07:16,789 - src.config.config_manager - INFO - Configuration saved successfully
2026-01-04 00:07:21,789 - src.config.config_manager - INFO - Configuration saved successfully
2026-01-04 00:07:21,789 - src.config.config_manager - INFO - Configuration saved successfully
2026-01-04 00:07:21,908 - src.config.config_manager - INFO - Configuration saved successfully
2026-01-04 00:07:21,908 - src.ui.main_window - INFO - Switched to panel: import
2026-01-04 00:07:25,712 - src.config.config_manager - INFO - Configuration saved successfully
2026-01-04 00:07:25,713 - src.ui.main_window - INFO - Switched to panel: library
2026-01-04 00:07:26,788 - src.config.config_manager - INFO - Configuration saved successfully
2026-01-04 00:07:26,789 - src.config.config_manager - INFO - Configuration saved successfully
2026-01-04 00:07:31,788 - src.config.config_manager - INFO - Configuration saved successfully
2026-01-04 00:07:31,788 - src.config.config_manager - INFO - Configuration saved successfully
2026-01-04 00:07:36,788 - src.config.config_manager - INFO - Configuration saved successfully
2026-01-04 00:07:36,789 - src.config.config_manager - INFO - Configuration saved successfully
2026-01-04 00:07:41,788 - src.config.config_manager - INFO - Configuration saved successfully
2026-01-04 00:07:41,788 - src.config.config_manager - INFO - Configuration saved successfully
2026-01-04 00:07:43,446 - src.config.config_manager - INFO - Configuration saved successfully
2026-01-04 00:07:43,447 - src.config.config_manager - INFO - Configuration saved successfully
2026-01-04 00:07:43,447 - src.ui.main_window - INFO - Application closed
2026-01-04 00:11:38,559 - src.config.config_manager - INFO - Configuration loaded successfully
2026-01-04 00:11:38,602 - src.config.config_manager - INFO - Configuration saved successfully
2026-01-04 00:11:38,602 - src.ui.main_window - INFO - Switched to panel: library
2026-01-04 00:11:38,649 - __main__ - INFO - Application started successfully
2026-01-04 00:11:43,016 - src.config.config_manager - INFO - Configuration saved successfully
2026-01-04 00:11:43,016 - src.ui.main_window - INFO - Switched to panel: import
2026-01-04 00:11:43,788 - src.config.config_manager - INFO - Configuration saved successfully
2026-01-04 00:11:43,788 - src.config.config_manager - INFO - Configuration saved successfully
2026-01-04 00:11:48,789 - src.config.config_manager - INFO - Configuration saved successfully
2026-01-04 00:11:48,790 - src.config.config_manager - INFO - Configuration saved successfully
2026-01-04 00:11:53,038 - src.config.config_manager - INFO - Configuration saved successfully
2026-01-04 00:11:53,038 - src.ui.main_window - INFO - Switched to panel: library
2026-01-04 00:11:53,786 - src.config.config_manager - INFO - Configuration saved successfully
2026-01-04 00:11:53,787 - src.config.config_manager - INFO - Configuration saved successfully
2026-01-04 00:11:54,621 - src.config.config_manager - INFO - Configuration saved successfully
2026-01-04 00:11:54,621 - src.ui.main_window - INFO - Switched to panel: develop
2026-01-04 00:11:56,269 - src.config.config_manager - INFO - Configuration saved successfully
2026-01-04 00:11:56,269 - src.config.config_manager - INFO - Configuration saved successfully
2026-01-04 00:11:56,269 - src.ui.main_window - INFO - Application closed
2026-01-04 01:25:21,435 - src.config.config_manager - INFO - Configuration loaded successfully
2026-01-04 01:25:21,504 - src.config.config_manager - INFO - Configuration saved successfully
2026-01-04 01:25:21,504 - src.ui.main_window - INFO - Switched to panel: develop
2026-01-04 01:25:21,553 - __main__ - INFO - Application started successfully
2026-01-04 01:25:23,982 - src.config.config_manager - INFO - Configuration saved successfully
2026-01-04 01:25:23,982 - src.ui.main_window - INFO - Switched to panel: library
2026-01-04 01:25:24,552 - src.config.config_manager - INFO - Configuration saved successfully
2026-01-04 01:25:24,552 - src.ui.main_window - INFO - Switched to panel: develop
2026-01-04 01:25:25,033 - src.config.config_manager - INFO - Configuration saved successfully
2026-01-04 01:25:25,033 - src.ui.main_window - INFO - Switched to panel: export
2026-01-04 01:25:25,925 - src.config.config_manager - INFO - Configuration saved successfully
2026-01-04 01:25:25,925 - src.ui.main_window - INFO - Switched to panel: print
2026-01-04 01:25:26,250 - src.config.config_manager - INFO - Configuration saved successfully
2026-01-04 01:25:26,250 - src.ui.main_window - INFO - Switched to panel: slideshow
2026-01-04 01:25:26,756 - src.config.config_manager - INFO - Configuration saved successfully
2026-01-04 01:25:26,757 - src.config.config_manager - INFO - Configuration saved successfully
2026-01-04 01:25:28,626 - src.config.config_manager - INFO - Configuration saved successfully
2026-01-04 01:25:28,626 - src.config.config_manager - INFO - Configuration saved successfully
2026-01-04 01:25:28,626 - src.ui.main_window - INFO - Application closed
2026-01-04 01:28:29,797 - src.config.config_manager - INFO - Configuration loaded successfully
2026-01-04 01:28:29,819 - __main__ - ERROR - Failed to start application: type object 'QWidget' has no attribute 'Policy'
2026-01-04 01:28:40,913 - src.config.config_manager - INFO - Configuration loaded successfully
2026-01-04 01:28:40,965 - src.config.config_manager - INFO - Configuration saved successfully
2026-01-04 01:28:40,966 - src.ui.main_window - INFO - Switched to panel: slideshow
2026-01-04 01:28:41,019 - __main__ - INFO - Application started successfully
2026-01-04 01:28:45,616 - src.config.config_manager - INFO - Configuration saved successfully
2026-01-04 01:28:45,616 - src.ui.main_window - INFO - Switched to panel: import
2026-01-04 01:28:45,797 - src.config.config_manager - INFO - Configuration saved successfully
2026-01-04 01:28:45,798 - src.config.config_manager - INFO - Configuration saved successfully
2026-01-04 01:28:47,269 - src.config.config_manager - INFO - Configuration saved successfully
2026-01-04 01:28:47,269 - src.ui.main_window - INFO - Switched to panel: library
2026-01-04 01:28:49,482 - src.config.config_manager - INFO - Configuration saved successfully
2026-01-04 01:28:49,482 - src.ui.main_window - INFO - Switched to panel: develop
2026-01-04 01:28:50,393 - src.config.config_manager - INFO - Configuration saved successfully
2026-01-04 01:28:50,393 - src.ui.main_window - INFO - Switched to panel: export
2026-01-04 01:28:50,796 - src.config.config_manager - INFO - Configuration saved successfully
2026-01-04 01:28:50,796 - src.config.config_manager - INFO - Configuration saved successfully
2026-01-04 01:28:51,185 - src.config.config_manager - INFO - Configuration saved successfully
2026-01-04 01:28:51,185 - src.ui.main_window - INFO - Switched to panel: print
2026-01-04 01:28:51,752 - src.config.config_manager - INFO - Configuration saved successfully
2026-01-04 01:28:51,752 - src.ui.main_window - INFO - Switched to panel: slideshow
2026-01-04 01:28:52,294 - src.config.config_manager - INFO - Configuration saved successfully
2026-01-04 01:28:52,294 - src.ui.main_window - INFO - Switched to panel: website
2026-01-04 01:28:53,685 - src.config.config_manager - INFO - Configuration saved successfully
2026-01-04 01:28:53,685 - src.ui.main_window - INFO - Switched to panel: library
2026-01-04 01:28:55,796 - src.config.config_manager - INFO - Configuration saved successfully
2026-01-04 01:28:55,796 - src.config.config_manager - INFO - Configuration saved successfully
2026-01-04 01:29:00,562 - src.config.config_manager - INFO - Configuration saved successfully
2026-01-04 01:29:00,562 - src.config.config_manager - INFO - Configuration saved successfully
2026-01-04 01:29:00,562 - src.ui.main_window - INFO - Application closed
2026-01-04 01:30:05,777 - src.config.config_manager - INFO - Configuration loaded successfully
2026-01-04 01:30:05,819 - src.config.config_manager - INFO - Configuration saved successfully
2026-01-04 01:30:05,819 - src.ui.main_window - INFO - Switched to panel: library
2026-01-04 01:30:05,864 - __main__ - INFO - Application started successfully
2026-01-04 01:30:10,517 - src.config.config_manager - INFO - Configuration saved successfully
2026-01-04 01:30:10,517 - src.ui.main_window - INFO - Switched to panel: library
2026-01-04 01:30:10,795 - src.config.config_manager - INFO - Configuration saved successfully
2026-01-04 01:30:10,795 - src.config.config_manager - INFO - Configuration saved successfully
2026-01-04 01:30:11,925 - src.config.config_manager - INFO - Configuration saved successfully
2026-01-04 01:30:11,925 - src.ui.main_window - INFO - Switched to panel: develop
2026-01-04 01:30:15,796 - src.config.config_manager - INFO - Configuration saved successfully
2026-01-04 01:30:15,797 - src.config.config_manager - INFO - Configuration saved successfully
2026-01-04 01:30:16,474 - src.config.config_manager - INFO - Configuration saved successfully
2026-01-04 01:30:16,474 - src.ui.main_window - INFO - Switched to panel: export
2026-01-04 01:30:20,795 - src.config.config_manager - INFO - Configuration saved successfully
2026-01-04 01:30:20,795 - src.config.config_manager - INFO - Configuration saved successfully
2026-01-04 01:30:23,257 - src.config.config_manager - INFO - Configuration saved successfully
2026-01-04 01:30:23,257 - src.ui.main_window - INFO - Switched to panel: print
2026-01-04 01:30:24,192 - src.config.config_manager - INFO - Configuration saved successfully
2026-01-04 01:30:24,192 - src.ui.main_window - INFO - Switched to panel: library
2026-01-04 01:30:25,796 - src.config.config_manager - INFO - Configuration saved successfully
2026-01-04 01:30:25,797 - src.config.config_manager - INFO - Configuration saved successfully
2026-01-04 01:30:26,509 - src.config.config_manager - INFO - Configuration saved successfully
2026-01-04 01:30:26,509 - src.ui.main_window - INFO - Switched to panel: export
2026-01-04 01:30:27,345 - src.config.config_manager - INFO - Configuration saved successfully
2026-01-04 01:30:27,346 - src.config.config_manager - INFO - Configuration saved successfully
2026-01-04 01:30:27,346 - src.ui.main_window - INFO - Application closed
2026-01-04 01:31:33,748 - src.config.config_manager - INFO - Configuration loaded successfully
2026-01-04 01:31:33,790 - src.ui.main_window - ERROR - Unknown panel: export
2026-01-04 01:31:33,832 - __main__ - INFO - Application started successfully
2026-01-04 01:31:38,795 - src.config.config_manager - INFO - Configuration saved successfully
2026-01-04 01:31:38,795 - src.config.config_manager - INFO - Configuration saved successfully
2026-01-04 01:31:39,417 - src.config.config_manager - INFO - Configuration saved successfully
2026-01-04 01:31:39,417 - src.ui.main_window - INFO - Switched to panel: library
2026-01-04 01:31:40,183 - src.config.config_manager - INFO - Configuration saved successfully
2026-01-04 01:31:40,183 - src.ui.main_window - INFO - Switched to panel: develop
2026-01-04 01:31:41,449 - src.config.config_manager - INFO - Configuration saved successfully
2026-01-04 01:31:41,449 - src.ui.main_window - INFO - Switched to panel: print
2026-01-04 01:31:42,995 - src.config.config_manager - INFO - Configuration saved successfully
2026-01-04 01:31:42,995 - src.ui.main_window - INFO - Switched to panel: slideshow
2026-01-04 01:31:43,795 - src.config.config_manager - INFO - Configuration saved successfully
2026-01-04 01:31:43,796 - src.config.config_manager - INFO - Configuration saved successfully
2026-01-04 01:31:43,840 - src.config.config_manager - INFO - Configuration saved successfully
2026-01-04 01:31:43,840 - src.ui.main_window - INFO - Switched to panel: website
2026-01-04 01:31:45,274 - src.config.config_manager - INFO - Configuration saved successfully
2026-01-04 01:31:45,274 - src.ui.main_window - INFO - Switched to panel: print
2026-01-04 01:31:48,795 - src.config.config_manager - INFO - Configuration saved successfully
2026-01-04 01:31:48,796 - src.config.config_manager - INFO - Configuration saved successfully
2026-01-04 01:31:52,589 - src.config.config_manager - INFO - Configuration saved successfully
2026-01-04 01:31:52,589 - src.config.config_manager - INFO - Configuration saved successfully
2026-01-04 01:31:52,589 - src.ui.main_window - INFO - Application closed
2026-01-04 01:32:39,119 - src.config.config_manager - INFO - Configuration loaded successfully
2026-01-04 01:32:39,161 - src.config.config_manager - INFO - Configuration saved successfully
2026-01-04 01:32:39,161 - src.ui.main_window - INFO - Switched to panel: print
2026-01-04 01:32:39,207 - __main__ - INFO - Application started successfully
2026-01-04 01:32:43,913 - src.config.config_manager - INFO - Configuration saved successfully
2026-01-04 01:32:43,914 - src.config.config_manager - INFO - Configuration saved successfully
2026-01-04 01:32:48,796 - src.config.config_manager - INFO - Configuration saved successfully
2026-01-04 01:32:48,797 - src.config.config_manager - INFO - Configuration saved successfully
2026-01-04 01:32:53,797 - src.config.config_manager - INFO - Configuration saved successfully
2026-01-04 01:32:53,797 - src.config.config_manager - INFO - Configuration saved successfully
2026-01-04 01:32:58,796 - src.config.config_manager - INFO - Configuration saved successfully
2026-01-04 01:32:58,796 - src.config.config_manager - INFO - Configuration saved successfully
2026-01-04 01:33:03,691 - src.config.config_manager - INFO - Configuration saved successfully
2026-01-04 01:33:03,692 - src.ui.main_window - INFO - Switched to panel: develop
2026-01-04 01:33:03,796 - src.config.config_manager - INFO - Configuration saved successfully
2026-01-04 01:33:03,796 - src.config.config_manager - INFO - Configuration saved successfully
2026-01-04 01:33:08,016 - src.config.config_manager - INFO - Configuration saved successfully
2026-01-04 01:33:08,016 - src.ui.main_window - INFO - Switched to panel: print
2026-01-04 01:33:08,797 - src.config.config_manager - INFO - Configuration saved successfully
2026-01-04 01:33:08,797 - src.config.config_manager - INFO - Configuration saved successfully
2026-01-04 01:33:11,634 - src.config.config_manager - INFO - Configuration saved successfully
2026-01-04 01:33:11,634 - src.ui.main_window - INFO - Switched to panel: library
2026-01-04 01:33:13,796 - src.config.config_manager - INFO - Configuration saved successfully
2026-01-04 01:33:13,797 - src.config.config_manager - INFO - Configuration saved successfully
2026-01-04 01:33:18,796 - src.config.config_manager - INFO - Configuration saved successfully
2026-01-04 01:33:18,797 - src.config.config_manager - INFO - Configuration saved successfully
2026-01-04 01:33:23,798 - src.config.config_manager - INFO - Configuration saved successfully
2026-01-04 01:33:23,799 - src.config.config_manager - INFO - Configuration saved successfully
2026-01-04 01:33:24,717 - src.config.config_manager - INFO - Configuration saved successfully
2026-01-04 01:33:24,718 - src.config.config_manager - INFO - Configuration saved successfully
2026-01-04 01:33:24,718 - src.ui.main_window - INFO - Application closed
2026-01-04 01:34:12,343 - src.config.config_manager - INFO - Configuration loaded successfully
2026-01-04 01:34:12,386 - src.config.config_manager - INFO - Configuration saved successfully
2026-01-04 01:34:12,386 - src.ui.main_window - INFO - Switched to panel: library
2026-01-04 01:34:12,431 - __main__ - INFO - Application started successfully
2026-01-04 01:34:17,638 - src.config.config_manager - INFO - Configuration saved successfully
2026-01-04 01:34:17,639 - src.config.config_manager - INFO - Configuration saved successfully
2026-01-04 01:34:22,796 - src.config.config_manager - INFO - Configuration saved successfully
2026-01-04 01:34:22,797 - src.config.config_manager - INFO - Configuration saved successfully
2026-01-04 01:34:26,713 - src.config.config_manager - INFO - Configuration saved successfully
2026-01-04 01:34:26,713 - src.ui.main_window - INFO - Switched to panel: library
2026-01-04 01:34:27,796 - src.config.config_manager - INFO - Configuration saved successfully
2026-01-04 01:34:27,796 - src.config.config_manager - INFO - Configuration saved successfully
2026-01-04 01:34:28,942 - src.config.config_manager - INFO - Configuration saved successfully
2026-01-04 01:34:28,942 - src.ui.main_window - INFO - Switched to panel: develop
2026-01-04 01:34:32,303 - src.config.config_manager - INFO - Configuration saved successfully
2026-01-04 01:34:32,303 - src.ui.main_window - INFO - Switched to panel: print
2026-01-04 01:34:32,796 - src.config.config_manager - INFO - Configuration saved successfully
2026-01-04 01:34:32,796 - src.config.config_manager - INFO - Configuration saved successfully
2026-01-04 01:34:35,623 - src.config.config_manager - INFO - Configuration saved successfully
2026-01-04 01:34:35,623 - src.config.config_manager - INFO - Configuration saved successfully
2026-01-04 01:34:35,623 - src.ui.main_window - INFO - Application closed
2026-01-04 01:35:21,226 - src.config.config_manager - INFO - Configuration loaded successfully
2026-01-04 01:35:21,270 - src.config.config_manager - INFO - Configuration saved successfully
2026-01-04 01:35:21,270 - src.ui.main_window - INFO - Switched to panel: print
2026-01-04 01:35:21,317 - __main__ - INFO - Application started successfully
2026-01-04 01:35:26,022 - src.config.config_manager - INFO - Configuration saved successfully
2026-01-04 01:35:26,022 - src.config.config_manager - INFO - Configuration saved successfully
2026-01-04 01:35:30,797 - src.config.config_manager - INFO - Configuration saved successfully
2026-01-04 01:35:30,798 - src.config.config_manager - INFO - Configuration saved successfully
2026-01-04 01:35:35,798 - src.config.config_manager - INFO - Configuration saved successfully
2026-01-04 01:35:35,798 - src.config.config_manager - INFO - Configuration saved successfully
2026-01-04 01:35:40,798 - src.config.config_manager - INFO - Configuration saved successfully
2026-01-04 01:35:40,798 - src.config.config_manager - INFO - Configuration saved successfully
2026-01-04 01:35:45,799 - src.config.config_manager - INFO - Configuration saved successfully
2026-01-04 01:35:45,799 - src.config.config_manager - INFO - Configuration saved successfully
2026-01-04 01:35:50,799 - src.config.config_manager - INFO - Configuration saved successfully
2026-01-04 01:35:50,799 - src.config.config_manager - INFO - Configuration saved successfully
2026-01-04 01:35:53,770 - src.config.config_manager - INFO - Configuration saved successfully
2026-01-04 01:35:53,770 - src.config.config_manager - INFO - Configuration saved successfully
2026-01-04 01:35:53,771 - src.ui.main_window - INFO - Application closed
2026-01-04 01:38:28,515 - src.config.config_manager - INFO - Configuration loaded successfully
2026-01-04 01:38:28,556 - src.config.config_manager - INFO - Configuration saved successfully
2026-01-04 01:38:28,556 - src.ui.main_window - INFO - Switched to panel: print
2026-01-04 01:38:28,598 - __main__ - INFO - Application started successfully
2026-01-04 01:38:33,800 - src.config.config_manager - INFO - Configuration saved successfully
2026-01-04 01:38:33,801 - src.config.config_manager - INFO - Configuration saved successfully
2026-01-04 01:38:34,892 - src.config.config_manager - INFO - Configuration saved successfully
2026-01-04 01:38:34,893 - src.config.config_manager - INFO - Configuration saved successfully
2026-01-04 01:38:34,893 - src.ui.main_window - INFO - Application closed
2026-01-04 01:39:04,404 - src.config.config_manager - INFO - Configuration saved successfully
2026-01-04 01:39:04,404 - src.config.config_manager - INFO - Default configuration created
2026-01-04 01:39:04,447 - src.config.config_manager - INFO - Configuration saved successfully
2026-01-04 01:39:04,447 - src.ui.main_window - INFO - Switched to panel: library
2026-01-04 01:39:04,493 - __main__ - INFO - Application started successfully
2026-01-04 01:39:09,699 - src.config.config_manager - INFO - Configuration saved successfully
2026-01-04 01:39:09,700 - src.config.config_manager - INFO - Configuration saved successfully
2026-01-04 01:39:14,797 - src.config.config_manager - INFO - Configuration saved successfully
2026-01-04 01:39:14,797 - src.config.config_manager - INFO - Configuration saved successfully
2026-01-04 01:39:19,798 - src.config.config_manager - INFO - Configuration saved successfully
2026-01-04 01:39:19,799 - src.config.config_manager - INFO - Configuration saved successfully
2026-01-04 01:39:19,966 - src.config.config_manager - INFO - Configuration saved successfully
2026-01-04 01:39:19,967 - src.config.config_manager - INFO - Configuration saved successfully
2026-01-04 01:39:19,967 - src.ui.main_window - INFO - Application closed
2026-01-04 01:53:51,478 - src.config.config_manager - INFO - Configuration loaded successfully
2026-01-04 01:53:51,523 - src.config.config_manager - INFO - Configuration saved successfully
2026-01-04 01:53:51,523 - src.ui.main_window - INFO - Switched to panel: library
2026-01-04 01:53:51,570 - __main__ - INFO - Application started successfully
2026-01-04 01:53:56,774 - src.config.config_manager - INFO - Configuration saved successfully
2026-01-04 01:53:56,775 - src.config.config_manager - INFO - Configuration saved successfully
2026-01-04 01:54:01,801 - src.config.config_manager - INFO - Configuration saved successfully
2026-01-04 01:54:01,802 - src.config.config_manager - INFO - Configuration saved successfully
2026-01-04 01:54:04,601 - src.config.config_manager - INFO - Configuration saved successfully
2026-01-04 01:54:04,602 - src.ui.main_window - INFO - Switched to panel: library
2026-01-04 01:54:05,668 - src.config.config_manager - INFO - Configuration saved successfully
2026-01-04 01:54:05,669 - src.ui.main_window - INFO - Switched to panel: develop
2026-01-04 01:54:06,801 - src.config.config_manager - INFO - Configuration saved successfully
2026-01-04 01:54:06,801 - src.config.config_manager - INFO - Configuration saved successfully
2026-01-04 01:54:07,117 - src.config.config_manager - INFO - Configuration saved successfully
2026-01-04 01:54:07,117 - src.ui.main_window - INFO - Switched to panel: print
2026-01-04 01:54:07,717 - src.config.config_manager - INFO - Configuration saved successfully
2026-01-04 01:54:07,717 - src.ui.main_window - INFO - Switched to panel: slideshow
2026-01-04 01:54:08,692 - src.config.config_manager - INFO - Configuration saved successfully
2026-01-04 01:54:08,693 - src.ui.main_window - INFO - Switched to panel: website
2026-01-04 01:54:09,558 - src.config.config_manager - INFO - Configuration saved successfully
2026-01-04 01:54:09,559 - src.ui.main_window - INFO - Switched to panel: develop
2026-01-04 01:54:11,750 - src.config.config_manager - INFO - Configuration saved successfully
2026-01-04 01:54:11,750 - src.config.config_manager - INFO - Configuration saved successfully
2026-01-04 01:54:11,750 - src.ui.main_window - INFO - Application closed
2026-01-04 01:56:22,707 - src.config.config_manager - INFO - Configuration loaded successfully
2026-01-04 01:56:22,752 - src.config.config_manager - INFO - Configuration saved successfully
2026-01-04 01:56:22,752 - src.ui.main_window - INFO - Switched to panel: develop
2026-01-04 01:56:22,796 - __main__ - INFO - Application started successfully
2026-01-04 01:56:24,498 - src.config.config_manager - INFO - Configuration saved successfully
2026-01-04 01:56:24,498 - src.ui.main_window - INFO - Switched to panel: develop
2026-01-04 01:56:27,801 - src.config.config_manager - INFO - Configuration saved successfully
2026-01-04 01:56:27,802 - src.config.config_manager - INFO - Configuration saved successfully
2026-01-04 01:56:28,895 - src.config.config_manager - INFO - Configuration saved successfully
2026-01-04 01:56:28,895 - src.config.config_manager - INFO - Configuration saved successfully
2026-01-04 01:56:28,895 - src.ui.main_window - INFO - Application closed
2026-01-04 01:59:44,534 - src.config.config_manager - INFO - Configuration loaded successfully
2026-01-04 01:59:44,577 - src.config.config_manager - INFO - Configuration saved successfully
2026-01-04 01:59:44,577 - src.ui.main_window - INFO - Switched to panel: develop
2026-01-04 01:59:44,622 - __main__ - INFO - Application started successfully
2026-01-04 01:59:49,801 - src.config.config_manager - INFO - Configuration saved successfully
2026-01-04 01:59:49,802 - src.config.config_manager - INFO - Configuration saved successfully
2026-01-04 01:59:51,013 - src.config.config_manager - INFO - Configuration saved successfully
2026-01-04 01:59:51,013 - src.config.config_manager - INFO - Configuration saved successfully
2026-01-04 01:59:51,013 - src.ui.main_window - INFO - Application closed
2026-01-04 02:01:54,987 - src.config.config_manager - INFO - Configuration loaded successfully
2026-01-04 02:01:55,032 - src.config.config_manager - INFO - Configuration saved successfully
2026-01-04 02:01:55,032 - src.ui.main_window - INFO - Switched to panel: develop
2026-01-04 02:01:55,075 - __main__ - INFO - Application started successfully
2026-01-04 02:01:58,355 - src.config.config_manager - INFO - Configuration saved successfully
2026-01-04 02:01:58,355 - src.config.config_manager - INFO - Configuration saved successfully
2026-01-04 02:01:58,355 - src.ui.main_window - INFO - Application closed
2026-01-04 02:26:37,501 - src.config.config_manager - INFO - Configuration loaded successfully
2026-01-04 02:26:37,557 - src.config.config_manager - INFO - Configuration saved successfully
2026-01-04 02:26:37,557 - src.ui.main_window - INFO - Switched to panel: develop
2026-01-04 02:26:37,600 - __main__ - INFO - Application started successfully
2026-01-04 02:26:42,151 - src.config.config_manager - INFO - Configuration saved successfully
2026-01-04 02:26:42,151 - src.ui.main_window - INFO - Switched to panel: library
2026-01-04 02:26:42,807 - src.config.config_manager - INFO - Configuration saved successfully
2026-01-04 02:26:42,807 - src.config.config_manager - INFO - Configuration saved successfully
2026-01-04 02:26:44,267 - src.config.config_manager - INFO - Configuration saved successfully
2026-01-04 02:26:44,267 - src.ui.main_window - INFO - Switched to panel: develop
2026-01-04 02:26:47,806 - src.config.config_manager - INFO - Configuration saved successfully
2026-01-04 02:26:47,806 - src.config.config_manager - INFO - Configuration saved successfully
2026-01-04 02:26:47,953 - src.config.config_manager - INFO - Configuration saved successfully
2026-01-04 02:26:47,953 - src.ui.main_window - INFO - Switched to panel: library
2026-01-04 02:26:52,806 - src.config.config_manager - INFO - Configuration saved successfully
2026-01-04 02:26:52,806 - src.config.config_manager - INFO - Configuration saved successfully
2026-01-04 02:26:57,806 - src.config.config_manager - INFO - Configuration saved successfully
2026-01-04 02:26:57,807 - src.config.config_manager - INFO - Configuration saved successfully
2026-01-04 02:27:02,805 - src.config.config_manager - INFO - Configuration saved successfully
2026-01-04 02:27:02,805 - src.config.config_manager - INFO - Configuration saved successfully
2026-01-04 02:27:07,806 - src.config.config_manager - INFO - Configuration saved successfully
2026-01-04 02:27:07,807 - src.config.config_manager - INFO - Configuration saved successfully
2026-01-04 02:27:12,806 - src.config.config_manager - INFO - Configuration saved successfully
2026-01-04 02:27:12,807 - src.config.config_manager - INFO - Configuration saved successfully
2026-01-04 02:27:17,806 - src.config.config_manager - INFO - Configuration saved successfully
2026-01-04 02:27:17,807 - src.config.config_manager - INFO - Configuration saved successfully
2026-01-04 02:27:22,805 - src.config.config_manager - INFO - Configuration saved successfully
2026-01-04 02:27:22,806 - src.config.config_manager - INFO - Configuration saved successfully
2026-01-04 02:27:27,805 - src.config.config_manager - INFO - Configuration saved successfully
2026-01-04 02:27:27,806 - src.config.config_manager - INFO - Configuration saved successfully
2026-01-04 02:27:32,806 - src.config.config_manager - INFO - Configuration saved successfully
2026-01-04 02:27:32,807 - src.config.config_manager - INFO - Configuration saved successfully
2026-01-04 02:27:37,806 - src.config.config_manager - INFO - Configuration saved successfully
2026-01-04 02:27:37,807 - src.config.config_manager - INFO - Configuration saved successfully
2026-01-04 02:27:42,805 - src.config.config_manager - INFO - Configuration saved successfully
2026-01-04 02:27:42,806 - src.config.config_manager - INFO - Configuration saved successfully
2026-01-04 02:27:47,806 - src.config.config_manager - INFO - Configuration saved successfully
2026-01-04 02:27:47,806 - src.config.config_manager - INFO - Configuration saved successfully
2026-01-04 02:27:52,805 - src.config.config_manager - INFO - Configuration saved successfully
2026-01-04 02:27:52,806 - src.config.config_manager - INFO - Configuration saved successfully
2026-01-04 02:27:57,806 - src.config.config_manager - INFO - Configuration saved successfully
2026-01-04 02:27:57,807 - src.config.config_manager - INFO - Configuration saved successfully
2026-01-04 02:28:02,806 - src.config.config_manager - INFO - Configuration saved successfully
2026-01-04 02:28:02,807 - src.config.config_manager - INFO - Configuration saved successfully
2026-01-04 02:28:05,585 - src.config.config_manager - INFO - Configuration saved successfully
2026-01-04 02:28:05,585 - src.config.config_manager - INFO - Configuration saved successfully
2026-01-04 02:28:05,586 - src.ui.main_window - INFO - Application closed
2026-01-04 02:36:47,931 - src.config.config_manager - INFO - Configuration loaded successfully
2026-01-04 02:36:48,003 - __main__ - ERROR - Failed to start application: name 'QPushButton' is not defined
2026-01-04 02:37:08,051 - src.config.config_manager - INFO - Configuration loaded successfully
2026-01-04 02:37:08,097 - __main__ - ERROR - Failed to start application: 'NoneType' object has no attribute 'widget'
2026-01-04 02:37:17,402 - src.config.config_manager - INFO - Configuration loaded successfully
2026-01-04 02:37:17,454 - src.config.config_manager - INFO - Configuration saved successfully
2026-01-04 02:37:17,454 - src.ui.main_window - INFO - Switched to panel: library
2026-01-04 02:37:17,499 - __main__ - INFO - Application started successfully
2026-01-04 02:37:22,706 - src.config.config_manager - INFO - Configuration saved successfully
2026-01-04 02:37:22,707 - src.config.config_manager - INFO - Configuration saved successfully
2026-01-04 02:37:26,789 - src.config.config_manager - INFO - Configuration saved successfully
2026-01-04 02:37:26,789 - src.ui.main_window - INFO - Switched to panel: import
2026-01-04 02:37:27,805 - src.config.config_manager - INFO - Configuration saved successfully
2026-01-04 02:37:27,806 - src.config.config_manager - INFO - Configuration saved successfully
2026-01-04 02:37:32,059 - src.config.config_manager - INFO - Configuration saved successfully
2026-01-04 02:37:32,059 - src.ui.main_window - INFO - Switched to panel: library
2026-01-04 02:37:32,805 - src.config.config_manager - INFO - Configuration saved successfully
2026-01-04 02:37:32,806 - src.config.config_manager - INFO - Configuration saved successfully
2026-01-04 02:37:33,929 - src.config.config_manager - INFO - Configuration saved successfully
2026-01-04 02:37:33,929 - src.config.config_manager - INFO - Configuration saved successfully
2026-01-04 02:37:33,929 - src.ui.main_window - INFO - Application closed
2026-01-04 02:38:49,505 - src.config.config_manager - INFO - Configuration loaded successfully
2026-01-04 02:38:49,515 - __main__ - ERROR - Failed to start application: 'LibraryPanel' object has no attribute 'content_frame'
2026-01-04 02:39:05,678 - src.config.config_manager - INFO - Configuration loaded successfully
2026-01-04 02:39:05,687 - __main__ - ERROR - Failed to start application: 'LibraryPanel' object has no attribute 'main_layout'
2026-01-04 02:39:11,933 - src.config.config_manager - INFO - Configuration loaded successfully
2026-01-04 02:39:11,942 - __main__ - ERROR - Failed to start application: 'LibraryPanel' object has no attribute 'main_layout'
2026-01-04 02:39:30,379 - src.config.config_manager - INFO - Configuration loaded successfully
2026-01-04 02:40:56,092 - src.config.config_manager - INFO - Configuration loaded successfully
2026-01-04 02:41:38,611 - src.config.config_manager - INFO - Configuration loaded successfully
2026-01-04 02:41:57,100 - src.config.config_manager - INFO - Configuration loaded successfully
2026-01-04 02:41:57,146 - __main__ - ERROR - Failed to start application: type object 'ScrollBarPolicy' has no attribute 'AsNeeded'
2026-01-04 02:42:03,685 - src.config.config_manager - INFO - Configuration loaded successfully
2026-01-04 02:42:03,733 - src.config.config_manager - INFO - Configuration saved successfully
2026-01-04 02:42:03,733 - src.ui.main_window - INFO - Switched to panel: library
2026-01-04 02:42:03,778 - __main__ - INFO - Application started successfully
2026-01-04 02:42:08,807 - src.config.config_manager - INFO - Configuration saved successfully
2026-01-04 02:42:08,807 - src.config.config_manager - INFO - Configuration saved successfully
2026-01-04 02:42:13,807 - src.config.config_manager - INFO - Configuration saved successfully
2026-01-04 02:42:13,807 - src.config.config_manager - INFO - Configuration saved successfully
2026-01-04 02:42:18,807 - src.config.config_manager - INFO - Configuration saved successfully
2026-01-04 02:42:18,807 - src.config.config_manager - INFO - Configuration saved successfully
2026-01-04 02:42:23,807 - src.config.config_manager - INFO - Configuration saved successfully
2026-01-04 02:42:23,808 - src.config.config_manager - INFO - Configuration saved successfully
2026-01-04 02:42:28,807 - src.config.config_manager - INFO - Configuration saved successfully
2026-01-04 02:42:28,807 - src.config.config_manager - INFO - Configuration saved successfully
2026-01-04 02:42:34,377 - src.config.config_manager - INFO - Configuration saved successfully
2026-01-04 02:42:34,377 - src.config.config_manager - INFO - Configuration saved successfully
2026-01-04 02:42:38,807 - src.config.config_manager - INFO - Configuration saved successfully
2026-01-04 02:42:38,807 - src.config.config_manager - INFO - Configuration saved successfully
2026-01-04 02:42:43,807 - src.config.config_manager - INFO - Configuration saved successfully
2026-01-04 02:42:43,808 - src.config.config_manager - INFO - Configuration saved successfully
2026-01-04 02:42:48,807 - src.config.config_manager - INFO - Configuration saved successfully
2026-01-04 02:42:48,808 - src.config.config_manager - INFO - Configuration saved successfully
2026-01-04 02:42:53,807 - src.config.config_manager - INFO - Configuration saved successfully
2026-01-04 02:42:53,808 - src.config.config_manager - INFO - Configuration saved successfully
2026-01-04 02:42:58,807 - src.config.config_manager - INFO - Configuration saved successfully
2026-01-04 02:42:58,808 - src.config.config_manager - INFO - Configuration saved successfully
2026-01-04 02:43:03,807 - src.config.config_manager - INFO - Configuration saved successfully
2026-01-04 02:43:03,807 - src.config.config_manager - INFO - Configuration saved successfully
2026-01-04 02:43:08,807 - src.config.config_manager - INFO - Configuration saved successfully
2026-01-04 02:43:08,807 - src.config.config_manager - INFO - Configuration saved successfully
2026-01-04 02:43:13,807 - src.config.config_manager - INFO - Configuration saved successfully
2026-01-04 02:43:13,808 - src.config.config_manager - INFO - Configuration saved successfully
2026-01-04 02:43:18,809 - src.config.config_manager - INFO - Configuration saved successfully
2026-01-04 02:43:18,809 - src.config.config_manager - INFO - Configuration saved successfully
2026-01-04 02:43:23,808 - src.config.config_manager - INFO - Configuration saved successfully
2026-01-04 02:43:23,808 - src.config.config_manager - INFO - Configuration saved successfully
2026-01-04 02:43:28,807 - src.config.config_manager - INFO - Configuration saved successfully
2026-01-04 02:43:28,808 - src.config.config_manager - INFO - Configuration saved successfully
2026-01-04 02:43:33,808 - src.config.config_manager - INFO - Configuration saved successfully
2026-01-04 02:43:33,808 - src.config.config_manager - INFO - Configuration saved successfully
2026-01-04 02:43:38,808 - src.config.config_manager - INFO - Configuration saved successfully
2026-01-04 02:43:38,808 - src.config.config_manager - INFO - Configuration saved successfully
2026-01-04 02:43:43,808 - src.config.config_manager - INFO - Configuration saved successfully
2026-01-04 02:43:43,808 - src.config.config_manager - INFO - Configuration saved successfully
2026-01-04 02:43:48,807 - src.config.config_manager - INFO - Configuration saved successfully
2026-01-04 02:43:48,808 - src.config.config_manager - INFO - Configuration saved successfully
2026-01-04 02:43:53,808 - src.config.config_manager - INFO - Configuration saved successfully
2026-01-04 02:43:53,809 - src.config.config_manager - INFO - Configuration saved successfully
2026-01-04 02:43:58,807 - src.config.config_manager - INFO - Configuration saved successfully
2026-01-04 02:43:58,807 - src.config.config_manager - INFO - Configuration saved successfully
2026-01-04 02:44:00,140 - src.ui.panels.base_panel.library - INFO - Grid columns changed to: 5
2026-01-04 02:44:00,581 - src.ui.panels.base_panel.library - INFO - Grid columns changed to: 6
2026-01-04 02:44:00,878 - src.ui.panels.base_panel.library - INFO - Grid columns changed to: 7
2026-01-04 02:44:01,206 - src.ui.panels.base_panel.library - INFO - Grid columns changed to: 8
2026-01-04 02:44:01,832 - src.ui.panels.base_panel.library - INFO - Grid columns changed to: 9
2026-01-04 02:44:02,014 - src.ui.panels.base_panel.library - INFO - Grid columns changed to: 10
2026-01-04 02:44:03,807 - src.config.config_manager - INFO - Configuration saved successfully
2026-01-04 02:44:03,808 - src.config.config_manager - INFO - Configuration saved successfully
2026-01-04 02:44:07,299 - src.ui.panels.base_panel.library - INFO - Grid columns changed to: 9
2026-01-04 02:44:07,487 - src.ui.panels.base_panel.library - INFO - Grid columns changed to: 8
2026-01-04 02:44:07,662 - src.ui.panels.base_panel.library - INFO - Grid columns changed to: 7
2026-01-04 02:44:07,839 - src.ui.panels.base_panel.library - INFO - Grid columns changed to: 6
2026-01-04 02:44:07,983 - src.ui.panels.base_panel.library - INFO - Grid columns changed to: 5
2026-01-04 02:44:08,807 - src.config.config_manager - INFO - Configuration saved successfully
2026-01-04 02:44:08,808 - src.config.config_manager - INFO - Configuration saved successfully
2026-01-04 02:44:13,808 - src.config.config_manager - INFO - Configuration saved successfully
2026-01-04 02:44:13,808 - src.config.config_manager - INFO - Configuration saved successfully
2026-01-04 02:44:18,807 - src.config.config_manager - INFO - Configuration saved successfully
2026-01-04 02:44:18,808 - src.config.config_manager - INFO - Configuration saved successfully
2026-01-04 02:44:19,166 - src.config.config_manager - INFO - Configuration saved successfully
2026-01-04 02:44:19,167 - src.config.config_manager - INFO - Configuration saved successfully
2026-01-04 02:44:19,167 - src.ui.main_window - INFO - Application closed
2026-01-04 02:45:15,083 - src.config.config_manager - INFO - Configuration loaded successfully
2026-01-04 02:45:15,130 - src.config.config_manager - INFO - Configuration saved successfully
2026-01-04 02:45:15,130 - src.ui.main_window - INFO - Switched to panel: library
2026-01-04 02:45:15,180 - __main__ - INFO - Application started successfully
2026-01-04 02:45:19,883 - src.config.config_manager - INFO - Configuration saved successfully
2026-01-04 02:45:19,883 - src.config.config_manager - INFO - Configuration saved successfully
2026-01-04 02:45:23,023 - src.ui.panels.base_panel.library - INFO - Grid columns changed to: 5
2026-01-04 02:45:25,826 - src.config.config_manager - INFO - Configuration saved successfully
2026-01-04 02:45:25,826 - src.config.config_manager - INFO - Configuration saved successfully
2026-01-04 02:45:29,075 - src.ui.panels.base_panel.library - INFO - Grid columns changed to: 4
2026-01-04 02:45:29,807 - src.config.config_manager - INFO - Configuration saved successfully
2026-01-04 02:45:29,808 - src.config.config_manager - INFO - Configuration saved successfully
2026-01-04 02:45:29,862 - src.ui.panels.base_panel.library - INFO - Grid columns changed to: 5
2026-01-04 02:45:30,891 - src.ui.panels.base_panel.library - INFO - Grid columns changed to: 6
2026-01-04 02:45:33,338 - src.ui.panels.base_panel.library - INFO - Grid columns changed to: 5
2026-01-04 02:45:34,808 - src.config.config_manager - INFO - Configuration saved successfully
2026-01-04 02:45:34,808 - src.config.config_manager - INFO - Configuration saved successfully
2026-01-04 02:45:39,807 - src.config.config_manager - INFO - Configuration saved successfully
2026-01-04 02:45:39,808 - src.config.config_manager - INFO - Configuration saved successfully
2026-01-04 02:45:44,807 - src.config.config_manager - INFO - Configuration saved successfully
2026-01-04 02:45:44,807 - src.config.config_manager - INFO - Configuration saved successfully
2026-01-04 02:45:49,809 - src.config.config_manager - INFO - Configuration saved successfully
2026-01-04 02:45:49,810 - src.config.config_manager - INFO - Configuration saved successfully
2026-01-04 02:45:54,808 - src.config.config_manager - INFO - Configuration saved successfully
2026-01-04 02:45:54,808 - src.config.config_manager - INFO - Configuration saved successfully
2026-01-04 02:45:59,810 - src.config.config_manager - INFO - Configuration saved successfully
2026-01-04 02:45:59,810 - src.config.config_manager - INFO - Configuration saved successfully
2026-01-04 02:46:04,807 - src.config.config_manager - INFO - Configuration saved successfully
2026-01-04 02:46:04,808 - src.config.config_manager - INFO - Configuration saved successfully
2026-01-04 02:46:09,807 - src.config.config_manager - INFO - Configuration saved successfully
2026-01-04 02:46:09,808 - src.config.config_manager - INFO - Configuration saved successfully
2026-01-04 02:46:14,808 - src.config.config_manager - INFO - Configuration saved successfully
2026-01-04 02:46:14,808 - src.config.config_manager - INFO - Configuration saved successfully
2026-01-04 02:46:19,808 - src.config.config_manager - INFO - Configuration saved successfully
2026-01-04 02:46:19,809 - src.config.config_manager - INFO - Configuration saved successfully
2026-01-04 02:46:34,423 - src.config.config_manager - INFO - Configuration saved successfully
2026-01-04 02:46:34,425 - src.config.config_manager - INFO - Configuration saved successfully
2026-01-04 02:46:39,674 - src.config.config_manager - INFO - Configuration saved successfully
2026-01-04 02:46:39,675 - src.config.config_manager - INFO - Configuration saved successfully
2026-01-04 02:46:44,807 - src.config.config_manager - INFO - Configuration saved successfully
2026-01-04 02:46:44,808 - src.config.config_manager - INFO - Configuration saved successfully
2026-01-04 02:46:49,808 - src.config.config_manager - INFO - Configuration saved successfully
2026-01-04 02:46:49,808 - src.config.config_manager - INFO - Configuration saved successfully
2026-01-04 02:46:51,003 - src.config.config_manager - INFO - Configuration saved successfully
2026-01-04 02:46:51,004 - src.config.config_manager - INFO - Configuration saved successfully
2026-01-04 02:46:51,004 - src.ui.main_window - INFO - Application closed
2026-01-04 02:48:10,868 - src.config.config_manager - INFO - Configuration loaded successfully
2026-01-04 02:48:10,917 - src.config.config_manager - INFO - Configuration saved successfully
2026-01-04 02:48:10,917 - src.ui.main_window - INFO - Switched to panel: library
2026-01-04 02:48:10,969 - __main__ - INFO - Application started successfully
2026-01-04 02:48:16,344 - src.config.config_manager - INFO - Configuration saved successfully
2026-01-04 02:48:16,344 - src.config.config_manager - INFO - Configuration saved successfully
2026-01-04 02:48:20,808 - src.config.config_manager - INFO - Configuration saved successfully
2026-01-04 02:48:20,808 - src.config.config_manager - INFO - Configuration saved successfully
2026-01-04 02:48:25,808 - src.config.config_manager - INFO - Configuration saved successfully
2026-01-04 02:48:25,808 - src.config.config_manager - INFO - Configuration saved successfully
2026-01-04 02:48:30,808 - src.config.config_manager - INFO - Configuration saved successfully
2026-01-04 02:48:30,808 - src.config.config_manager - INFO - Configuration saved successfully
2026-01-04 02:48:35,808 - src.config.config_manager - INFO - Configuration saved successfully
2026-01-04 02:48:35,808 - src.config.config_manager - INFO - Configuration saved successfully
2026-01-04 02:48:40,808 - src.config.config_manager - INFO - Configuration saved successfully
2026-01-04 02:48:40,808 - src.config.config_manager - INFO - Configuration saved successfully
2026-01-04 02:48:45,808 - src.config.config_manager - INFO - Configuration saved successfully
2026-01-04 02:48:45,809 - src.config.config_manager - INFO - Configuration saved successfully
2026-01-04 02:48:50,809 - src.config.config_manager - INFO - Configuration saved successfully
2026-01-04 02:48:50,809 - src.config.config_manager - INFO - Configuration saved successfully
2026-01-04 02:48:55,808 - src.config.config_manager - INFO - Configuration saved successfully
2026-01-04 02:48:55,808 - src.config.config_manager - INFO - Configuration saved successfully
2026-01-04 02:49:00,807 - src.config.config_manager - INFO - Configuration saved successfully
2026-01-04 02:49:00,808 - src.config.config_manager - INFO - Configuration saved successfully
2026-01-04 02:49:05,808 - src.config.config_manager - INFO - Configuration saved successfully
2026-01-04 02:49:05,808 - src.config.config_manager - INFO - Configuration saved successfully
2026-01-04 02:49:10,808 - src.config.config_manager - INFO - Configuration saved successfully
2026-01-04 02:49:10,808 - src.config.config_manager - INFO - Configuration saved successfully
2026-01-04 02:49:15,808 - src.config.config_manager - INFO - Configuration saved successfully
2026-01-04 02:49:15,808 - src.config.config_manager - INFO - Configuration saved successfully
2026-01-04 02:49:20,807 - src.config.config_manager - INFO - Configuration saved successfully
2026-01-04 02:49:20,808 - src.config.config_manager - INFO - Configuration saved successfully
2026-01-04 02:49:25,808 - src.config.config_manager - INFO - Configuration saved successfully
2026-01-04 02:49:25,808 - src.config.config_manager - INFO - Configuration saved successfully
2026-01-04 02:49:30,808 - src.config.config_manager - INFO - Configuration saved successfully
2026-01-04 02:49:30,809 - src.config.config_manager - INFO - Configuration saved successfully
2026-01-04 02:49:35,786 - src.config.config_manager - INFO - Configuration saved successfully
2026-01-04 02:49:35,786 - src.config.config_manager - INFO - Configuration saved successfully
2026-01-04 02:49:35,786 - src.ui.main_window - INFO - Application closed
2026-01-04 02:50:22,368 - src.config.config_manager - INFO - Configuration loaded successfully
2026-01-04 02:50:22,418 - src.config.config_manager - INFO - Configuration saved successfully
2026-01-04 02:50:22,418 - src.ui.main_window - INFO - Switched to panel: library
2026-01-04 02:50:22,467 - __main__ - INFO - Application started successfully
2026-01-04 02:52:26,193 - src.config.config_manager - INFO - Configuration loaded successfully
2026-01-04 02:52:26,242 - src.config.config_manager - INFO - Configuration saved successfully
2026-01-04 02:52:26,242 - src.ui.main_window - INFO - Switched to panel: library
2026-01-04 02:52:26,297 - __main__ - INFO - Application started successfully
2026-01-04 02:52:30,994 - src.config.config_manager - INFO - Configuration saved successfully
2026-01-04 02:52:30,994 - src.config.config_manager - INFO - Configuration saved successfully
2026-01-04 02:54:39,506 - src.config.config_manager - INFO - Configuration saved successfully
2026-01-04 02:54:39,507 - src.config.config_manager - INFO - Configuration saved successfully
2026-01-04 02:54:44,758 - src.config.config_manager - INFO - Configuration saved successfully
2026-01-04 02:54:44,758 - src.config.config_manager - INFO - Configuration saved successfully
2026-01-04 02:54:49,808 - src.config.config_manager - INFO - Configuration saved successfully
2026-01-04 02:54:49,809 - src.config.config_manager - INFO - Configuration saved successfully
2026-01-04 02:54:54,808 - src.config.config_manager - INFO - Configuration saved successfully
2026-01-04 02:54:54,808 - src.config.config_manager - INFO - Configuration saved successfully
2026-01-04 02:54:59,807 - src.config.config_manager - INFO - Configuration saved successfully
2026-01-04 02:54:59,808 - src.config.config_manager - INFO - Configuration saved successfully
2026-01-04 02:55:04,808 - src.config.config_manager - INFO - Configuration saved successfully
2026-01-04 02:55:04,809 - src.config.config_manager - INFO - Configuration saved successfully
2026-01-04 02:55:09,808 - src.config.config_manager - INFO - Configuration saved successfully
2026-01-04 02:55:09,808 - src.config.config_manager - INFO - Configuration saved successfully
2026-01-04 02:55:12,225 - src.config.config_manager - INFO - Configuration saved successfully
2026-01-04 02:55:12,225 - src.config.config_manager - INFO - Configuration saved successfully
2026-01-04 02:55:12,225 - src.ui.main_window - INFO - Application closed
2026-01-04 02:56:27,785 - src.config.config_manager - INFO - Configuration loaded successfully
2026-01-04 02:56:27,832 - src.config.config_manager - INFO - Configuration saved successfully
2026-01-04 02:56:27,832 - src.ui.main_window - INFO - Switched to panel: library
2026-01-04 02:56:27,884 - __main__ - INFO - Application started successfully
2026-01-04 02:56:32,809 - src.config.config_manager - INFO - Configuration saved successfully
2026-01-04 02:56:32,809 - src.config.config_manager - INFO - Configuration saved successfully
2026-01-04 02:56:37,809 - src.config.config_manager - INFO - Configuration saved successfully
2026-01-04 02:56:37,809 - src.config.config_manager - INFO - Configuration saved successfully
2026-01-04 02:56:42,809 - src.config.config_manager - INFO - Configuration saved successfully
2026-01-04 02:56:42,809 - src.config.config_manager - INFO - Configuration saved successfully
2026-01-04 02:56:47,809 - src.config.config_manager - INFO - Configuration saved successfully
2026-01-04 02:56:47,809 - src.config.config_manager - INFO - Configuration saved successfully
2026-01-04 02:56:52,809 - src.config.config_manager - INFO - Configuration saved successfully
2026-01-04 02:56:52,809 - src.config.config_manager - INFO - Configuration saved successfully
2026-01-04 02:56:57,809 - src.config.config_manager - INFO - Configuration saved successfully
2026-01-04 02:56:57,810 - src.config.config_manager - INFO - Configuration saved successfully
2026-01-04 02:57:02,809 - src.config.config_manager - INFO - Configuration saved successfully
2026-01-04 02:57:02,810 - src.config.config_manager - INFO - Configuration saved successfully
2026-01-04 02:57:07,812 - src.config.config_manager - INFO - Configuration saved successfully
2026-01-04 02:57:07,812 - src.config.config_manager - INFO - Configuration saved successfully
2026-01-04 02:57:12,809 - src.config.config_manager - INFO - Configuration saved successfully
2026-01-04 02:57:12,809 - src.config.config_manager - INFO - Configuration saved successfully
2026-01-04 02:57:17,809 - src.config.config_manager - INFO - Configuration saved successfully
2026-01-04 02:57:17,809 - src.config.config_manager - INFO - Configuration saved successfully
2026-01-04 02:57:22,809 - src.config.config_manager - INFO - Configuration saved successfully
2026-01-04 02:57:22,809 - src.config.config_manager - INFO - Configuration saved successfully
2026-01-04 02:57:27,809 - src.config.config_manager - INFO - Configuration saved successfully
2026-01-04 02:57:27,810 - src.config.config_manager - INFO - Configuration saved successfully
2026-01-04 02:57:32,810 - src.config.config_manager - INFO - Configuration saved successfully
2026-01-04 02:57:32,810 - src.config.config_manager - INFO - Configuration saved successfully
2026-01-04 02:57:37,809 - src.config.config_manager - INFO - Configuration saved successfully
2026-01-04 02:57:37,809 - src.config.config_manager - INFO - Configuration saved successfully
2026-01-04 02:57:42,809 - src.config.config_manager - INFO - Configuration saved successfully
2026-01-04 02:57:42,809 - src.config.config_manager - INFO - Configuration saved successfully
2026-01-04 02:57:43,243 - src.config.config_manager - INFO - Configuration saved successfully
2026-01-04 02:57:43,243 - src.config.config_manager - INFO - Configuration saved successfully
2026-01-04 02:57:43,243 - src.ui.main_window - INFO - Application closed
2026-01-04 02:59:28,475 - src.config.config_manager - INFO - Configuration saved successfully
2026-01-04 02:59:28,475 - src.config.config_manager - INFO - Default configuration created
2026-01-04 02:59:28,485 - src.config.config_manager - INFO - Configuration loaded successfully
2026-01-04 02:59:28,523 - src.config.config_manager - INFO - Configuration saved successfully
2026-01-04 02:59:28,523 - src.ui.main_window - INFO - Switched to panel: library
2026-01-04 02:59:28,571 - __main__ - INFO - Application started successfully
2026-01-04 02:59:33,774 - src.config.config_manager - INFO - Configuration saved successfully
2026-01-04 02:59:33,775 - src.config.config_manager - INFO - Configuration saved successfully
2026-01-04 02:59:39,620 - src.config.config_manager - INFO - Configuration saved successfully
2026-01-04 02:59:39,621 - src.config.config_manager - INFO - Configuration saved successfully
2026-01-04 02:59:43,809 - src.config.config_manager - INFO - Configuration saved successfully
2026-01-04 02:59:43,810 - src.config.config_manager - INFO - Configuration saved successfully
2026-01-04 02:59:48,808 - src.config.config_manager - INFO - Configuration saved successfully
2026-01-04 02:59:48,809 - src.config.config_manager - INFO - Configuration saved successfully
2026-01-04 02:59:53,809 - src.config.config_manager - INFO - Configuration saved successfully
2026-01-04 02:59:53,809 - src.config.config_manager - INFO - Configuration saved successfully
2026-01-04 02:59:58,813 - src.config.config_manager - INFO - Configuration saved successfully
2026-01-04 02:59:58,813 - src.config.config_manager - INFO - Configuration saved successfully
2026-01-04 03:00:03,809 - src.config.config_manager - INFO - Configuration saved successfully
2026-01-04 03:00:03,809 - src.config.config_manager - INFO - Configuration saved successfully
2026-01-04 03:00:08,808 - src.config.config_manager - INFO - Configuration saved successfully
2026-01-04 03:00:08,809 - src.config.config_manager - INFO - Configuration saved successfully
2026-01-04 03:00:13,808 - src.config.config_manager - INFO - Configuration saved successfully
2026-01-04 03:00:13,809 - src.config.config_manager - INFO - Configuration saved successfully
2026-01-04 03:00:18,809 - src.config.config_manager - INFO - Configuration saved successfully
2026-01-04 03:00:18,809 - src.config.config_manager - INFO - Configuration saved successfully
2026-01-04 03:00:23,808 - src.config.config_manager - INFO - Configuration saved successfully
2026-01-04 03:00:23,809 - src.config.config_manager - INFO - Configuration saved successfully
2026-01-04 03:00:28,809 - src.config.config_manager - INFO - Configuration saved successfully
2026-01-04 03:00:28,810 - src.config.config_manager - INFO - Configuration saved successfully
2026-01-04 03:00:31,819 - src.config.config_manager - INFO - Configuration saved successfully
2026-01-04 03:00:31,819 - src.config.config_manager - INFO - Configuration saved successfully
2026-01-04 03:00:31,819 - src.ui.main_window - INFO - Application closed
2026-01-04 03:01:42,919 - src.config.config_manager - INFO - Configuration loaded successfully
2026-01-04 03:01:42,929 - src.config.config_manager - INFO - Configuration loaded successfully
2026-01-04 03:01:42,967 - src.config.config_manager - INFO - Configuration saved successfully
2026-01-04 03:01:42,967 - src.ui.main_window - INFO - Switched to panel: library
2026-01-04 03:01:43,024 - __main__ - INFO - Application started successfully
2026-01-04 03:01:48,046 - src.config.config_manager - INFO - Configuration saved successfully
2026-01-04 03:01:48,046 - src.config.config_manager - INFO - Configuration saved successfully
2026-01-04 03:01:52,809 - src.config.config_manager - INFO - Configuration saved successfully
2026-01-04 03:01:52,809 - src.config.config_manager - INFO - Configuration saved successfully
2026-01-04 03:01:57,810 - src.config.config_manager - INFO - Configuration saved successfully
2026-01-04 03:01:57,810 - src.config.config_manager - INFO - Configuration saved successfully
2026-01-04 03:02:02,811 - src.config.config_manager - INFO - Configuration saved successfully
2026-01-04 03:02:02,811 - src.config.config_manager - INFO - Configuration saved successfully
2026-01-04 03:02:07,809 - src.config.config_manager - INFO - Configuration saved successfully
2026-01-04 03:02:07,809 - src.config.config_manager - INFO - Configuration saved successfully
2026-01-04 03:02:12,809 - src.config.config_manager - INFO - Configuration saved successfully
2026-01-04 03:02:12,813 - src.config.config_manager - INFO - Configuration saved successfully
2026-01-04 03:02:17,809 - src.config.config_manager - INFO - Configuration saved successfully
2026-01-04 03:02:17,810 - src.config.config_manager - INFO - Configuration saved successfully
2026-01-04 03:02:19,768 - src.config.config_manager - INFO - Configuration saved successfully
2026-01-04 03:02:19,769 - src.config.config_manager - INFO - Configuration saved successfully
2026-01-04 03:02:19,769 - src.ui.main_window - INFO - Application closed
2026-01-04 03:03:40,952 - src.config.config_manager - INFO - Configuration loaded successfully
2026-01-04 03:03:40,962 - src.config.config_manager - INFO - Configuration loaded successfully
2026-01-04 03:03:40,999 - src.config.config_manager - INFO - Configuration saved successfully
2026-01-04 03:03:40,999 - src.ui.main_window - INFO - Switched to panel: library
2026-01-04 03:03:41,055 - __main__ - INFO - Application started successfully
2026-01-04 03:03:45,810 - src.config.config_manager - INFO - Configuration saved successfully
2026-01-04 03:03:45,810 - src.config.config_manager - INFO - Configuration saved successfully
2026-01-04 03:03:50,809 - src.config.config_manager - INFO - Configuration saved successfully
2026-01-04 03:03:50,810 - src.config.config_manager - INFO - Configuration saved successfully
2026-01-04 03:03:55,809 - src.config.config_manager - INFO - Configuration saved successfully
2026-01-04 03:03:55,810 - src.config.config_manager - INFO - Configuration saved successfully
2026-01-04 03:04:00,809 - src.config.config_manager - INFO - Configuration saved successfully
2026-01-04 03:04:00,809 - src.config.config_manager - INFO - Configuration saved successfully
2026-01-04 03:04:05,809 - src.config.config_manager - INFO - Configuration saved successfully
2026-01-04 03:04:05,810 - src.config.config_manager - INFO - Configuration saved successfully
2026-01-04 03:04:09,285 - src.config.config_manager - INFO - Configuration saved successfully
2026-01-04 03:04:09,286 - src.config.config_manager - INFO - Configuration saved successfully
2026-01-04 03:04:09,286 - src.ui.main_window - INFO - Application closed
2026-01-04 03:05:10,023 - src.config.config_manager - INFO - Configuration loaded successfully
2026-01-04 03:05:10,034 - src.config.config_manager - INFO - Configuration loaded successfully
2026-01-04 03:05:10,074 - src.config.config_manager - INFO - Configuration saved successfully
2026-01-04 03:05:10,074 - src.ui.main_window - INFO - Switched to panel: library
2026-01-04 03:05:10,122 - __main__ - INFO - Application started successfully
2026-01-04 03:05:15,908 - src.config.config_manager - INFO - Configuration saved successfully
2026-01-04 03:05:15,908 - src.config.config_manager - INFO - Configuration saved successfully
2026-01-04 03:05:19,809 - src.config.config_manager - INFO - Configuration saved successfully
2026-01-04 03:05:19,810 - src.config.config_manager - INFO - Configuration saved successfully
2026-01-04 03:05:24,810 - src.config.config_manager - INFO - Configuration saved successfully
2026-01-04 03:05:24,810 - src.config.config_manager - INFO - Configuration saved successfully
2026-01-04 03:05:28,015 - src.ui.panels.base_panel.library - INFO - Grid columns changed to: 3
2026-01-04 03:05:29,294 - src.ui.panels.base_panel.library - INFO - Grid columns changed to: 4
2026-01-04 03:05:29,580 - src.ui.panels.base_panel.library - INFO - Grid columns changed to: 5
2026-01-04 03:05:29,810 - src.config.config_manager - INFO - Configuration saved successfully
2026-01-04 03:05:29,810 - src.config.config_manager - INFO - Configuration saved successfully
2026-01-04 03:05:30,893 - src.config.config_manager - INFO - Configuration saved successfully
2026-01-04 03:05:30,893 - src.config.config_manager - INFO - Configuration saved successfully
2026-01-04 03:05:30,894 - src.ui.main_window - INFO - Application closed
2026-01-04 03:06:02,328 - src.config.config_manager - INFO - Configuration loaded successfully
2026-01-04 03:06:02,338 - src.config.config_manager - INFO - Configuration loaded successfully
2026-01-04 03:06:02,381 - src.config.config_manager - INFO - Configuration saved successfully
2026-01-04 03:06:02,381 - src.ui.main_window - INFO - Switched to panel: library
2026-01-04 03:06:02,433 - __main__ - INFO - Application started successfully
2026-01-04 03:06:07,632 - src.config.config_manager - INFO - Configuration saved successfully
2026-01-04 03:06:07,633 - src.config.config_manager - INFO - Configuration saved successfully
2026-01-04 03:06:09,479 - src.ui.panels.base_panel.library - INFO - Grid columns changed to: 5, icon size: 140
2026-01-04 03:06:12,810 - src.config.config_manager - INFO - Configuration saved successfully
2026-01-04 03:06:12,810 - src.config.config_manager - INFO - Configuration saved successfully
2026-01-04 03:06:14,769 - src.ui.panels.base_panel.library - INFO - Grid columns changed to: 6, icon size: 140
2026-01-04 03:06:17,632 - src.ui.panels.base_panel.library - INFO - Grid columns changed to: 5, icon size: 140
2026-01-04 03:06:17,810 - src.config.config_manager - INFO - Configuration saved successfully
2026-01-04 03:06:17,810 - src.config.config_manager - INFO - Configuration saved successfully
2026-01-04 03:06:20,219 - src.ui.panels.base_panel.library - INFO - Grid columns changed to: 4, icon size: 160
2026-01-04 03:06:22,525 - src.ui.panels.base_panel.library - INFO - Grid columns changed to: 5, icon size: 140
2026-01-04 03:06:22,810 - src.config.config_manager - INFO - Configuration saved successfully
2026-01-04 03:06:22,810 - src.config.config_manager - INFO - Configuration saved successfully
2026-01-04 03:06:22,854 - src.ui.panels.base_panel.library - INFO - Grid columns changed to: 6, icon size: 140
2026-01-04 03:06:29,001 - src.config.config_manager - INFO - Configuration saved successfully
2026-01-04 03:06:29,001 - src.config.config_manager - INFO - Configuration saved successfully
2026-01-04 03:06:32,809 - src.config.config_manager - INFO - Configuration saved successfully
2026-01-04 03:06:32,810 - src.config.config_manager - INFO - Configuration saved successfully
2026-01-04 03:06:35,406 - src.ui.panels.base_panel.library - INFO - Grid columns changed to: 7, icon size: 120
2026-01-04 03:06:35,416 - src.ui.panels.base_panel.library - INFO - Grid columns changed to: 8, icon size: 120
2026-01-04 03:06:35,417 - src.ui.panels.base_panel.library - INFO - Grid columns changed to: 9, icon size: 120
2026-01-04 03:06:35,586 - src.ui.panels.base_panel.library - INFO - Grid columns changed to: 10, icon size: 120
2026-01-04 03:06:37,810 - src.config.config_manager - INFO - Configuration saved successfully
2026-01-04 03:06:37,810 - src.config.config_manager - INFO - Configuration saved successfully
2026-01-04 03:06:42,959 - src.config.config_manager - INFO - Configuration saved successfully
2026-01-04 03:06:42,960 - src.config.config_manager - INFO - Configuration saved successfully
2026-01-04 03:06:47,810 - src.config.config_manager - INFO - Configuration saved successfully
2026-01-04 03:06:47,810 - src.config.config_manager - INFO - Configuration saved successfully
2026-01-04 03:06:48,468 - src.config.config_manager - INFO - Configuration saved successfully
2026-01-04 03:06:48,468 - src.config.config_manager - INFO - Configuration saved successfully
2026-01-04 03:06:48,468 - src.ui.main_window - INFO - Application closed
2026-01-04 03:07:37,419 - src.config.config_manager - INFO - Configuration loaded successfully
2026-01-04 03:07:37,429 - src.config.config_manager - INFO - Configuration loaded successfully
2026-01-04 03:07:37,467 - src.config.config_manager - INFO - Configuration saved successfully
2026-01-04 03:07:37,468 - src.ui.main_window - INFO - Switched to panel: library
2026-01-04 03:07:37,522 - __main__ - INFO - Application started successfully
2026-01-04 03:07:42,525 - src.ui.panels.base_panel.library - INFO - Grid columns changed to: 5, icon size: 140
2026-01-04 03:07:42,719 - src.config.config_manager - INFO - Configuration saved successfully
2026-01-04 03:07:42,719 - src.config.config_manager - INFO - Configuration saved successfully
2026-01-04 03:07:43,752 - src.ui.panels.base_panel.library - INFO - Grid columns changed to: 6, icon size: 140
2026-01-04 03:07:47,708 - src.ui.panels.base_panel.library - INFO - Grid columns changed to: 7, icon size: 120
2026-01-04 03:07:47,810 - src.config.config_manager - INFO - Configuration saved successfully
2026-01-04 03:07:47,810 - src.config.config_manager - INFO - Configuration saved successfully
2026-01-04 03:07:51,702 - src.ui.panels.base_panel.library - INFO - Grid columns changed to: 8, icon size: 120
2026-01-04 03:07:52,296 - src.ui.panels.base_panel.library - INFO - Grid columns changed to: 9, icon size: 120
2026-01-04 03:07:52,810 - src.config.config_manager - INFO - Configuration saved successfully
2026-01-04 03:07:52,810 - src.config.config_manager - INFO - Configuration saved successfully
2026-01-04 03:07:53,069 - src.ui.panels.base_panel.library - INFO - Grid columns changed to: 10, icon size: 120
2026-01-04 03:07:57,422 - src.ui.panels.base_panel.library - INFO - Grid columns changed to: 9, icon size: 120
2026-01-04 03:07:57,810 - src.config.config_manager - INFO - Configuration saved successfully
2026-01-04 03:07:57,810 - src.config.config_manager - INFO - Configuration saved successfully
2026-01-04 03:07:58,141 - src.ui.panels.base_panel.library - INFO - Grid columns changed to: 8, icon size: 120
2026-01-04 03:07:58,702 - src.ui.panels.base_panel.library - INFO - Grid columns changed to: 7, icon size: 120
2026-01-04 03:07:59,202 - src.ui.panels.base_panel.library - INFO - Grid columns changed to: 6, icon size: 140
2026-01-04 03:08:01,085 - src.ui.panels.base_panel.library - INFO - Grid columns changed to: 5, icon size: 140
2026-01-04 03:08:01,725 - src.ui.panels.base_panel.library - INFO - Grid columns changed to: 4, icon size: 160
2026-01-04 03:08:02,810 - src.config.config_manager - INFO - Configuration saved successfully
2026-01-04 03:08:02,810 - src.config.config_manager - INFO - Configuration saved successfully
2026-01-04 03:08:03,489 - src.ui.panels.base_panel.library - INFO - Grid columns changed to: 3, icon size: 160
2026-01-04 03:08:04,073 - src.ui.panels.base_panel.library - INFO - Grid columns changed to: 2, icon size: 180
2026-01-04 03:08:05,510 - src.ui.panels.base_panel.library - INFO - Grid columns changed to: 1, icon size: 180
2026-01-04 03:08:07,282 - src.ui.panels.base_panel.library - INFO - Grid columns changed to: 2, icon size: 180
2026-01-04 03:08:07,814 - src.config.config_manager - INFO - Configuration saved successfully
2026-01-04 03:08:07,815 - src.config.config_manager - INFO - Configuration saved successfully
2026-01-04 03:08:08,748 - src.ui.panels.base_panel.library - INFO - Grid columns changed to: 3, icon size: 160
2026-01-04 03:08:09,661 - src.ui.panels.base_panel.library - INFO - Grid columns changed to: 4, icon size: 160
2026-01-04 03:08:10,321 - src.ui.panels.base_panel.library - INFO - Grid columns changed to: 5, icon size: 140
2026-01-04 03:08:12,810 - src.config.config_manager - INFO - Configuration saved successfully
2026-01-04 03:08:12,811 - src.config.config_manager - INFO - Configuration saved successfully
2026-01-04 03:08:16,036 - src.ui.panels.base_panel.library - INFO - Grid columns changed to: 6, icon size: 140
2026-01-04 03:08:16,747 - src.ui.panels.base_panel.library - INFO - Grid columns changed to: 7, icon size: 120
2026-01-04 03:08:17,810 - src.config.config_manager - INFO - Configuration saved successfully
2026-01-04 03:08:21,578 - src.ui.panels.base_panel.library - INFO - Grid columns changed to: 8, icon size: 120
2026-01-04 03:08:22,261 - src.ui.panels.base_panel.library - INFO - Grid columns changed to: 9, icon size: 120
2026-01-04 03:08:22,791 - src.ui.panels.base_panel.library - INFO - Grid columns changed to: 10, icon size: 120
2026-01-04 03:08:22,810 - src.config.config_manager - INFO - Configuration saved successfully
2026-01-04 03:08:23,745 - src.ui.panels.base_panel.library - INFO - Grid columns changed to: 9, icon size: 120
2026-01-04 03:08:23,969 - src.ui.panels.base_panel.library - INFO - Grid columns changed to: 8, icon size: 120
2026-01-04 03:08:24,159 - src.ui.panels.base_panel.library - INFO - Grid columns changed to: 7, icon size: 120
2026-01-04 03:08:24,307 - src.ui.panels.base_panel.library - INFO - Grid columns changed to: 6, icon size: 140
2026-01-04 03:08:27,338 - src.ui.panels.base_panel.library - INFO - Grid columns changed to: 5, icon size: 140
2026-01-04 03:08:27,810 - src.config.config_manager - INFO - Configuration saved successfully
2026-01-04 03:08:28,553 - src.ui.panels.base_panel.library - INFO - Grid columns changed to: 4, icon size: 160
2026-01-04 03:08:32,810 - src.config.config_manager - INFO - Configuration saved successfully
2026-01-04 03:08:37,810 - src.config.config_manager - INFO - Configuration saved successfully
2026-01-04 03:08:42,810 - src.config.config_manager - INFO - Configuration saved successfully
2026-01-04 03:08:47,810 - src.config.config_manager - INFO - Configuration saved successfully
2026-01-04 03:08:48,606 - src.config.config_manager - INFO - Configuration saved successfully
2026-01-04 03:08:48,607 - src.ui.main_window - INFO - Application closed
2026-01-04 03:10:37,717 - src.config.config_manager - INFO - Configuration loaded successfully
2026-01-04 03:10:37,728 - src.config.config_manager - INFO - Configuration loaded successfully
2026-01-04 03:10:37,822 - src.config.config_manager - INFO - Configuration saved successfully
2026-01-04 03:10:37,822 - src.ui.main_window - INFO - Switched to panel: library
2026-01-04 03:10:37,822 - __main__ - INFO - Application started successfully
2026-01-04 03:10:42,809 - src.config.config_manager - INFO - Configuration saved successfully
2026-01-04 03:10:47,810 - src.config.config_manager - INFO - Configuration saved successfully
2026-01-04 03:10:49,107 - src.ui.panels.base_panel.library - INFO - Grid columns changed to: 5
2026-01-04 03:10:52,809 - src.config.config_manager - INFO - Configuration saved successfully
2026-01-04 03:10:54,116 - src.ui.panels.base_panel.library - INFO - Grid columns changed to: 6
2026-01-04 03:10:56,984 - src.ui.panels.base_panel.library - INFO - Grid columns changed to: 5
2026-01-04 03:10:57,810 - src.config.config_manager - INFO - Configuration saved successfully
2026-01-04 03:10:59,434 - src.ui.panels.base_panel.library - INFO - Grid columns changed to: 6
2026-01-04 03:11:01,320 - src.ui.panels.base_panel.library - INFO - Grid columns changed to: 7
2026-01-04 03:11:02,810 - src.config.config_manager - INFO - Configuration saved successfully
2026-01-04 03:11:05,535 - src.ui.panels.base_panel.library - INFO - Grid columns changed to: 8
2026-01-04 03:11:08,116 - src.ui.panels.base_panel.library - INFO - Grid columns changed to: 9
2026-01-04 03:11:08,143 - src.config.config_manager - INFO - Configuration saved successfully
2026-01-04 03:11:10,647 - src.ui.panels.base_panel.library - INFO - Grid columns changed to: 10
2026-01-04 03:11:12,811 - src.config.config_manager - INFO - Configuration saved successfully
2026-01-04 03:11:17,810 - src.config.config_manager - INFO - Configuration saved successfully
2026-01-04 03:11:22,822 - src.config.config_manager - INFO - Configuration saved successfully
2026-01-04 03:11:27,810 - src.config.config_manager - INFO - Configuration saved successfully
2026-01-04 03:11:32,814 - src.config.config_manager - INFO - Configuration saved successfully
2026-01-04 03:11:36,426 - src.ui.panels.base_panel.library - INFO - Grid columns changed to: 9
2026-01-04 03:11:37,671 - src.ui.panels.base_panel.library - INFO - Grid columns changed to: 8
2026-01-04 03:11:38,890 - src.ui.panels.base_panel.library - INFO - Grid columns changed to: 7
2026-01-04 03:11:40,106 - src.ui.panels.base_panel.library - INFO - Grid columns changed to: 6
2026-01-04 03:11:41,323 - src.ui.panels.base_panel.library - INFO - Grid columns changed to: 5
2026-01-04 03:11:42,256 - src.config.config_manager - INFO - Configuration saved successfully
2026-01-04 03:11:42,908 - src.config.config_manager - INFO - Configuration saved successfully
2026-01-04 03:11:47,811 - src.config.config_manager - INFO - Configuration saved successfully
2026-01-04 03:11:52,811 - src.config.config_manager - INFO - Configuration saved successfully
2026-01-04 03:11:57,811 - src.config.config_manager - INFO - Configuration saved successfully
2026-01-04 03:12:02,811 - src.config.config_manager - INFO - Configuration saved successfully
2026-01-04 03:12:07,811 - src.config.config_manager - INFO - Configuration saved successfully
2026-01-04 03:12:10,595 - src.config.config_manager - INFO - Configuration saved successfully
2026-01-04 03:12:10,595 - src.ui.main_window - INFO - Switched to panel: develop
2026-01-04 03:12:12,201 - src.config.config_manager - INFO - Configuration saved successfully
2026-01-04 03:12:12,201 - src.ui.main_window - INFO - Switched to panel: library
2026-01-04 03:12:12,811 - src.config.config_manager - INFO - Configuration saved successfully
2026-01-04 03:12:16,102 - src.config.config_manager - INFO - Configuration saved successfully
2026-01-04 03:12:16,102 - src.ui.main_window - INFO - Application closed
2026-01-04 03:13:53,516 - src.config.config_manager - INFO - Configuration loaded successfully
2026-01-04 03:13:53,528 - src.config.config_manager - INFO - Configuration loaded successfully
2026-01-04 03:13:53,621 - src.config.config_manager - INFO - Configuration saved successfully
2026-01-04 03:13:53,621 - src.ui.main_window - INFO - Switched to panel: library
2026-01-04 03:13:53,621 - __main__ - INFO - Application started successfully
2026-01-04 03:13:58,812 - src.config.config_manager - INFO - Configuration saved successfully
2026-01-04 03:14:03,811 - src.config.config_manager - INFO - Configuration saved successfully
2026-01-04 03:14:08,811 - src.config.config_manager - INFO - Configuration saved successfully
2026-01-04 03:14:13,813 - src.config.config_manager - INFO - Configuration saved successfully
2026-01-04 03:14:18,811 - src.config.config_manager - INFO - Configuration saved successfully
2026-01-04 03:14:23,820 - src.config.config_manager - INFO - Configuration saved successfully
2026-01-04 03:14:28,811 - src.config.config_manager - INFO - Configuration saved successfully
2026-01-04 03:14:30,473 - src.config.config_manager - INFO - Configuration saved successfully
2026-01-04 03:14:30,473 - src.ui.main_window - INFO - Application closed
2026-01-04 03:16:25,836 - src.config.config_manager - INFO - Configuration loaded successfully
2026-01-04 03:16:25,846 - src.config.config_manager - INFO - Configuration loaded successfully
2026-01-04 03:16:25,941 - src.config.config_manager - INFO - Configuration saved successfully
2026-01-04 03:16:25,942 - src.ui.main_window - INFO - Switched to panel: library
2026-01-04 03:16:25,942 - __main__ - INFO - Application started successfully
2026-01-04 03:16:30,811 - src.config.config_manager - INFO - Configuration saved successfully
2026-01-04 03:16:35,812 - src.config.config_manager - INFO - Configuration saved successfully
2026-01-04 03:16:40,811 - src.config.config_manager - INFO - Configuration saved successfully
2026-01-04 03:16:45,815 - src.config.config_manager - INFO - Configuration saved successfully
2026-01-04 03:16:51,096 - src.ui.panels.base_panel.library - INFO - Grid columns changed to: 6
2026-01-04 03:16:51,119 - src.config.config_manager - INFO - Configuration saved successfully
2026-01-04 03:16:55,627 - src.ui.panels.base_panel.library - INFO - Grid columns changed to: 5
2026-01-04 03:16:55,811 - src.config.config_manager - INFO - Configuration saved successfully
2026-01-04 03:17:00,363 - src.config.config_manager - INFO - Configuration saved successfully
2026-01-04 03:17:00,363 - src.ui.main_window - INFO - Application closed
2026-01-04 03:18:32,788 - src.config.config_manager - INFO - Configuration loaded successfully
2026-01-04 03:18:32,800 - src.config.config_manager - INFO - Configuration loaded successfully
2026-01-04 03:18:32,899 - src.config.config_manager - INFO - Configuration saved successfully
2026-01-04 03:18:32,899 - src.ui.main_window - INFO - Switched to panel: library
2026-01-04 03:18:32,899 - __main__ - INFO - Application started successfully
2026-01-04 03:18:37,812 - src.config.config_manager - INFO - Configuration saved successfully
2026-01-04 03:18:43,030 - src.config.config_manager - INFO - Configuration saved successfully
2026-01-04 03:18:43,031 - src.config.config_manager - INFO - Configuration saved successfully
2026-01-04 03:18:47,812 - src.config.config_manager - INFO - Configuration saved successfully
2026-01-04 03:18:47,813 - src.config.config_manager - INFO - Configuration saved successfully
2026-01-04 03:18:52,813 - src.config.config_manager - INFO - Configuration saved successfully
2026-01-04 03:18:52,813 - src.config.config_manager - INFO - Configuration saved successfully
2026-01-04 03:18:57,812 - src.config.config_manager - INFO - Configuration saved successfully
2026-01-04 03:18:57,813 - src.config.config_manager - INFO - Configuration saved successfully
2026-01-04 03:19:02,815 - src.config.config_manager - INFO - Configuration saved successfully
2026-01-04 03:19:02,815 - src.config.config_manager - INFO - Configuration saved successfully
2026-01-04 03:19:07,812 - src.config.config_manager - INFO - Configuration saved successfully
2026-01-04 03:19:07,812 - src.config.config_manager - INFO - Configuration saved successfully
2026-01-04 03:19:12,812 - src.config.config_manager - INFO - Configuration saved successfully
2026-01-04 03:19:12,812 - src.config.config_manager - INFO - Configuration saved successfully
2026-01-04 03:19:17,812 - src.config.config_manager - INFO - Configuration saved successfully
2026-01-04 03:19:17,813 - src.config.config_manager - INFO - Configuration saved successfully
2026-01-04 03:19:22,812 - src.config.config_manager - INFO - Configuration saved successfully
2026-01-04 03:19:22,812 - src.config.config_manager - INFO - Configuration saved successfully
2026-01-04 03:19:27,823 - src.config.config_manager - INFO - Configuration saved successfully
2026-01-04 03:19:27,824 - src.config.config_manager - INFO - Configuration saved successfully
2026-01-04 03:19:32,811 - src.config.config_manager - INFO - Configuration saved successfully
2026-01-04 03:19:32,812 - src.config.config_manager - INFO - Configuration saved successfully
2026-01-04 03:19:37,812 - src.config.config_manager - INFO - Configuration saved successfully
2026-01-04 03:19:37,812 - src.config.config_manager - INFO - Configuration saved successfully
2026-01-04 03:19:40,155 - src.config.config_manager - INFO - Configuration saved successfully
2026-01-04 03:19:40,155 - src.config.config_manager - INFO - Configuration saved successfully
2026-01-04 03:19:40,155 - src.ui.main_window - INFO - Application closed
2026-01-04 03:22:03,597 - src.config.config_manager - INFO - Configuration loaded successfully
2026-01-04 03:22:03,608 - src.config.config_manager - INFO - Configuration loaded successfully
2026-01-04 03:22:03,647 - src.config.config_manager - INFO - Configuration saved successfully
2026-01-04 03:22:03,647 - src.ui.main_window - INFO - Switched to panel: library
2026-01-04 03:22:03,703 - __main__ - INFO - Application started successfully
2026-01-04 03:22:08,812 - src.config.config_manager - INFO - Configuration saved successfully
2026-01-04 03:22:08,812 - src.config.config_manager - INFO - Configuration saved successfully
2026-01-04 03:22:11,346 - src.ui.panels.base_panel.library - INFO - Updated cell sizes: 143x107, icon: 77x77
2026-01-04 03:22:11,950 - src.ui.panels.base_panel.library - INFO - Updated cell sizes: 154x115, icon: 85x85
2026-01-04 03:22:12,144 - src.ui.panels.base_panel.library - INFO - Updated cell sizes: 154x115, icon: 85x85
2026-01-04 03:22:13,814 - src.config.config_manager - INFO - Configuration saved successfully
2026-01-04 03:22:13,815 - src.config.config_manager - INFO - Configuration saved successfully
2026-01-04 03:22:14,325 - src.ui.panels.base_panel.library - INFO - Updated cell sizes: 191x143, icon: 113x113
2026-01-04 03:22:15,562 - src.ui.panels.base_panel.library - INFO - Updated cell sizes: 197x147, icon: 117x117
2026-01-04 03:22:18,811 - src.config.config_manager - INFO - Configuration saved successfully
2026-01-04 03:22:18,812 - src.config.config_manager - INFO - Configuration saved successfully
2026-01-04 03:22:20,709 - src.ui.panels.base_panel.library - INFO - Updated cell sizes: 204x153, icon: 123x123
2026-01-04 03:22:22,750 - src.ui.panels.base_panel.library - INFO - Updated cell sizes: 209x156, icon: 126x126
2026-01-04 03:22:23,815 - src.config.config_manager - INFO - Configuration saved successfully
2026-01-04 03:22:23,816 - src.config.config_manager - INFO - Configuration saved successfully
2026-01-04 03:22:24,519 - src.ui.panels.base_panel.library - INFO - Updated cell sizes: 210x157, icon: 127x127
2026-01-04 03:22:25,113 - src.ui.panels.base_panel.library - INFO - Updated cell sizes: 212x159, icon: 129x129
2026-01-04 03:22:27,559 - src.ui.panels.base_panel.library - INFO - Updated cell sizes: 225x168, icon: 138x138
2026-01-04 03:22:28,812 - src.config.config_manager - INFO - Configuration saved successfully
2026-01-04 03:22:31,820 - src.ui.panels.base_panel.library - INFO - Updated cell sizes: 212x159, icon: 129x129
2026-01-04 03:22:33,817 - src.config.config_manager - INFO - Configuration saved successfully
2026-01-04 03:22:33,817 - src.config.config_manager - INFO - Configuration saved successfully
2026-01-04 03:22:34,793 - src.ui.panels.base_panel.library - INFO - Updated cell sizes: 177x132, icon: 102x102
2026-01-04 03:22:35,720 - src.ui.panels.base_panel.library - INFO - Updated cell sizes: 177x132, icon: 102x102
2026-01-04 03:22:37,154 - src.ui.panels.base_panel.library - INFO - Updated cell sizes: 194x145, icon: 115x115
2026-01-04 03:22:38,811 - src.config.config_manager - INFO - Configuration saved successfully
2026-01-04 03:22:38,812 - src.config.config_manager - INFO - Configuration saved successfully
2026-01-04 03:22:39,927 - src.ui.panels.base_panel.library - INFO - Updated cell sizes: 194x145, icon: 115x115
2026-01-04 03:22:40,519 - src.ui.panels.base_panel.library - INFO - Updated cell sizes: 194x145, icon: 115x115
2026-01-04 03:22:40,708 - src.ui.panels.base_panel.library - INFO - Updated cell sizes: 194x145, icon: 115x115
2026-01-04 03:22:41,712 - src.ui.panels.base_panel.library - INFO - Updated cell sizes: 194x145, icon: 115x115
2026-01-04 03:22:42,040 - src.ui.panels.base_panel.library - INFO - Updated cell sizes: 194x145, icon: 115x115
2026-01-04 03:22:43,812 - src.config.config_manager - INFO - Configuration saved successfully
2026-01-04 03:22:43,815 - src.config.config_manager - INFO - Configuration saved successfully
2026-01-04 03:22:48,812 - src.config.config_manager - INFO - Configuration saved successfully
2026-01-04 03:22:48,813 - src.config.config_manager - INFO - Configuration saved successfully
2026-01-04 03:22:53,491 - src.config.config_manager - INFO - Configuration saved successfully
2026-01-04 03:22:53,491 - src.config.config_manager - INFO - Configuration saved successfully
2026-01-04 03:22:53,491 - src.ui.main_window - INFO - Application closed
2026-01-04 03:25:47,859 - src.config.config_manager - INFO - Configuration loaded successfully
2026-01-04 03:25:47,871 - src.config.config_manager - INFO - Configuration loaded successfully
2026-01-04 03:25:47,910 - src.config.config_manager - INFO - Configuration saved successfully
2026-01-04 03:25:47,910 - src.ui.main_window - INFO - Switched to panel: library
2026-01-04 03:25:47,961 - __main__ - INFO - Application started successfully
2026-01-04 03:25:53,929 - src.config.config_manager - INFO - Configuration saved successfully
2026-01-04 03:25:53,929 - src.config.config_manager - INFO - Configuration saved successfully
2026-01-04 03:25:57,812 - src.config.config_manager - INFO - Configuration saved successfully
2026-01-04 03:25:57,813 - src.config.config_manager - INFO - Configuration saved successfully
2026-01-04 03:26:02,812 - src.config.config_manager - INFO - Configuration saved successfully
2026-01-04 03:26:02,812 - src.config.config_manager - INFO - Configuration saved successfully
2026-01-04 03:26:07,815 - src.config.config_manager - INFO - Configuration saved successfully
2026-01-04 03:26:07,816 - src.config.config_manager - INFO - Configuration saved successfully
2026-01-04 03:26:12,812 - src.config.config_manager - INFO - Configuration saved successfully
2026-01-04 03:26:12,813 - src.config.config_manager - INFO - Configuration saved successfully
2026-01-04 03:26:17,812 - src.config.config_manager - INFO - Configuration saved successfully
2026-01-04 03:26:17,812 - src.config.config_manager - INFO - Configuration saved successfully
2026-01-04 03:26:22,812 - src.config.config_manager - INFO - Configuration saved successfully
2026-01-04 03:26:22,812 - src.config.config_manager - INFO - Configuration saved successfully
2026-01-04 03:26:27,812 - src.config.config_manager - INFO - Configuration saved successfully
2026-01-04 03:26:27,812 - src.config.config_manager - INFO - Configuration saved successfully
2026-01-04 03:26:32,814 - src.config.config_manager - INFO - Configuration saved successfully
2026-01-04 03:26:32,815 - src.config.config_manager - INFO - Configuration saved successfully
2026-01-04 03:26:37,812 - src.config.config_manager - INFO - Configuration saved successfully
2026-01-04 03:26:37,813 - src.config.config_manager - INFO - Configuration saved successfully
2026-01-04 03:26:42,813 - src.config.config_manager - INFO - Configuration saved successfully
2026-01-04 03:26:42,813 - src.config.config_manager - INFO - Configuration saved successfully
2026-01-04 03:26:44,628 - src.config.config_manager - INFO - Configuration saved successfully
2026-01-04 03:26:44,629 - src.config.config_manager - INFO - Configuration saved successfully
2026-01-04 03:26:44,629 - src.ui.main_window - INFO - Application closed
2026-01-04 03:27:45,084 - src.config.config_manager - INFO - Configuration loaded successfully
2026-01-04 03:27:45,096 - src.config.config_manager - INFO - Configuration loaded successfully
2026-01-04 03:27:45,136 - src.config.config_manager - INFO - Configuration saved successfully
2026-01-04 03:27:45,136 - src.ui.main_window - INFO - Switched to panel: library
2026-01-04 03:27:45,191 - __main__ - INFO - Application started successfully
2026-01-04 03:27:49,888 - src.config.config_manager - INFO - Configuration saved successfully
2026-01-04 03:27:49,888 - src.config.config_manager - INFO - Configuration saved successfully
2026-01-04 03:27:54,814 - src.config.config_manager - INFO - Configuration saved successfully
2026-01-04 03:27:54,814 - src.config.config_manager - INFO - Configuration saved successfully
2026-01-04 03:27:59,814 - src.config.config_manager - INFO - Configuration saved successfully
2026-01-04 03:27:59,814 - src.config.config_manager - INFO - Configuration saved successfully
2026-01-04 03:28:04,814 - src.config.config_manager - INFO - Configuration saved successfully
2026-01-04 03:28:04,814 - src.config.config_manager - INFO - Configuration saved successfully
2026-01-04 03:28:09,814 - src.config.config_manager - INFO - Configuration saved successfully
2026-01-04 03:28:09,815 - src.config.config_manager - INFO - Configuration saved successfully
2026-01-04 03:28:14,814 - src.config.config_manager - INFO - Configuration saved successfully
2026-01-04 03:28:14,814 - src.config.config_manager - INFO - Configuration saved successfully
2026-01-04 03:28:14,869 - src.config.config_manager - INFO - Configuration saved successfully
2026-01-04 03:28:14,870 - src.config.config_manager - INFO - Configuration saved successfully
2026-01-04 03:28:14,870 - src.ui.main_window - INFO - Application closed
2026-01-04 03:30:03,134 - src.config.config_manager - INFO - Configuration loaded successfully
2026-01-04 03:30:03,144 - src.config.config_manager - INFO - Configuration loaded successfully
2026-01-04 03:30:03,186 - src.config.config_manager - INFO - Configuration saved successfully
2026-01-04 03:30:03,186 - src.ui.main_window - INFO - Switched to panel: library
2026-01-04 03:30:03,242 - __main__ - INFO - Application started successfully
2026-01-04 03:30:07,938 - src.config.config_manager - INFO - Configuration saved successfully
2026-01-04 03:30:07,938 - src.config.config_manager - INFO - Configuration saved successfully
2026-01-04 03:30:12,814 - src.config.config_manager - INFO - Configuration saved successfully
2026-01-04 03:30:12,815 - src.config.config_manager - INFO - Configuration saved successfully
2026-01-04 03:30:13,537 - src.ui.panels.base_panel.library - INFO - Updated cell sizes: 225x168, icon: 138x138
2026-01-04 03:30:17,814 - src.config.config_manager - INFO - Configuration saved successfully
2026-01-04 03:30:18,240 - src.config.config_manager - INFO - Configuration saved successfully
2026-01-04 03:30:18,240 - src.ui.main_window - INFO - Application closed
2026-01-04 03:31:00,612 - src.config.config_manager - INFO - Configuration loaded successfully
2026-01-04 03:31:00,624 - src.config.config_manager - INFO - Configuration loaded successfully
2026-01-04 03:31:00,722 - src.config.config_manager - INFO - Configuration saved successfully
2026-01-04 03:31:00,722 - src.ui.main_window - INFO - Switched to panel: library
2026-01-04 03:31:00,723 - __main__ - INFO - Application started successfully
2026-01-04 03:31:05,815 - src.config.config_manager - INFO - Configuration saved successfully
2026-01-04 03:31:05,815 - src.config.config_manager - INFO - Configuration saved successfully
2026-01-04 03:31:10,943 - src.config.config_manager - INFO - Configuration saved successfully
2026-01-04 03:31:12,256 - src.ui.panels.base_panel.library - INFO - Updated cell sizes: 225x168, icon: 138x138
2026-01-04 03:31:15,814 - src.config.config_manager - INFO - Configuration saved successfully
2026-01-04 03:31:20,814 - src.config.config_manager - INFO - Configuration saved successfully
2026-01-04 03:31:25,815 - src.config.config_manager - INFO - Configuration saved successfully
2026-01-04 03:31:30,820 - src.config.config_manager - INFO - Configuration saved successfully
2026-01-04 03:31:35,814 - src.config.config_manager - INFO - Configuration saved successfully
2026-01-04 03:31:36,758 - src.config.config_manager - INFO - Configuration saved successfully
2026-01-04 03:31:36,758 - src.ui.main_window - INFO - Application closed
2026-01-04 03:32:14,624 - src.config.config_manager - INFO - Configuration loaded successfully
2026-01-04 03:32:14,634 - src.config.config_manager - INFO - Configuration loaded successfully
2026-01-04 03:32:14,717 - src.config.config_manager - INFO - Configuration saved successfully
2026-01-04 03:32:14,717 - src.ui.main_window - INFO - Switched to panel: library
2026-01-04 03:32:14,717 - __main__ - INFO - Application started successfully
2026-01-04 03:32:19,816 - src.config.config_manager - INFO - Configuration saved successfully
2026-01-04 03:32:20,235 - src.config.config_manager - INFO - Configuration saved successfully
2026-01-04 03:32:20,235 - src.ui.main_window - INFO - Application closed
2026-01-04 03:32:59,306 - src.config.config_manager - INFO - Configuration loaded successfully
2026-01-04 03:32:59,318 - src.config.config_manager - INFO - Configuration loaded successfully
2026-01-04 03:32:59,416 - src.config.config_manager - INFO - Configuration saved successfully
2026-01-04 03:32:59,416 - src.ui.main_window - INFO - Switched to panel: library
2026-01-04 03:32:59,416 - __main__ - INFO - Application started successfully
2026-01-04 03:33:04,666 - src.config.config_manager - INFO - Configuration saved successfully
2026-01-04 03:33:04,667 - src.config.config_manager - INFO - Configuration saved successfully
2026-01-04 03:33:09,814 - src.config.config_manager - INFO - Configuration saved successfully
2026-01-04 03:33:09,814 - src.config.config_manager - INFO - Configuration saved successfully
2026-01-04 03:33:11,231 - src.ui.panels.base_panel.library - INFO - Updated cell sizes: 224x168, icon: 138x138
2026-01-04 03:33:15,098 - src.ui.panels.base_panel.library - INFO - Updated cell sizes: 267x200, icon: 170x170
2026-01-04 03:33:15,129 - src.config.config_manager - INFO - Configuration saved successfully
2026-01-04 03:33:15,129 - src.config.config_manager - INFO - Configuration saved successfully
2026-01-04 03:33:19,814 - src.config.config_manager - INFO - Configuration saved successfully
2026-01-04 03:33:19,815 - src.config.config_manager - INFO - Configuration saved successfully
2026-01-04 03:33:24,543 - src.ui.panels.base_panel.library - INFO - Updated cell sizes: 309x231, icon: 201x201
2026-01-04 03:33:24,814 - src.config.config_manager - INFO - Configuration saved successfully
2026-01-04 03:33:29,817 - src.config.config_manager - INFO - Configuration saved successfully
2026-01-04 03:33:34,936 - src.ui.panels.base_panel.library - INFO - Updated cell sizes: 387x290, icon: 260x260
2026-01-04 03:33:34,936 - src.ui.panels.base_panel.library - INFO - Grid columns changed to: 4
2026-01-04 03:33:34,968 - src.config.config_manager - INFO - Configuration saved successfully
2026-01-04 03:33:39,470 - src.ui.panels.base_panel.library - INFO - Updated cell sizes: 516x387, icon: 357x357
2026-01-04 03:33:39,470 - src.ui.panels.base_panel.library - INFO - Grid columns changed to: 3
2026-01-04 03:33:39,819 - src.config.config_manager - INFO - Configuration saved successfully
2026-01-04 03:33:44,814 - src.config.config_manager - INFO - Configuration saved successfully
2026-01-04 03:33:49,814 - src.config.config_manager - INFO - Configuration saved successfully
2026-01-04 03:33:55,459 - src.ui.panels.base_panel.library - INFO - Updated cell sizes: 446x334, icon: 304x304
2026-01-04 03:33:55,475 - src.config.config_manager - INFO - Configuration saved successfully
2026-01-04 03:33:55,476 - src.config.config_manager - INFO - Configuration saved successfully
2026-01-04 03:33:55,516 - src.config.config_manager - INFO - Configuration saved successfully
2026-01-04 03:33:55,516 - src.config.config_manager - INFO - Configuration saved successfully
2026-01-04 03:33:55,516 - src.ui.main_window - INFO - Application closed
2026-01-04 13:26:22,740 - src.config.config_manager - INFO - Configuration loaded successfully
2026-01-04 13:26:22,756 - src.config.config_manager - INFO - Configuration loaded successfully
2026-01-04 13:26:22,805 - src.config.config_manager - INFO - Configuration saved successfully
2026-01-04 13:26:22,805 - src.ui.main_window - INFO - Switched to panel: library
2026-01-04 13:26:22,851 - __main__ - INFO - Application started successfully
2026-01-04 13:26:27,755 - src.config.config_manager - INFO - Configuration saved successfully
2026-01-04 13:26:27,756 - src.config.config_manager - INFO - Configuration saved successfully
2026-01-04 13:26:32,755 - src.config.config_manager - INFO - Configuration saved successfully
2026-01-04 13:26:32,756 - src.config.config_manager - INFO - Configuration saved successfully
2026-01-04 13:26:37,755 - src.config.config_manager - INFO - Configuration saved successfully
2026-01-04 13:26:37,755 - src.config.config_manager - INFO - Configuration saved successfully
2026-01-04 13:26:42,754 - src.config.config_manager - INFO - Configuration saved successfully
2026-01-04 13:26:42,755 - src.config.config_manager - INFO - Configuration saved successfully
2026-01-04 13:26:48,737 - src.config.config_manager - INFO - Configuration saved successfully
2026-01-04 13:26:48,738 - src.config.config_manager - INFO - Configuration saved successfully
2026-01-04 13:26:52,755 - src.config.config_manager - INFO - Configuration saved successfully
2026-01-04 13:26:52,755 - src.config.config_manager - INFO - Configuration saved successfully
2026-01-04 13:26:57,755 - src.config.config_manager - INFO - Configuration saved successfully
2026-01-04 13:26:57,755 - src.config.config_manager - INFO - Configuration saved successfully
2026-01-04 13:27:02,753 - src.config.config_manager - INFO - Configuration saved successfully
2026-01-04 13:27:02,754 - src.config.config_manager - INFO - Configuration saved successfully
2026-01-04 13:27:07,754 - src.config.config_manager - INFO - Configuration saved successfully
2026-01-04 13:27:07,755 - src.config.config_manager - INFO - Configuration saved successfully
2026-01-04 13:27:12,754 - src.config.config_manager - INFO - Configuration saved successfully
2026-01-04 13:27:12,755 - src.config.config_manager - INFO - Configuration saved successfully
2026-01-04 13:27:18,919 - src.ui.panels.base_panel.library - INFO - Updated cell sizes: 590x442, icon: 412x412
2026-01-04 13:27:18,934 - src.config.config_manager - INFO - Configuration saved successfully
2026-01-04 13:27:22,676 - src.ui.panels.base_panel.library - INFO - Updated cell sizes: 282x211, icon: 181x181
2026-01-04 13:27:22,754 - src.config.config_manager - INFO - Configuration saved successfully
2026-01-04 13:27:22,754 - src.config.config_manager - INFO - Configuration saved successfully
2026-01-04 13:27:27,760 - src.config.config_manager - INFO - Configuration saved successfully
2026-01-04 13:27:27,761 - src.config.config_manager - INFO - Configuration saved successfully
2026-01-04 13:27:32,754 - src.config.config_manager - INFO - Configuration saved successfully
2026-01-04 13:27:32,755 - src.config.config_manager - INFO - Configuration saved successfully
2026-01-04 13:27:37,766 - src.config.config_manager - INFO - Configuration saved successfully
2026-01-04 13:27:37,767 - src.config.config_manager - INFO - Configuration saved successfully
2026-01-04 13:27:42,755 - src.config.config_manager - INFO - Configuration saved successfully
2026-01-04 13:27:42,756 - src.config.config_manager - INFO - Configuration saved successfully
2026-01-04 13:27:47,754 - src.config.config_manager - INFO - Configuration saved successfully
2026-01-04 13:27:47,761 - src.config.config_manager - INFO - Configuration saved successfully
2026-01-04 13:27:52,755 - src.config.config_manager - INFO - Configuration saved successfully
2026-01-04 13:27:52,755 - src.config.config_manager - INFO - Configuration saved successfully
2026-01-04 13:27:57,754 - src.config.config_manager - INFO - Configuration saved successfully
2026-01-04 13:27:57,755 - src.config.config_manager - INFO - Configuration saved successfully
2026-01-04 13:27:58,527 - src.config.config_manager - INFO - Configuration saved successfully
2026-01-04 13:27:58,527 - src.ui.main_window - INFO - Switched to panel: develop
2026-01-04 13:28:01,634 - src.config.config_manager - INFO - Configuration saved successfully
2026-01-04 13:28:01,634 - src.ui.main_window - INFO - Switched to panel: develop
2026-01-04 13:28:02,755 - src.config.config_manager - INFO - Configuration saved successfully
2026-01-04 13:28:02,755 - src.config.config_manager - INFO - Configuration saved successfully
2026-01-04 13:28:03,539 - src.config.config_manager - INFO - Configuration saved successfully
2026-01-04 13:28:03,539 - src.ui.main_window - INFO - Switched to panel: print
2026-01-04 13:28:04,901 - src.config.config_manager - INFO - Configuration saved successfully
2026-01-04 13:28:04,901 - src.ui.main_window - INFO - Switched to panel: slideshow
2026-01-04 13:28:06,047 - src.config.config_manager - INFO - Configuration saved successfully
2026-01-04 13:28:06,048 - src.ui.main_window - INFO - Switched to panel: website
2026-01-04 13:28:07,129 - src.config.config_manager - INFO - Configuration saved successfully
2026-01-04 13:28:07,129 - src.ui.main_window - INFO - Switched to panel: library
2026-01-04 13:28:07,754 - src.config.config_manager - INFO - Configuration saved successfully
2026-01-04 13:28:07,755 - src.config.config_manager - INFO - Configuration saved successfully
2026-01-04 13:28:12,755 - src.config.config_manager - INFO - Configuration saved successfully
2026-01-04 13:28:12,755 - src.config.config_manager - INFO - Configuration saved successfully
2026-01-04 13:28:17,754 - src.config.config_manager - INFO - Configuration saved successfully
2026-01-04 13:28:17,755 - src.config.config_manager - INFO - Configuration saved successfully
2026-01-04 13:28:22,754 - src.config.config_manager - INFO - Configuration saved successfully
2026-01-04 13:28:22,755 - src.config.config_manager - INFO - Configuration saved successfully
2026-01-04 13:28:27,754 - src.config.config_manager - INFO - Configuration saved successfully
2026-01-04 13:28:27,755 - src.config.config_manager - INFO - Configuration saved successfully
2026-01-04 13:28:32,754 - src.config.config_manager - INFO - Configuration saved successfully
2026-01-04 13:28:32,755 - src.config.config_manager - INFO - Configuration saved successfully
2026-01-04 13:28:34,056 - src.ui.panels.base_panel.library - INFO - Updated cell sizes: 283x212, icon: 182x182
2026-01-04 13:28:35,521 - src.ui.panels.base_panel.library - INFO - Updated cell sizes: 282x211, icon: 181x181
2026-01-04 13:28:37,853 - src.ui.panels.base_panel.library - INFO - Updated cell sizes: 283x212, icon: 182x182
2026-01-04 13:28:37,865 - src.config.config_manager - INFO - Configuration saved successfully
2026-01-04 13:28:37,866 - src.config.config_manager - INFO - Configuration saved successfully
2026-01-04 13:28:39,182 - src.ui.panels.base_panel.library - INFO - Updated cell sizes: 283x212, icon: 182x182
2026-01-04 13:28:42,754 - src.config.config_manager - INFO - Configuration saved successfully
2026-01-04 13:28:42,755 - src.config.config_manager - INFO - Configuration saved successfully
2026-01-04 13:28:47,754 - src.config.config_manager - INFO - Configuration saved successfully
2026-01-04 13:28:47,755 - src.config.config_manager - INFO - Configuration saved successfully
2026-01-04 13:28:52,763 - src.config.config_manager - INFO - Configuration saved successfully
2026-01-04 13:28:52,763 - src.config.config_manager - INFO - Configuration saved successfully
2026-01-04 13:28:55,066 - src.config.config_manager - INFO - Configuration saved successfully
2026-01-04 13:28:55,066 - src.config.config_manager - INFO - Configuration saved successfully
2026-01-04 13:28:55,067 - src.ui.main_window - INFO - Application closed
2026-01-04 13:30:30,175 - src.config.config_manager - INFO - Configuration loaded successfully
2026-01-04 13:30:30,181 - src.config.config_manager - INFO - Configuration loaded successfully
2026-01-04 13:30:30,217 - __main__ - ERROR - Failed to start application: 'LibraryPanel' object has no attribute '_on_resize_event'
2026-01-04 13:30:42,978 - src.config.config_manager - INFO - Configuration loaded successfully
2026-01-04 13:30:42,985 - src.config.config_manager - INFO - Configuration loaded successfully
2026-01-04 13:30:43,023 - src.config.config_manager - INFO - Configuration saved successfully
2026-01-04 13:30:43,023 - src.ui.main_window - INFO - Switched to panel: library
2026-01-04 13:30:43,073 - __main__ - INFO - Application started successfully
2026-01-04 13:30:47,775 - src.config.config_manager - INFO - Configuration saved successfully
2026-01-04 13:30:47,776 - src.config.config_manager - INFO - Configuration saved successfully
2026-01-04 13:30:52,754 - src.config.config_manager - INFO - Configuration saved successfully
2026-01-04 13:30:52,755 - src.config.config_manager - INFO - Configuration saved successfully
2026-01-04 13:30:57,754 - src.config.config_manager - INFO - Configuration saved successfully
2026-01-04 13:30:57,755 - src.config.config_manager - INFO - Configuration saved successfully
2026-01-04 13:31:02,753 - src.config.config_manager - INFO - Configuration saved successfully
2026-01-04 13:31:02,753 - src.config.config_manager - INFO - Configuration saved successfully
2026-01-04 13:31:07,756 - src.config.config_manager - INFO - Configuration saved successfully
2026-01-04 13:31:07,756 - src.config.config_manager - INFO - Configuration saved successfully
2026-01-04 13:31:12,753 - src.config.config_manager - INFO - Configuration saved successfully
2026-01-04 13:31:12,753 - src.config.config_manager - INFO - Configuration saved successfully
2026-01-04 13:31:18,162 - src.config.config_manager - INFO - Configuration saved successfully
2026-01-04 13:31:18,162 - src.config.config_manager - INFO - Configuration saved successfully
2026-01-04 13:31:22,753 - src.config.config_manager - INFO - Configuration saved successfully
2026-01-04 13:31:22,753 - src.config.config_manager - INFO - Configuration saved successfully
2026-01-04 13:31:27,753 - src.config.config_manager - INFO - Configuration saved successfully
2026-01-04 13:31:27,753 - src.config.config_manager - INFO - Configuration saved successfully
2026-01-04 13:31:32,754 - src.config.config_manager - INFO - Configuration saved successfully
2026-01-04 13:31:32,755 - src.config.config_manager - INFO - Configuration saved successfully
2026-01-04 13:31:37,754 - src.config.config_manager - INFO - Configuration saved successfully
2026-01-04 13:31:37,754 - src.config.config_manager - INFO - Configuration saved successfully
2026-01-04 13:31:42,754 - src.config.config_manager - INFO - Configuration saved successfully
2026-01-04 13:31:42,755 - src.config.config_manager - INFO - Configuration saved successfully
2026-01-04 13:31:47,753 - src.config.config_manager - INFO - Configuration saved successfully
2026-01-04 13:31:47,753 - src.config.config_manager - INFO - Configuration saved successfully
2026-01-04 13:31:52,753 - src.config.config_manager - INFO - Configuration saved successfully
2026-01-04 13:31:52,754 - src.config.config_manager - INFO - Configuration saved successfully
2026-01-04 13:31:57,754 - src.config.config_manager - INFO - Configuration saved successfully
2026-01-04 13:31:57,754 - src.config.config_manager - INFO - Configuration saved successfully
2026-01-04 13:32:02,753 - src.config.config_manager - INFO - Configuration saved successfully
2026-01-04 13:32:02,754 - src.config.config_manager - INFO - Configuration saved successfully
2026-01-04 13:32:07,753 - src.config.config_manager - INFO - Configuration saved successfully
2026-01-04 13:32:07,754 - src.config.config_manager - INFO - Configuration saved successfully
2026-01-04 13:32:12,753 - src.config.config_manager - INFO - Configuration saved successfully
2026-01-04 13:32:12,754 - src.config.config_manager - INFO - Configuration saved successfully
2026-01-04 13:32:17,753 - src.config.config_manager - INFO - Configuration saved successfully
2026-01-04 13:32:17,753 - src.config.config_manager - INFO - Configuration saved successfully
2026-01-04 13:32:22,753 - src.config.config_manager - INFO - Configuration saved successfully
2026-01-04 13:32:22,754 - src.config.config_manager - INFO - Configuration saved successfully
2026-01-04 13:32:27,753 - src.config.config_manager - INFO - Configuration saved successfully
2026-01-04 13:32:27,753 - src.config.config_manager - INFO - Configuration saved successfully
2026-01-04 13:32:32,753 - src.config.config_manager - INFO - Configuration saved successfully
2026-01-04 13:32:32,754 - src.config.config_manager - INFO - Configuration saved successfully
2026-01-04 13:32:37,753 - src.config.config_manager - INFO - Configuration saved successfully
2026-01-04 13:32:37,753 - src.config.config_manager - INFO - Configuration saved successfully
2026-01-04 13:32:42,754 - src.config.config_manager - INFO - Configuration saved successfully
2026-01-04 13:32:42,755 - src.config.config_manager - INFO - Configuration saved successfully
2026-01-04 13:32:47,754 - src.config.config_manager - INFO - Configuration saved successfully
2026-01-04 13:32:47,754 - src.config.config_manager - INFO - Configuration saved successfully
2026-01-04 13:32:52,754 - src.config.config_manager - INFO - Configuration saved successfully
2026-01-04 13:32:52,755 - src.config.config_manager - INFO - Configuration saved successfully
2026-01-04 13:32:57,753 - src.config.config_manager - INFO - Configuration saved successfully
2026-01-04 13:32:57,754 - src.config.config_manager - INFO - Configuration saved successfully
2026-01-04 13:33:02,754 - src.config.config_manager - INFO - Configuration saved successfully
2026-01-04 13:33:02,754 - src.config.config_manager - INFO - Configuration saved successfully
2026-01-04 13:33:07,754 - src.config.config_manager - INFO - Configuration saved successfully
2026-01-04 13:33:07,755 - src.config.config_manager - INFO - Configuration saved successfully
2026-01-04 13:33:12,754 - src.config.config_manager - INFO - Configuration saved successfully
2026-01-04 13:33:12,755 - src.config.config_manager - INFO - Configuration saved successfully
2026-01-04 13:33:17,752 - src.config.config_manager - INFO - Configuration saved successfully
2026-01-04 13:33:17,753 - src.config.config_manager - INFO - Configuration saved successfully
2026-01-04 13:33:22,753 - src.config.config_manager - INFO - Configuration saved successfully
2026-01-04 13:33:22,753 - src.config.config_manager - INFO - Configuration saved successfully
2026-01-04 13:33:27,753 - src.config.config_manager - INFO - Configuration saved successfully
2026-01-04 13:33:27,753 - src.config.config_manager - INFO - Configuration saved successfully
2026-01-04 13:33:32,753 - src.config.config_manager - INFO - Configuration saved successfully
2026-01-04 13:33:32,754 - src.config.config_manager - INFO - Configuration saved successfully
2026-01-04 13:33:37,753 - src.config.config_manager - INFO - Configuration saved successfully
2026-01-04 13:33:37,754 - src.config.config_manager - INFO - Configuration saved successfully
2026-01-04 13:33:42,754 - src.config.config_manager - INFO - Configuration saved successfully
2026-01-04 13:33:42,754 - src.config.config_manager - INFO - Configuration saved successfully
2026-01-04 13:33:47,754 - src.config.config_manager - INFO - Configuration saved successfully
2026-01-04 13:33:47,754 - src.config.config_manager - INFO - Configuration saved successfully
2026-01-04 13:33:52,754 - src.config.config_manager - INFO - Configuration saved successfully
2026-01-04 13:33:52,755 - src.config.config_manager - INFO - Configuration saved successfully
2026-01-04 13:33:57,754 - src.config.config_manager - INFO - Configuration saved successfully
2026-01-04 13:33:57,755 - src.config.config_manager - INFO - Configuration saved successfully
2026-01-04 13:34:02,753 - src.config.config_manager - INFO - Configuration saved successfully
2026-01-04 13:34:02,754 - src.config.config_manager - INFO - Configuration saved successfully
2026-01-04 13:34:04,185 - src.config.config_manager - INFO - Configuration saved successfully
2026-01-04 13:34:04,186 - src.config.config_manager - INFO - Configuration saved successfully
2026-01-04 13:34:04,186 - src.ui.main_window - INFO - Application closed
2026-01-04 13:34:49,509 - src.config.config_manager - INFO - Configuration loaded successfully
2026-01-04 13:34:49,514 - src.config.config_manager - INFO - Configuration loaded successfully
2026-01-04 13:34:49,551 - src.config.config_manager - INFO - Configuration saved successfully
2026-01-04 13:34:49,551 - src.ui.main_window - INFO - Switched to panel: library
2026-01-04 13:34:49,597 - __main__ - INFO - Application started successfully
2026-01-04 13:34:55,493 - src.ui.panels.base_panel.library - INFO - Updated cell sizes: 282x211, icon: 181x181
2026-01-04 13:34:55,497 - src.config.config_manager - INFO - Configuration saved successfully
2026-01-04 13:34:55,497 - src.config.config_manager - INFO - Configuration saved successfully
2026-01-04 13:34:59,754 - src.config.config_manager - INFO - Configuration saved successfully
2026-01-04 13:34:59,754 - src.config.config_manager - INFO - Configuration saved successfully
2026-01-04 13:35:04,753 - src.config.config_manager - INFO - Configuration saved successfully
2026-01-04 13:35:04,753 - src.config.config_manager - INFO - Configuration saved successfully
2026-01-04 13:35:09,753 - src.config.config_manager - INFO - Configuration saved successfully
2026-01-04 13:35:09,753 - src.config.config_manager - INFO - Configuration saved successfully
2026-01-04 13:35:14,754 - src.config.config_manager - INFO - Configuration saved successfully
2026-01-04 13:35:14,754 - src.config.config_manager - INFO - Configuration saved successfully
2026-01-04 13:35:19,752 - src.config.config_manager - INFO - Configuration saved successfully
2026-01-04 13:35:19,753 - src.config.config_manager - INFO - Configuration saved successfully
2026-01-04 13:35:24,752 - src.config.config_manager - INFO - Configuration saved successfully
2026-01-04 13:35:24,753 - src.config.config_manager - INFO - Configuration saved successfully
2026-01-04 13:35:29,753 - src.config.config_manager - INFO - Configuration saved successfully
2026-01-04 13:35:29,754 - src.config.config_manager - INFO - Configuration saved successfully
2026-01-04 13:35:34,752 - src.config.config_manager - INFO - Configuration saved successfully
2026-01-04 13:35:34,753 - src.config.config_manager - INFO - Configuration saved successfully
2026-01-04 13:35:39,753 - src.config.config_manager - INFO - Configuration saved successfully
2026-01-04 13:35:39,754 - src.config.config_manager - INFO - Configuration saved successfully
2026-01-04 13:35:44,753 - src.config.config_manager - INFO - Configuration saved successfully
2026-01-04 13:35:44,753 - src.config.config_manager - INFO - Configuration saved successfully
2026-01-04 13:35:49,753 - src.config.config_manager - INFO - Configuration saved successfully
2026-01-04 13:35:49,754 - src.config.config_manager - INFO - Configuration saved successfully
2026-01-04 13:35:54,753 - src.config.config_manager - INFO - Configuration saved successfully
2026-01-04 13:35:54,753 - src.config.config_manager - INFO - Configuration saved successfully
2026-01-04 13:35:59,753 - src.config.config_manager - INFO - Configuration saved successfully
2026-01-04 13:35:59,754 - src.config.config_manager - INFO - Configuration saved successfully
2026-01-04 13:36:04,753 - src.config.config_manager - INFO - Configuration saved successfully
2026-01-04 13:36:04,753 - src.config.config_manager - INFO - Configuration saved successfully
2026-01-04 13:36:09,752 - src.config.config_manager - INFO - Configuration saved successfully
2026-01-04 13:36:09,753 - src.config.config_manager - INFO - Configuration saved successfully
2026-01-04 13:36:14,753 - src.config.config_manager - INFO - Configuration saved successfully
2026-01-04 13:36:14,754 - src.config.config_manager - INFO - Configuration saved successfully
2026-01-04 13:36:17,848 - src.config.config_manager - INFO - Configuration saved successfully
2026-01-04 13:36:17,849 - src.config.config_manager - INFO - Configuration saved successfully
2026-01-04 13:36:17,849 - src.ui.main_window - INFO - Application closed
2026-01-04 13:38:51,669 - src.config.config_manager - INFO - Configuration loaded successfully
2026-01-04 13:38:51,674 - src.config.config_manager - INFO - Configuration loaded successfully
2026-01-04 13:38:51,714 - src.config.config_manager - INFO - Configuration saved successfully
2026-01-04 13:38:51,714 - src.ui.main_window - INFO - Switched to panel: library
2026-01-04 13:38:51,757 - __main__ - INFO - Application started successfully
2026-01-04 13:38:57,490 - src.ui.panels.base_panel.library - INFO - Updated cell sizes: 282x211, icon: 181x181
2026-01-04 13:38:57,495 - src.config.config_manager - INFO - Configuration saved successfully
2026-01-04 13:38:57,496 - src.config.config_manager - INFO - Configuration saved successfully
2026-01-04 13:39:01,753 - src.config.config_manager - INFO - Configuration saved successfully
2026-01-04 13:39:01,754 - src.config.config_manager - INFO - Configuration saved successfully
2026-01-04 13:39:06,809 - src.ui.panels.base_panel.library - INFO - Updated cell sizes: 283x212, icon: 182x182
2026-01-04 13:39:06,812 - src.config.config_manager - INFO - Configuration saved successfully
2026-01-04 13:39:06,813 - src.config.config_manager - INFO - Configuration saved successfully
2026-01-04 13:39:07,750 - src.ui.panels.base_panel.library - INFO - Updated cell sizes: 283x212, icon: 182x182
2026-01-04 13:39:08,976 - src.ui.panels.base_panel.library - INFO - Updated cell sizes: 283x212, icon: 182x182
2026-01-04 13:39:10,058 - src.ui.panels.base_panel.library - INFO - Updated cell sizes: 282x211, icon: 181x181
2026-01-04 13:39:10,910 - src.ui.panels.base_panel.library - INFO - Updated cell sizes: 282x211, icon: 181x181
2026-01-04 13:39:11,753 - src.config.config_manager - INFO - Configuration saved successfully
2026-01-04 13:39:11,754 - src.config.config_manager - INFO - Configuration saved successfully
2026-01-04 13:39:16,754 - src.config.config_manager - INFO - Configuration saved successfully
2026-01-04 13:39:16,755 - src.config.config_manager - INFO - Configuration saved successfully
2026-01-04 13:39:21,754 - src.config.config_manager - INFO - Configuration saved successfully
2026-01-04 13:39:21,755 - src.config.config_manager - INFO - Configuration saved successfully
2026-01-04 13:39:26,754 - src.config.config_manager - INFO - Configuration saved successfully
2026-01-04 13:39:26,754 - src.config.config_manager - INFO - Configuration saved successfully
2026-01-04 13:39:30,025 - src.config.config_manager - INFO - Configuration saved successfully
2026-01-04 13:39:30,026 - src.config.config_manager - INFO - Configuration saved successfully
2026-01-04 13:39:30,026 - src.ui.main_window - INFO - Application closed
2026-01-04 13:40:35,942 - src.config.config_manager - INFO - Configuration loaded successfully
2026-01-04 13:40:35,948 - src.config.config_manager - INFO - Configuration loaded successfully
2026-01-04 13:40:35,988 - src.config.config_manager - INFO - Configuration saved successfully
2026-01-04 13:40:35,988 - src.ui.main_window - INFO - Switched to panel: library
2026-01-04 13:40:36,031 - __main__ - INFO - Application started successfully
2026-01-04 13:40:41,719 - src.ui.panels.base_panel.library - INFO - Updated cell sizes: 282x338, icon: 280x280
2026-01-04 13:40:41,723 - src.config.config_manager - INFO - Configuration saved successfully
2026-01-04 13:40:41,724 - src.config.config_manager - INFO - Configuration saved successfully
2026-01-04 13:40:45,752 - src.config.config_manager - INFO - Configuration saved successfully
2026-01-04 13:40:45,753 - src.config.config_manager - INFO - Configuration saved successfully
2026-01-04 13:40:50,753 - src.config.config_manager - INFO - Configuration saved successfully
2026-01-04 13:40:50,754 - src.config.config_manager - INFO - Configuration saved successfully
2026-01-04 13:40:55,752 - src.config.config_manager - INFO - Configuration saved successfully
2026-01-04 13:40:55,753 - src.config.config_manager - INFO - Configuration saved successfully
2026-01-04 13:41:00,755 - src.config.config_manager - INFO - Configuration saved successfully
2026-01-04 13:41:00,755 - src.config.config_manager - INFO - Configuration saved successfully
2026-01-04 13:41:05,753 - src.config.config_manager - INFO - Configuration saved successfully
2026-01-04 13:41:05,753 - src.config.config_manager - INFO - Configuration saved successfully
2026-01-04 13:41:10,755 - src.config.config_manager - INFO - Configuration saved successfully
2026-01-04 13:41:10,755 - src.config.config_manager - INFO - Configuration saved successfully
2026-01-04 13:41:15,753 - src.config.config_manager - INFO - Configuration saved successfully
2026-01-04 13:41:15,755 - src.config.config_manager - INFO - Configuration saved successfully
2026-01-04 13:41:20,752 - src.config.config_manager - INFO - Configuration saved successfully
2026-01-04 13:41:20,753 - src.config.config_manager - INFO - Configuration saved successfully
2026-01-04 13:41:25,752 - src.config.config_manager - INFO - Configuration saved successfully
2026-01-04 13:41:25,752 - src.config.config_manager - INFO - Configuration saved successfully
2026-01-04 13:41:30,753 - src.config.config_manager - INFO - Configuration saved successfully
2026-01-04 13:41:30,753 - src.config.config_manager - INFO - Configuration saved successfully
2026-01-04 13:41:35,752 - src.config.config_manager - INFO - Configuration saved successfully
2026-01-04 13:41:35,752 - src.config.config_manager - INFO - Configuration saved successfully
2026-01-04 13:41:40,753 - src.config.config_manager - INFO - Configuration saved successfully
2026-01-04 13:41:40,753 - src.config.config_manager - INFO - Configuration saved successfully
2026-01-04 13:41:45,752 - src.config.config_manager - INFO - Configuration saved successfully
2026-01-04 13:41:45,753 - src.config.config_manager - INFO - Configuration saved successfully
2026-01-04 13:41:50,753 - src.config.config_manager - INFO - Configuration saved successfully
2026-01-04 13:41:50,753 - src.config.config_manager - INFO - Configuration saved successfully
2026-01-04 13:41:53,667 - src.config.config_manager - INFO - Configuration saved successfully
2026-01-04 13:41:53,668 - src.config.config_manager - INFO - Configuration saved successfully
2026-01-04 13:41:53,668 - src.ui.main_window - INFO - Application closed
2026-01-04 13:43:45,792 - src.config.config_manager - INFO - Configuration loaded successfully
2026-01-04 13:43:45,798 - src.config.config_manager - INFO - Configuration loaded successfully
2026-01-04 13:43:45,836 - src.config.config_manager - INFO - Configuration saved successfully
2026-01-04 13:43:45,836 - src.ui.main_window - INFO - Switched to panel: library
2026-01-04 13:43:45,888 - __main__ - INFO - Application started successfully
2026-01-04 13:43:50,911 - src.ui.panels.base_panel.library - INFO - Updated cell sizes: 282x338, icon: 260x260
2026-01-04 13:43:50,915 - src.config.config_manager - INFO - Configuration saved successfully
2026-01-04 13:43:50,915 - src.config.config_manager - INFO - Configuration saved successfully
2026-01-04 13:43:55,752 - src.config.config_manager - INFO - Configuration saved successfully
2026-01-04 13:43:55,752 - src.config.config_manager - INFO - Configuration saved successfully
2026-01-04 13:44:00,751 - src.config.config_manager - INFO - Configuration saved successfully
2026-01-04 13:44:00,752 - src.config.config_manager - INFO - Configuration saved successfully
2026-01-04 13:44:07,634 - src.ui.panels.base_panel.library - INFO - Updated cell sizes: 282x338, icon: 260x260
2026-01-04 13:44:07,652 - src.config.config_manager - INFO - Configuration saved successfully
2026-01-04 13:44:07,652 - src.config.config_manager - INFO - Configuration saved successfully
2026-01-04 13:44:10,751 - src.config.config_manager - INFO - Configuration saved successfully
2026-01-04 13:44:10,752 - src.config.config_manager - INFO - Configuration saved successfully
2026-01-04 13:44:15,753 - src.config.config_manager - INFO - Configuration saved successfully
2026-01-04 13:44:15,753 - src.config.config_manager - INFO - Configuration saved successfully
2026-01-04 13:44:20,751 - src.config.config_manager - INFO - Configuration saved successfully
2026-01-04 13:44:20,752 - src.config.config_manager - INFO - Configuration saved successfully
2026-01-04 13:44:25,751 - src.config.config_manager - INFO - Configuration saved successfully
2026-01-04 13:44:25,751 - src.config.config_manager - INFO - Configuration saved successfully
2026-01-04 13:44:30,752 - src.config.config_manager - INFO - Configuration saved successfully
2026-01-04 13:44:30,752 - src.config.config_manager - INFO - Configuration saved successfully
2026-01-04 13:44:35,751 - src.config.config_manager - INFO - Configuration saved successfully
2026-01-04 13:44:35,752 - src.config.config_manager - INFO - Configuration saved successfully
2026-01-04 13:44:40,759 - src.config.config_manager - INFO - Configuration saved successfully
2026-01-04 13:44:40,759 - src.config.config_manager - INFO - Configuration saved successfully
2026-01-04 13:44:45,752 - src.config.config_manager - INFO - Configuration saved successfully
2026-01-04 13:44:45,752 - src.config.config_manager - INFO - Configuration saved successfully
2026-01-04 13:44:50,751 - src.config.config_manager - INFO - Configuration saved successfully
2026-01-04 13:44:50,752 - src.config.config_manager - INFO - Configuration saved successfully
2026-01-04 13:44:55,751 - src.config.config_manager - INFO - Configuration saved successfully
2026-01-04 13:44:55,751 - src.config.config_manager - INFO - Configuration saved successfully
2026-01-04 13:45:00,751 - src.config.config_manager - INFO - Configuration saved successfully
2026-01-04 13:45:00,752 - src.config.config_manager - INFO - Configuration saved successfully
2026-01-04 13:45:05,752 - src.config.config_manager - INFO - Configuration saved successfully
2026-01-04 13:45:05,753 - src.config.config_manager - INFO - Configuration saved successfully
2026-01-04 13:45:10,751 - src.config.config_manager - INFO - Configuration saved successfully
2026-01-04 13:45:10,752 - src.config.config_manager - INFO - Configuration saved successfully
2026-01-04 13:45:15,752 - src.config.config_manager - INFO - Configuration saved successfully
2026-01-04 13:45:15,752 - src.config.config_manager - INFO - Configuration saved successfully
2026-01-04 13:45:20,151 - src.config.config_manager - INFO - Configuration saved successfully
2026-01-04 13:45:20,151 - src.config.config_manager - INFO - Configuration saved successfully
2026-01-04 13:45:20,151 - src.ui.main_window - INFO - Application closed
2026-01-04 14:24:31,444 - src.config.config_manager - INFO - Configuration loaded successfully
2026-01-04 14:24:31,460 - src.config.config_manager - INFO - Configuration loaded successfully
2026-01-04 14:24:31,508 - src.config.config_manager - INFO - Configuration saved successfully
2026-01-04 14:24:31,508 - src.ui.main_window - INFO - Switched to panel: library
2026-01-04 14:24:31,560 - __main__ - INFO - Application started successfully
2026-01-04 14:24:37,122 - src.ui.panels.base_panel.library - INFO - Updated cell sizes: 282x338, icon: 260x260
2026-01-04 14:24:37,127 - src.config.config_manager - INFO - Configuration saved successfully
2026-01-04 14:24:37,127 - src.config.config_manager - INFO - Configuration saved successfully
2026-01-04 14:24:41,749 - src.config.config_manager - INFO - Configuration saved successfully
2026-01-04 14:24:41,750 - src.config.config_manager - INFO - Configuration saved successfully
2026-01-04 14:24:46,748 - src.config.config_manager - INFO - Configuration saved successfully
2026-01-04 14:24:46,749 - src.config.config_manager - INFO - Configuration saved successfully
2026-01-04 14:24:47,502 - src.config.config_manager - INFO - Configuration saved successfully
2026-01-04 14:24:47,503 - src.config.config_manager - INFO - Configuration saved successfully
2026-01-04 14:24:47,503 - src.ui.main_window - INFO - Application closed
2026-01-04 14:25:31,981 - src.config.config_manager - INFO - Configuration loaded successfully
2026-01-04 14:25:31,987 - src.config.config_manager - INFO - Configuration loaded successfully
2026-01-04 14:25:32,021 - src.config.config_manager - INFO - Configuration saved successfully
2026-01-04 14:25:32,021 - src.ui.main_window - INFO - Switched to panel: library
2026-01-04 14:25:32,064 - __main__ - INFO - Application started successfully
2026-01-04 14:25:36,671 - src.ui.panels.base_panel.library - INFO - Updated cell sizes: 282x338, icon: 260x260
2026-01-04 14:25:36,773 - src.config.config_manager - INFO - Configuration saved successfully
2026-01-04 14:25:36,773 - src.config.config_manager - INFO - Configuration saved successfully
2026-01-04 14:25:41,749 - src.config.config_manager - INFO - Configuration saved successfully
2026-01-04 14:25:41,750 - src.config.config_manager - INFO - Configuration saved successfully
2026-01-04 14:25:45,973 - src.config.config_manager - INFO - Configuration saved successfully
2026-01-04 14:25:45,974 - src.config.config_manager - INFO - Configuration saved successfully
2026-01-04 14:25:45,974 - src.ui.main_window - INFO - Application closed
2026-01-04 14:26:11,028 - src.config.config_manager - INFO - Configuration loaded successfully
2026-01-04 14:26:11,034 - src.config.config_manager - INFO - Configuration loaded successfully
2026-01-04 14:26:11,071 - src.config.config_manager - INFO - Configuration saved successfully
2026-01-04 14:26:11,071 - src.ui.main_window - INFO - Switched to panel: library
2026-01-04 14:26:11,122 - __main__ - INFO - Application started successfully
2026-01-04 14:26:16,263 - src.ui.panels.base_panel.library - INFO - Updated cell sizes: 282x338, icon: 260x260
2026-01-04 14:26:16,268 - src.config.config_manager - INFO - Configuration saved successfully
2026-01-04 14:26:16,268 - src.config.config_manager - INFO - Configuration saved successfully
2026-01-04 14:26:20,749 - src.config.config_manager - INFO - Configuration saved successfully
2026-01-04 14:26:20,750 - src.config.config_manager - INFO - Configuration saved successfully
2026-01-04 14:26:25,749 - src.config.config_manager - INFO - Configuration saved successfully
2026-01-04 14:26:25,749 - src.config.config_manager - INFO - Configuration saved successfully
2026-01-04 14:26:28,855 - src.config.config_manager - INFO - Configuration saved successfully
2026-01-04 14:26:28,855 - src.config.config_manager - INFO - Configuration saved successfully
2026-01-04 14:26:28,855 - src.ui.main_window - INFO - Application closed
2026-01-04 14:27:06,376 - src.config.config_manager - INFO - Configuration loaded successfully
2026-01-04 14:27:06,382 - src.config.config_manager - INFO - Configuration loaded successfully
2026-01-04 14:27:06,419 - src.config.config_manager - INFO - Configuration saved successfully
2026-01-04 14:27:06,419 - src.ui.main_window - INFO - Switched to panel: library
2026-01-04 14:27:06,467 - __main__ - INFO - Application started successfully
2026-01-04 14:27:10,994 - src.ui.panels.base_panel.library - INFO - Updated cell sizes: 282x338, icon: 260x260
2026-01-04 14:27:11,671 - src.config.config_manager - INFO - Configuration saved successfully
2026-01-04 14:27:11,671 - src.config.config_manager - INFO - Configuration saved successfully
2026-01-04 14:27:16,749 - src.config.config_manager - INFO - Configuration saved successfully
2026-01-04 14:27:16,749 - src.config.config_manager - INFO - Configuration saved successfully
2026-01-04 14:27:21,749 - src.config.config_manager - INFO - Configuration saved successfully
2026-01-04 14:27:21,750 - src.config.config_manager - INFO - Configuration saved successfully
2026-01-04 14:27:23,400 - src.ui.panels.base_panel.library - INFO - Updated cell sizes: 283x339, icon: 261x261
2026-01-04 14:27:24,479 - src.ui.panels.base_panel.library - INFO - Updated cell sizes: 282x338, icon: 260x260
2026-01-04 14:27:25,326 - src.ui.panels.base_panel.library - INFO - Updated cell sizes: 282x338, icon: 260x260
2026-01-04 14:27:26,428 - src.ui.panels.base_panel.library - INFO - Updated cell sizes: 283x339, icon: 261x261
2026-01-04 14:27:26,749 - src.config.config_manager - INFO - Configuration saved successfully
2026-01-04 14:27:26,749 - src.config.config_manager - INFO - Configuration saved successfully
2026-01-04 14:27:31,748 - src.config.config_manager - INFO - Configuration saved successfully
2026-01-04 14:27:31,749 - src.config.config_manager - INFO - Configuration saved successfully
2026-01-04 14:27:35,439 - src.ui.panels.base_panel.library - INFO - Updated cell sizes: 283x339, icon: 261x261
2026-01-04 14:27:36,749 - src.config.config_manager - INFO - Configuration saved successfully
2026-01-04 14:27:36,749 - src.config.config_manager - INFO - Configuration saved successfully
2026-01-04 14:27:41,749 - src.config.config_manager - INFO - Configuration saved successfully
2026-01-04 14:27:41,750 - src.config.config_manager - INFO - Configuration saved successfully
2026-01-04 14:27:46,582 - src.ui.panels.base_panel.library - INFO - Updated cell sizes: 284x340, icon: 262x262
2026-01-04 14:27:48,067 - src.ui.panels.base_panel.library - INFO - Updated cell sizes: 286x343, icon: 264x264
2026-01-04 14:27:48,079 - src.config.config_manager - INFO - Configuration saved successfully
2026-01-04 14:27:48,080 - src.config.config_manager - INFO - Configuration saved successfully
2026-01-04 14:27:49,544 - src.ui.panels.base_panel.library - INFO - Updated cell sizes: 287x344, icon: 265x265
2026-01-04 14:27:51,749 - src.config.config_manager - INFO - Configuration saved successfully
2026-01-04 14:27:51,749 - src.config.config_manager - INFO - Configuration saved successfully
2026-01-04 14:27:56,749 - src.config.config_manager - INFO - Configuration saved successfully
2026-01-04 14:27:56,750 - src.config.config_manager - INFO - Configuration saved successfully
2026-01-04 14:28:01,428 - src.ui.panels.base_panel.library - INFO - Updated cell sizes: 297x356, icon: 275x275
2026-01-04 14:28:02,920 - src.ui.panels.base_panel.library - INFO - Updated cell sizes: 300x360, icon: 278x278
2026-01-04 14:28:02,932 - src.config.config_manager - INFO - Configuration saved successfully
2026-01-04 14:28:02,932 - src.config.config_manager - INFO - Configuration saved successfully
2026-01-04 14:28:06,749 - src.config.config_manager - INFO - Configuration saved successfully
2026-01-04 14:28:06,750 - src.config.config_manager - INFO - Configuration saved successfully
2026-01-04 14:28:11,748 - src.config.config_manager - INFO - Configuration saved successfully
2026-01-04 14:28:11,749 - src.config.config_manager - INFO - Configuration saved successfully
2026-01-04 14:28:16,035 - src.config.config_manager - INFO - Configuration saved successfully
2026-01-04 14:28:16,036 - src.config.config_manager - INFO - Configuration saved successfully
2026-01-04 14:28:16,036 - src.ui.main_window - INFO - Application closed
2026-01-04 14:31:01,713 - src.config.config_manager - INFO - Configuration loaded successfully
2026-01-04 14:31:01,719 - src.config.config_manager - INFO - Configuration loaded successfully
2026-01-04 14:31:01,756 - src.config.config_manager - INFO - Configuration saved successfully
2026-01-04 14:31:01,756 - src.ui.main_window - INFO - Switched to panel: library
2026-01-04 14:31:01,803 - __main__ - INFO - Application started successfully
2026-01-04 14:31:07,237 - src.ui.panels.base_panel.library - INFO - Updated cell sizes: 282x338, icon: 260x260
2026-01-04 14:31:07,245 - src.config.config_manager - INFO - Configuration saved successfully
2026-01-04 14:31:07,245 - src.config.config_manager - INFO - Configuration saved successfully
2026-01-04 14:31:13,861 - src.ui.panels.base_panel.library - INFO - Updated cell sizes: 282x338, icon: 260x260
2026-01-04 14:31:13,881 - src.config.config_manager - INFO - Configuration saved successfully
2026-01-04 14:31:13,881 - src.config.config_manager - INFO - Configuration saved successfully
2026-01-04 14:31:16,748 - src.config.config_manager - INFO - Configuration saved successfully
2026-01-04 14:31:16,749 - src.config.config_manager - INFO - Configuration saved successfully
2026-01-04 14:31:21,748 - src.config.config_manager - INFO - Configuration saved successfully
2026-01-04 14:31:21,749 - src.config.config_manager - INFO - Configuration saved successfully
2026-01-04 14:31:26,749 - src.config.config_manager - INFO - Configuration saved successfully
2026-01-04 14:31:26,750 - src.config.config_manager - INFO - Configuration saved successfully
2026-01-04 14:31:29,528 - src.config.config_manager - INFO - Configuration saved successfully
2026-01-04 14:31:29,528 - src.config.config_manager - INFO - Configuration saved successfully
2026-01-04 14:31:29,528 - src.ui.main_window - INFO - Application closed
2026-01-04 14:32:20,625 - src.config.config_manager - INFO - Configuration loaded successfully
2026-01-04 14:32:20,631 - src.config.config_manager - INFO - Configuration loaded successfully
2026-01-04 14:32:20,671 - src.config.config_manager - INFO - Configuration saved successfully
2026-01-04 14:32:20,671 - src.ui.main_window - INFO - Switched to panel: library
2026-01-04 14:32:20,719 - __main__ - INFO - Application started successfully
2026-01-04 14:32:26,326 - src.ui.panels.base_panel.library - INFO - Updated cell sizes: 282x338, icon: 260x260
2026-01-04 14:32:26,330 - src.config.config_manager - INFO - Configuration saved successfully
2026-01-04 14:32:26,331 - src.config.config_manager - INFO - Configuration saved successfully
2026-01-04 14:32:30,748 - src.config.config_manager - INFO - Configuration saved successfully
2026-01-04 14:32:30,749 - src.config.config_manager - INFO - Configuration saved successfully
2026-01-04 14:32:35,749 - src.config.config_manager - INFO - Configuration saved successfully
2026-01-04 14:32:35,749 - src.config.config_manager - INFO - Configuration saved successfully
2026-01-04 14:32:40,748 - src.config.config_manager - INFO - Configuration saved successfully
2026-01-04 14:32:40,749 - src.config.config_manager - INFO - Configuration saved successfully
2026-01-04 14:32:44,375 - src.ui.panels.base_panel.library - INFO - Updated cell sizes: 290x348, icon: 268x268
2026-01-04 14:32:45,231 - src.ui.panels.base_panel.library - INFO - Updated cell sizes: 292x350, icon: 270x270
2026-01-04 14:32:45,749 - src.config.config_manager - INFO - Configuration saved successfully
2026-01-04 14:32:45,750 - src.config.config_manager - INFO - Configuration saved successfully
2026-01-04 14:32:53,414 - src.ui.panels.base_panel.library - INFO - Updated cell sizes: 292x350, icon: 270x270
2026-01-04 14:32:53,433 - src.config.config_manager - INFO - Configuration saved successfully
2026-01-04 14:32:53,433 - src.config.config_manager - INFO - Configuration saved successfully
2026-01-04 14:32:55,748 - src.config.config_manager - INFO - Configuration saved successfully
2026-01-04 14:32:55,749 - src.config.config_manager - INFO - Configuration saved successfully
2026-01-04 14:33:00,748 - src.config.config_manager - INFO - Configuration saved successfully
2026-01-04 14:33:00,749 - src.config.config_manager - INFO - Configuration saved successfully
2026-01-04 14:33:05,748 - src.config.config_manager - INFO - Configuration saved successfully
2026-01-04 14:33:05,748 - src.config.config_manager - INFO - Configuration saved successfully
2026-01-04 14:33:10,748 - src.config.config_manager - INFO - Configuration saved successfully
2026-01-04 14:33:10,749 - src.config.config_manager - INFO - Configuration saved successfully
2026-01-04 14:33:15,748 - src.config.config_manager - INFO - Configuration saved successfully
2026-01-04 14:33:15,750 - src.config.config_manager - INFO - Configuration saved successfully
2026-01-04 14:33:20,749 - src.config.config_manager - INFO - Configuration saved successfully
2026-01-04 14:33:20,749 - src.config.config_manager - INFO - Configuration saved successfully
2026-01-04 14:33:25,751 - src.config.config_manager - INFO - Configuration saved successfully
2026-01-04 14:33:25,751 - src.config.config_manager - INFO - Configuration saved successfully
2026-01-04 14:33:29,979 - src.config.config_manager - INFO - Configuration saved successfully
2026-01-04 14:33:29,980 - src.config.config_manager - INFO - Configuration saved successfully
2026-01-04 14:33:29,980 - src.ui.main_window - INFO - Application closed
2026-01-04 14:35:09,986 - src.config.config_manager - INFO - Configuration loaded successfully
2026-01-04 14:35:09,992 - src.config.config_manager - INFO - Configuration loaded successfully
2026-01-04 14:35:10,030 - src.config.config_manager - INFO - Configuration saved successfully
2026-01-04 14:35:10,030 - src.ui.main_window - INFO - Switched to panel: library
2026-01-04 14:35:10,078 - __main__ - INFO - Application started successfully
2026-01-04 14:35:16,059 - src.ui.panels.base_panel.library - INFO - Updated cell sizes: 282x338, icon: 260x260
2026-01-04 14:35:16,064 - src.config.config_manager - INFO - Configuration saved successfully
2026-01-04 14:35:16,064 - src.config.config_manager - INFO - Configuration saved successfully
2026-01-04 14:35:19,748 - src.config.config_manager - INFO - Configuration saved successfully
2026-01-04 14:35:19,748 - src.config.config_manager - INFO - Configuration saved successfully
2026-01-04 14:35:24,748 - src.config.config_manager - INFO - Configuration saved successfully
2026-01-04 14:35:24,748 - src.config.config_manager - INFO - Configuration saved successfully
2026-01-04 14:35:29,748 - src.config.config_manager - INFO - Configuration saved successfully
2026-01-04 14:35:29,749 - src.config.config_manager - INFO - Configuration saved successfully
2026-01-04 14:35:30,992 - src.config.config_manager - INFO - Configuration saved successfully
2026-01-04 14:35:30,992 - src.config.config_manager - INFO - Configuration saved successfully
2026-01-04 14:35:30,992 - src.ui.main_window - INFO - Application closed
2026-01-04 14:36:38,913 - src.config.config_manager - INFO - Configuration loaded successfully
2026-01-04 14:36:38,920 - src.config.config_manager - INFO - Configuration loaded successfully
2026-01-04 14:36:38,958 - src.config.config_manager - INFO - Configuration saved successfully
2026-01-04 14:36:38,958 - src.ui.main_window - INFO - Switched to panel: library
2026-01-04 14:36:39,002 - __main__ - INFO - Application started successfully
2026-01-04 14:36:44,421 - src.ui.panels.base_panel.library - INFO - Updated cell sizes: 282x338, icon: 260x260
2026-01-04 14:36:44,436 - src.config.config_manager - INFO - Configuration saved successfully
2026-01-04 14:36:44,437 - src.config.config_manager - INFO - Configuration saved successfully
2026-01-04 14:36:48,749 - src.config.config_manager - INFO - Configuration saved successfully
2026-01-04 14:36:48,750 - src.config.config_manager - INFO - Configuration saved successfully
2026-01-04 14:36:53,748 - src.config.config_manager - INFO - Configuration saved successfully
2026-01-04 14:36:53,749 - src.config.config_manager - INFO - Configuration saved successfully
2026-01-04 14:36:58,748 - src.config.config_manager - INFO - Configuration saved successfully
2026-01-04 14:36:58,749 - src.config.config_manager - INFO - Configuration saved successfully
2026-01-04 14:37:03,748 - src.config.config_manager - INFO - Configuration saved successfully
2026-01-04 14:37:03,749 - src.config.config_manager - INFO - Configuration saved successfully
2026-01-04 14:37:08,595 - src.config.config_manager - INFO - Configuration saved successfully
2026-01-04 14:37:08,596 - src.config.config_manager - INFO - Configuration saved successfully
2026-01-04 14:37:08,596 - src.ui.main_window - INFO - Application closed
2026-01-04 14:37:54,182 - src.config.config_manager - INFO - Configuration loaded successfully
2026-01-04 14:37:54,189 - src.config.config_manager - INFO - Configuration loaded successfully
2026-01-04 14:37:54,227 - src.config.config_manager - INFO - Configuration saved successfully
2026-01-04 14:37:54,227 - src.ui.main_window - INFO - Switched to panel: library
2026-01-04 14:37:54,272 - __main__ - INFO - Application started successfully
2026-01-04 14:37:59,242 - src.ui.panels.base_panel.library - INFO - Updated cell sizes: 282x338, icon: 260x260
2026-01-04 14:37:59,258 - src.config.config_manager - INFO - Configuration saved successfully
2026-01-04 14:37:59,259 - src.config.config_manager - INFO - Configuration saved successfully
2026-01-04 14:38:03,749 - src.config.config_manager - INFO - Configuration saved successfully
2026-01-04 14:38:03,749 - src.config.config_manager - INFO - Configuration saved successfully
2026-01-04 14:38:08,748 - src.config.config_manager - INFO - Configuration saved successfully
2026-01-04 14:38:08,749 - src.config.config_manager - INFO - Configuration saved successfully
2026-01-04 14:38:13,748 - src.config.config_manager - INFO - Configuration saved successfully
2026-01-04 14:38:13,748 - src.config.config_manager - INFO - Configuration saved successfully
2026-01-04 14:38:17,731 - src.config.config_manager - INFO - Configuration saved successfully
2026-01-04 14:38:17,731 - src.config.config_manager - INFO - Configuration saved successfully
2026-01-04 14:38:17,732 - src.ui.main_window - INFO - Application closed
2026-01-04 14:38:35,898 - src.config.config_manager - INFO - Configuration loaded successfully
2026-01-04 14:38:35,903 - src.config.config_manager - INFO - Configuration loaded successfully
2026-01-04 14:38:35,938 - src.config.config_manager - INFO - Configuration saved successfully
2026-01-04 14:38:35,938 - src.ui.main_window - INFO - Switched to panel: library
2026-01-04 14:38:35,984 - __main__ - INFO - Application started successfully
2026-01-04 14:38:42,681 - src.ui.panels.base_panel.library - INFO - Updated cell sizes: 282x338, icon: 260x260
2026-01-04 14:38:42,697 - src.config.config_manager - INFO - Configuration saved successfully
2026-01-04 14:38:42,698 - src.config.config_manager - INFO - Configuration saved successfully
2026-01-04 14:38:45,749 - src.config.config_manager - INFO - Configuration saved successfully
2026-01-04 14:38:45,750 - src.config.config_manager - INFO - Configuration saved successfully
2026-01-04 14:38:50,771 - src.config.config_manager - INFO - Configuration saved successfully
2026-01-04 14:38:50,771 - src.config.config_manager - INFO - Configuration saved successfully
2026-01-04 14:38:55,748 - src.config.config_manager - INFO - Configuration saved successfully
2026-01-04 14:38:55,749 - src.config.config_manager - INFO - Configuration saved successfully
2026-01-04 14:39:00,748 - src.config.config_manager - INFO - Configuration saved successfully
2026-01-04 14:39:00,749 - src.config.config_manager - INFO - Configuration saved successfully
2026-01-04 14:39:03,626 - src.config.config_manager - INFO - Configuration saved successfully
2026-01-04 14:39:03,626 - src.config.config_manager - INFO - Configuration saved successfully
2026-01-04 14:39:03,626 - src.ui.main_window - INFO - Application closed
2026-01-04 14:40:22,463 - src.config.config_manager - INFO - Configuration loaded successfully
2026-01-04 14:40:22,469 - src.config.config_manager - INFO - Configuration loaded successfully
2026-01-04 14:40:22,507 - src.config.config_manager - INFO - Configuration saved successfully
2026-01-04 14:40:22,507 - src.ui.main_window - INFO - Switched to panel: library
2026-01-04 14:40:22,553 - __main__ - INFO - Application started successfully
2026-01-04 14:40:27,643 - src.ui.panels.base_panel.library - INFO - Updated cell sizes: 282x338, icon: 260x260
2026-01-04 14:40:27,748 - src.config.config_manager - INFO - Configuration saved successfully
2026-01-04 14:40:27,748 - src.config.config_manager - INFO - Configuration saved successfully
2026-01-04 14:40:32,748 - src.config.config_manager - INFO - Configuration saved successfully
2026-01-04 14:40:32,748 - src.config.config_manager - INFO - Configuration saved successfully
2026-01-04 14:40:37,747 - src.config.config_manager - INFO - Configuration saved successfully
2026-01-04 14:40:37,748 - src.config.config_manager - INFO - Configuration saved successfully
2026-01-04 14:40:42,753 - src.config.config_manager - INFO - Configuration saved successfully
2026-01-04 14:40:42,753 - src.config.config_manager - INFO - Configuration saved successfully
2026-01-04 14:40:47,748 - src.config.config_manager - INFO - Configuration saved successfully
2026-01-04 14:40:47,748 - src.config.config_manager - INFO - Configuration saved successfully
2026-01-04 14:40:52,750 - src.config.config_manager - INFO - Configuration saved successfully
2026-01-04 14:40:52,750 - src.config.config_manager - INFO - Configuration saved successfully
2026-01-04 14:40:57,748 - src.config.config_manager - INFO - Configuration saved successfully
2026-01-04 14:40:57,749 - src.config.config_manager - INFO - Configuration saved successfully
2026-01-04 14:41:02,751 - src.config.config_manager - INFO - Configuration saved successfully
2026-01-04 14:41:02,751 - src.config.config_manager - INFO - Configuration saved successfully
2026-01-04 14:41:07,747 - src.config.config_manager - INFO - Configuration saved successfully
2026-01-04 14:41:07,748 - src.config.config_manager - INFO - Configuration saved successfully
2026-01-04 14:41:12,748 - src.config.config_manager - INFO - Configuration saved successfully
2026-01-04 14:41:12,748 - src.config.config_manager - INFO - Configuration saved successfully
2026-01-04 14:41:17,747 - src.config.config_manager - INFO - Configuration saved successfully
2026-01-04 14:41:17,748 - src.config.config_manager - INFO - Configuration saved successfully
2026-01-04 14:41:22,748 - src.config.config_manager - INFO - Configuration saved successfully
2026-01-04 14:41:22,749 - src.config.config_manager - INFO - Configuration saved successfully
2026-01-04 14:41:27,749 - src.config.config_manager - INFO - Configuration saved successfully
2026-01-04 14:41:27,749 - src.config.config_manager - INFO - Configuration saved successfully
2026-01-04 14:41:32,748 - src.config.config_manager - INFO - Configuration saved successfully
2026-01-04 14:41:32,749 - src.config.config_manager - INFO - Configuration saved successfully
2026-01-04 14:41:37,748 - src.config.config_manager - INFO - Configuration saved successfully
2026-01-04 14:41:37,748 - src.config.config_manager - INFO - Configuration saved successfully
2026-01-04 14:41:42,748 - src.config.config_manager - INFO - Configuration saved successfully
2026-01-04 14:41:42,749 - src.config.config_manager - INFO - Configuration saved successfully
2026-01-04 14:41:47,748 - src.config.config_manager - INFO - Configuration saved successfully
2026-01-04 14:41:47,748 - src.config.config_manager - INFO - Configuration saved successfully
2026-01-04 14:41:52,748 - src.config.config_manager - INFO - Configuration saved successfully
2026-01-04 14:41:52,749 - src.config.config_manager - INFO - Configuration saved successfully
2026-01-04 14:41:57,749 - src.config.config_manager - INFO - Configuration saved successfully
2026-01-04 14:41:57,749 - src.config.config_manager - INFO - Configuration saved successfully
2026-01-04 14:42:02,748 - src.config.config_manager - INFO - Configuration saved successfully
2026-01-04 14:42:02,748 - src.config.config_manager - INFO - Configuration saved successfully
2026-01-04 14:42:07,748 - src.config.config_manager - INFO - Configuration saved successfully
2026-01-04 14:42:07,748 - src.config.config_manager - INFO - Configuration saved successfully
2026-01-04 14:42:12,748 - src.config.config_manager - INFO - Configuration saved successfully
2026-01-04 14:42:12,749 - src.config.config_manager - INFO - Configuration saved successfully
2026-01-04 14:42:18,665 - src.ui.panels.base_panel.library - INFO - Updated cell sizes: 282x338, icon: 260x260
2026-01-04 14:42:18,670 - src.config.config_manager - INFO - Configuration saved successfully
2026-01-04 14:42:18,670 - src.config.config_manager - INFO - Configuration saved successfully
2026-01-04 14:42:22,748 - src.config.config_manager - INFO - Configuration saved successfully
2026-01-04 14:42:22,749 - src.config.config_manager - INFO - Configuration saved successfully
2026-01-04 14:42:27,747 - src.config.config_manager - INFO - Configuration saved successfully
2026-01-04 14:42:27,748 - src.config.config_manager - INFO - Configuration saved successfully
2026-01-04 14:42:32,748 - src.config.config_manager - INFO - Configuration saved successfully
2026-01-04 14:42:32,748 - src.config.config_manager - INFO - Configuration saved successfully
2026-01-04 14:42:37,748 - src.config.config_manager - INFO - Configuration saved successfully
2026-01-04 14:42:37,749 - src.config.config_manager - INFO - Configuration saved successfully
2026-01-04 14:42:42,748 - src.config.config_manager - INFO - Configuration saved successfully
2026-01-04 14:42:42,749 - src.config.config_manager - INFO - Configuration saved successfully
2026-01-04 14:42:47,749 - src.config.config_manager - INFO - Configuration saved successfully
2026-01-04 14:42:47,749 - src.config.config_manager - INFO - Configuration saved successfully
2026-01-04 14:42:52,747 - src.config.config_manager - INFO - Configuration saved successfully
2026-01-04 14:42:52,748 - src.config.config_manager - INFO - Configuration saved successfully
2026-01-04 14:42:57,748 - src.config.config_manager - INFO - Configuration saved successfully
2026-01-04 14:42:57,749 - src.config.config_manager - INFO - Configuration saved successfully
2026-01-04 14:43:02,748 - src.config.config_manager - INFO - Configuration saved successfully
2026-01-04 14:43:02,748 - src.config.config_manager - INFO - Configuration saved successfully
2026-01-04 14:43:07,748 - src.config.config_manager - INFO - Configuration saved successfully
2026-01-04 14:43:07,751 - src.config.config_manager - INFO - Configuration saved successfully
2026-01-04 14:43:12,748 - src.config.config_manager - INFO - Configuration saved successfully
2026-01-04 14:43:12,748 - src.config.config_manager - INFO - Configuration saved successfully
2026-01-04 14:43:17,748 - src.config.config_manager - INFO - Configuration saved successfully
2026-01-04 14:43:17,749 - src.config.config_manager - INFO - Configuration saved successfully
2026-01-04 14:43:22,748 - src.config.config_manager - INFO - Configuration saved successfully
2026-01-04 14:43:22,749 - src.config.config_manager - INFO - Configuration saved successfully
2026-01-04 14:43:27,749 - src.config.config_manager - INFO - Configuration saved successfully
2026-01-04 14:43:27,750 - src.config.config_manager - INFO - Configuration saved successfully
2026-01-04 14:43:32,747 - src.config.config_manager - INFO - Configuration saved successfully
2026-01-04 14:43:32,748 - src.config.config_manager - INFO - Configuration saved successfully
2026-01-04 14:43:37,749 - src.config.config_manager - INFO - Configuration saved successfully
2026-01-04 14:43:37,750 - src.config.config_manager - INFO - Configuration saved successfully
2026-01-04 14:43:42,748 - src.config.config_manager - INFO - Configuration saved successfully
2026-01-04 14:43:42,749 - src.config.config_manager - INFO - Configuration saved successfully
2026-01-04 14:43:47,747 - src.config.config_manager - INFO - Configuration saved successfully
2026-01-04 14:43:47,748 - src.config.config_manager - INFO - Configuration saved successfully
2026-01-04 14:43:52,749 - src.config.config_manager - INFO - Configuration saved successfully
2026-01-04 14:43:52,750 - src.config.config_manager - INFO - Configuration saved successfully
2026-01-04 14:43:57,749 - src.config.config_manager - INFO - Configuration saved successfully
2026-01-04 14:43:57,750 - src.config.config_manager - INFO - Configuration saved successfully
2026-01-04 14:44:02,748 - src.config.config_manager - INFO - Configuration saved successfully
2026-01-04 14:44:02,749 - src.config.config_manager - INFO - Configuration saved successfully
2026-01-04 14:44:07,747 - src.config.config_manager - INFO - Configuration saved successfully
2026-01-04 14:44:07,748 - src.config.config_manager - INFO - Configuration saved successfully
2026-01-04 14:47:50,111 - src.config.config_manager - INFO - Configuration loaded successfully
2026-01-04 14:47:50,117 - src.config.config_manager - INFO - Configuration loaded successfully
2026-01-04 14:47:50,155 - src.config.config_manager - INFO - Configuration saved successfully
2026-01-04 14:47:50,155 - src.ui.main_window - INFO - Switched to panel: library
2026-01-04 14:47:50,199 - __main__ - INFO - Application started successfully
2026-01-04 14:47:54,907 - src.config.config_manager - INFO - Configuration saved successfully
2026-01-04 14:47:54,907 - src.config.config_manager - INFO - Configuration saved successfully
2026-01-04 14:47:59,748 - src.config.config_manager - INFO - Configuration saved successfully
2026-01-04 14:47:59,748 - src.config.config_manager - INFO - Configuration saved successfully
2026-01-04 14:52:21,809 - src.config.config_manager - INFO - Configuration loaded successfully
2026-01-04 14:52:21,814 - src.config.config_manager - INFO - Configuration loaded successfully
2026-01-04 14:52:21,852 - src.config.config_manager - INFO - Configuration saved successfully
2026-01-04 14:52:21,852 - src.ui.main_window - INFO - Switched to panel: library
2026-01-04 14:52:21,900 - __main__ - INFO - Application started successfully
2026-01-04 14:52:26,749 - src.config.config_manager - INFO - Configuration saved successfully
2026-01-04 14:52:26,749 - src.config.config_manager - INFO - Configuration saved successfully
2026-01-04 14:54:34,473 - src.config.config_manager - INFO - Configuration loaded successfully
2026-01-04 14:54:34,479 - src.config.config_manager - INFO - Configuration loaded successfully
2026-01-04 14:54:34,516 - src.config.config_manager - INFO - Configuration saved successfully
2026-01-04 14:54:34,516 - src.ui.main_window - INFO - Switched to panel: library
2026-01-04 14:54:34,567 - __main__ - INFO - Application started successfully
2026-01-04 14:54:39,747 - src.config.config_manager - INFO - Configuration saved successfully
2026-01-04 14:54:39,747 - src.config.config_manager - INFO - Configuration saved successfully
2026-01-04 14:55:04,809 - src.ui.panels.base_panel.library - INFO - Updated cell sizes: 282x338, icon: 260x260
2026-01-04 14:55:04,814 - src.config.config_manager - INFO - Configuration saved successfully
2026-01-04 14:55:04,814 - src.config.config_manager - INFO - Configuration saved successfully
2026-01-04 14:55:09,747 - src.config.config_manager - INFO - Configuration saved successfully
2026-01-04 14:55:09,747 - src.config.config_manager - INFO - Configuration saved successfully
2026-01-04 14:55:14,749 - src.config.config_manager - INFO - Configuration saved successfully
2026-01-04 14:55:14,749 - src.config.config_manager - INFO - Configuration saved successfully
2026-01-04 14:55:19,747 - src.config.config_manager - INFO - Configuration saved successfully
2026-01-04 14:55:19,748 - src.config.config_manager - INFO - Configuration saved successfully
2026-01-04 14:55:24,747 - src.config.config_manager - INFO - Configuration saved successfully
2026-01-04 14:55:24,747 - src.config.config_manager - INFO - Configuration saved successfully
2026-01-04 14:55:29,748 - src.config.config_manager - INFO - Configuration saved successfully
2026-01-04 14:55:29,749 - src.config.config_manager - INFO - Configuration saved successfully
2026-01-04 14:55:34,748 - src.config.config_manager - INFO - Configuration saved successfully
2026-01-04 14:55:34,748 - src.config.config_manager - INFO - Configuration saved successfully
2026-01-04 14:55:53,341 - src.config.config_manager - INFO - Configuration loaded successfully
2026-01-04 14:55:53,347 - src.config.config_manager - INFO - Configuration loaded successfully
2026-01-04 14:55:53,383 - src.config.config_manager - INFO - Configuration saved successfully
2026-01-04 14:55:53,384 - src.ui.main_window - INFO - Switched to panel: library
2026-01-04 14:55:53,435 - __main__ - INFO - Application started successfully
2026-01-04 14:55:58,634 - src.config.config_manager - INFO - Configuration saved successfully
2026-01-04 14:55:58,635 - src.config.config_manager - INFO - Configuration saved successfully
2026-01-04 14:56:03,748 - src.config.config_manager - INFO - Configuration saved successfully
2026-01-04 14:56:03,748 - src.config.config_manager - INFO - Configuration saved successfully
2026-01-04 14:56:08,748 - src.config.config_manager - INFO - Configuration saved successfully
2026-01-04 14:56:08,748 - src.config.config_manager - INFO - Configuration saved successfully
2026-01-04 14:56:13,747 - src.config.config_manager - INFO - Configuration saved successfully
2026-01-04 14:56:13,747 - src.config.config_manager - INFO - Configuration saved successfully
2026-01-04 14:56:16,010 - src.ui.panels.base_panel.library - INFO - Updated cell sizes: 282x338, icon: 260x260
2026-01-04 14:56:17,627 - src.config.config_manager - INFO - Configuration saved successfully
2026-01-04 14:56:17,627 - src.config.config_manager - INFO - Configuration saved successfully
2026-01-04 14:56:17,627 - src.ui.main_window - INFO - Application closed
2026-01-04 14:58:43,876 - src.config.config_manager - INFO - Configuration loaded successfully
2026-01-04 14:58:43,882 - src.config.config_manager - INFO - Configuration loaded successfully
2026-01-04 14:58:43,918 - src.config.config_manager - INFO - Configuration saved successfully
2026-01-04 14:58:43,918 - src.ui.main_window - INFO - Switched to panel: library
2026-01-04 14:58:43,963 - __main__ - INFO - Application started successfully
2026-01-04 14:58:48,748 - src.config.config_manager - INFO - Configuration saved successfully
2026-01-04 14:58:48,749 - src.config.config_manager - INFO - Configuration saved successfully
2026-01-04 14:58:53,748 - src.config.config_manager - INFO - Configuration saved successfully
2026-01-04 14:58:53,748 - src.config.config_manager - INFO - Configuration saved successfully
2026-01-04 14:58:58,748 - src.config.config_manager - INFO - Configuration saved successfully
2026-01-04 14:58:58,748 - src.config.config_manager - INFO - Configuration saved successfully
2026-01-04 14:59:03,747 - src.config.config_manager - INFO - Configuration saved successfully
2026-01-04 14:59:03,748 - src.config.config_manager - INFO - Configuration saved successfully
2026-01-04 14:59:04,587 - src.config.config_manager - INFO - Configuration saved successfully
2026-01-04 14:59:04,587 - src.config.config_manager - INFO - Configuration saved successfully
2026-01-04 14:59:04,587 - src.ui.main_window - INFO - Application closed
2026-01-04 15:00:52,959 - src.config.config_manager - INFO - Configuration loaded successfully
2026-01-04 15:00:52,965 - src.config.config_manager - INFO - Configuration loaded successfully
2026-01-04 15:00:53,002 - src.config.config_manager - INFO - Configuration saved successfully
2026-01-04 15:00:53,002 - src.ui.main_window - INFO - Switched to panel: library
2026-01-04 15:00:53,050 - __main__ - INFO - Application started successfully
2026-01-04 15:00:57,753 - src.config.config_manager - INFO - Configuration saved successfully
2026-01-04 15:00:57,754 - src.config.config_manager - INFO - Configuration saved successfully
2026-01-04 15:01:02,747 - src.config.config_manager - INFO - Configuration saved successfully
2026-01-04 15:01:02,747 - src.config.config_manager - INFO - Configuration saved successfully
2026-01-04 15:01:07,748 - src.config.config_manager - INFO - Configuration saved successfully
2026-01-04 15:01:07,749 - src.config.config_manager - INFO - Configuration saved successfully
2026-01-04 15:01:10,855 - src.ui.panels.base_panel.library - INFO - Updated cell sizes: 282x338, icon: 260x260
2026-01-04 15:01:12,747 - src.config.config_manager - INFO - Configuration saved successfully
2026-01-04 15:01:12,747 - src.config.config_manager - INFO - Configuration saved successfully
2026-01-04 15:01:14,776 - src.ui.panels.base_panel.library - INFO - Updated cell sizes: 282x338, icon: 260x260
2026-01-04 15:01:17,748 - src.config.config_manager - INFO - Configuration saved successfully
2026-01-04 15:01:17,749 - src.config.config_manager - INFO - Configuration saved successfully
2026-01-04 15:01:22,747 - src.config.config_manager - INFO - Configuration saved successfully
2026-01-04 15:01:22,748 - src.config.config_manager - INFO - Configuration saved successfully
2026-01-04 15:01:27,748 - src.config.config_manager - INFO - Configuration saved successfully
2026-01-04 15:01:27,748 - src.config.config_manager - INFO - Configuration saved successfully
2026-01-04 15:01:32,748 - src.config.config_manager - INFO - Configuration saved successfully
2026-01-04 15:01:32,749 - src.config.config_manager - INFO - Configuration saved successfully
2026-01-04 15:01:34,125 - src.config.config_manager - INFO - Configuration saved successfully
2026-01-04 15:01:34,125 - src.config.config_manager - INFO - Configuration saved successfully
2026-01-04 15:01:34,125 - src.ui.main_window - INFO - Application closed
2026-01-04 15:02:06,059 - src.config.config_manager - INFO - Configuration loaded successfully
2026-01-04 15:02:06,064 - src.config.config_manager - INFO - Configuration loaded successfully
2026-01-04 15:02:06,103 - src.config.config_manager - INFO - Configuration saved successfully
2026-01-04 15:02:06,103 - src.ui.main_window - INFO - Switched to panel: library
2026-01-04 15:02:06,147 - __main__ - INFO - Application started successfully
2026-01-04 15:02:10,854 - src.config.config_manager - INFO - Configuration saved successfully
2026-01-04 15:02:10,855 - src.config.config_manager - INFO - Configuration saved successfully
2026-01-04 15:02:16,420 - src.ui.panels.base_panel.library - INFO - Updated cell sizes: 282x338, icon: 260x260
2026-01-04 15:02:16,424 - src.config.config_manager - INFO - Configuration saved successfully
2026-01-04 15:02:16,424 - src.config.config_manager - INFO - Configuration saved successfully
2026-01-04 15:02:20,747 - src.config.config_manager - INFO - Configuration saved successfully
2026-01-04 15:02:20,747 - src.config.config_manager - INFO - Configuration saved successfully
2026-01-04 15:02:25,747 - src.config.config_manager - INFO - Configuration saved successfully
2026-01-04 15:02:25,747 - src.config.config_manager - INFO - Configuration saved successfully
2026-01-04 15:02:28,466 - src.ui.panels.base_panel.library - INFO - Updated cell sizes: 282x338, icon: 260x260
2026-01-04 15:02:30,747 - src.config.config_manager - INFO - Configuration saved successfully
2026-01-04 15:02:30,747 - src.config.config_manager - INFO - Configuration saved successfully
2026-01-04 15:02:35,747 - src.config.config_manager - INFO - Configuration saved successfully
2026-01-04 15:02:35,748 - src.config.config_manager - INFO - Configuration saved successfully
2026-01-04 15:02:42,605 - src.ui.panels.base_panel.library - INFO - Updated cell sizes: 282x338, icon: 260x260
2026-01-04 15:02:42,626 - src.config.config_manager - INFO - Configuration saved successfully
2026-01-04 15:02:42,626 - src.config.config_manager - INFO - Configuration saved successfully
2026-01-04 15:02:45,746 - src.config.config_manager - INFO - Configuration saved successfully
2026-01-04 15:02:45,747 - src.config.config_manager - INFO - Configuration saved successfully
2026-01-04 15:02:50,747 - src.config.config_manager - INFO - Configuration saved successfully
2026-01-04 15:02:50,748 - src.config.config_manager - INFO - Configuration saved successfully
2026-01-04 15:02:55,746 - src.config.config_manager - INFO - Configuration saved successfully
2026-01-04 15:02:55,747 - src.config.config_manager - INFO - Configuration saved successfully
2026-01-04 15:03:00,747 - src.config.config_manager - INFO - Configuration saved successfully
2026-01-04 15:03:00,751 - src.config.config_manager - INFO - Configuration saved successfully
2026-01-04 15:03:05,748 - src.config.config_manager - INFO - Configuration saved successfully
2026-01-04 15:03:05,749 - src.config.config_manager - INFO - Configuration saved successfully
2026-01-04 15:03:10,754 - src.config.config_manager - INFO - Configuration saved successfully
2026-01-04 15:03:10,755 - src.config.config_manager - INFO - Configuration saved successfully
2026-01-04 15:03:15,747 - src.config.config_manager - INFO - Configuration saved successfully
2026-01-04 15:03:15,748 - src.config.config_manager - INFO - Configuration saved successfully
2026-01-04 15:03:20,747 - src.config.config_manager - INFO - Configuration saved successfully
2026-01-04 15:03:20,751 - src.config.config_manager - INFO - Configuration saved successfully
2026-01-04 15:03:25,746 - src.config.config_manager - INFO - Configuration saved successfully
2026-01-04 15:03:25,747 - src.config.config_manager - INFO - Configuration saved successfully
2026-01-04 15:03:30,747 - src.config.config_manager - INFO - Configuration saved successfully
2026-01-04 15:03:30,748 - src.config.config_manager - INFO - Configuration saved successfully
2026-01-04 15:03:35,747 - src.config.config_manager - INFO - Configuration saved successfully
2026-01-04 15:03:35,748 - src.config.config_manager - INFO - Configuration saved successfully
2026-01-04 15:03:40,747 - src.config.config_manager - INFO - Configuration saved successfully
2026-01-04 15:03:40,748 - src.config.config_manager - INFO - Configuration saved successfully
2026-01-04 15:03:45,748 - src.config.config_manager - INFO - Configuration saved successfully
2026-01-04 15:03:45,748 - src.config.config_manager - INFO - Configuration saved successfully
2026-01-04 15:03:50,747 - src.config.config_manager - INFO - Configuration saved successfully
2026-01-04 15:03:50,747 - src.config.config_manager - INFO - Configuration saved successfully
2026-01-04 15:03:55,746 - src.config.config_manager - INFO - Configuration saved successfully
2026-01-04 15:03:55,747 - src.config.config_manager - INFO - Configuration saved successfully
2026-01-04 15:04:00,748 - src.config.config_manager - INFO - Configuration saved successfully
2026-01-04 15:04:00,749 - src.config.config_manager - INFO - Configuration saved successfully
2026-01-04 15:04:05,747 - src.config.config_manager - INFO - Configuration saved successfully
2026-01-04 15:04:05,748 - src.config.config_manager - INFO - Configuration saved successfully
2026-01-04 15:04:10,746 - src.config.config_manager - INFO - Configuration saved successfully
2026-01-04 15:04:10,747 - src.config.config_manager - INFO - Configuration saved successfully
2026-01-04 15:04:15,748 - src.config.config_manager - INFO - Configuration saved successfully
2026-01-04 15:04:15,748 - src.config.config_manager - INFO - Configuration saved successfully
2026-01-04 15:04:20,747 - src.config.config_manager - INFO - Configuration saved successfully
2026-01-04 15:04:20,748 - src.config.config_manager - INFO - Configuration saved successfully
2026-01-04 15:04:25,746 - src.config.config_manager - INFO - Configuration saved successfully
2026-01-04 15:04:25,746 - src.config.config_manager - INFO - Configuration saved successfully
2026-01-04 15:04:30,747 - src.config.config_manager - INFO - Configuration saved successfully
2026-01-04 15:04:30,748 - src.config.config_manager - INFO - Configuration saved successfully
2026-01-04 15:04:35,747 - src.config.config_manager - INFO - Configuration saved successfully
2026-01-04 15:04:35,748 - src.config.config_manager - INFO - Configuration saved successfully
2026-01-04 15:04:38,054 - src.ui.panels.base_panel.library - INFO - Updated cell sizes: 282x338, icon: 260x260
2026-01-04 15:04:40,747 - src.config.config_manager - INFO - Configuration saved successfully
2026-01-04 15:04:40,747 - src.config.config_manager - INFO - Configuration saved successfully
2026-01-04 15:04:43,712 - src.ui.panels.base_panel.library - INFO - Updated cell sizes: 282x338, icon: 260x260
2026-01-04 15:04:45,748 - src.config.config_manager - INFO - Configuration saved successfully
2026-01-04 15:04:45,749 - src.config.config_manager - INFO - Configuration saved successfully
2026-01-04 15:04:50,746 - src.config.config_manager - INFO - Configuration saved successfully
2026-01-04 15:04:50,747 - src.config.config_manager - INFO - Configuration saved successfully
2026-01-04 15:04:55,747 - src.config.config_manager - INFO - Configuration saved successfully
2026-01-04 15:04:55,747 - src.config.config_manager - INFO - Configuration saved successfully
2026-01-04 15:05:00,747 - src.config.config_manager - INFO - Configuration saved successfully
2026-01-04 15:05:00,748 - src.config.config_manager - INFO - Configuration saved successfully
2026-01-04 15:05:01,739 - src.config.config_manager - INFO - Configuration saved successfully
2026-01-04 15:05:01,739 - src.config.config_manager - INFO - Configuration saved successfully
2026-01-04 15:05:01,739 - src.ui.main_window - INFO - Application closed
2026-01-04 15:07:21,914 - src.config.config_manager - INFO - Configuration loaded successfully
2026-01-04 15:07:21,919 - src.config.config_manager - INFO - Configuration loaded successfully
2026-01-04 15:07:21,956 - src.config.config_manager - INFO - Configuration saved successfully
2026-01-04 15:07:21,956 - src.ui.main_window - INFO - Switched to panel: library
2026-01-04 15:07:22,005 - __main__ - INFO - Application started successfully
2026-01-04 15:07:26,747 - src.config.config_manager - INFO - Configuration saved successfully
2026-01-04 15:07:26,748 - src.config.config_manager - INFO - Configuration saved successfully
2026-01-04 15:07:31,747 - src.config.config_manager - INFO - Configuration saved successfully
2026-01-04 15:07:31,748 - src.config.config_manager - INFO - Configuration saved successfully
2026-01-04 15:07:33,455 - src.ui.panels.base_panel.library - INFO - Updated cell sizes: 282x338, icon: 260x260
2026-01-04 15:07:39,302 - src.ui.panels.base_panel.library - INFO - Updated cell sizes: 282x338, icon: 260x260
2026-01-04 15:07:39,322 - src.config.config_manager - INFO - Configuration saved successfully
2026-01-04 15:07:39,323 - src.config.config_manager - INFO - Configuration saved successfully
2026-01-04 15:07:41,747 - src.config.config_manager - INFO - Configuration saved successfully
2026-01-04 15:07:41,747 - src.config.config_manager - INFO - Configuration saved successfully
2026-01-04 15:07:43,125 - src.config.config_manager - INFO - Configuration saved successfully
2026-01-04 15:07:43,125 - src.config.config_manager - INFO - Configuration saved successfully
2026-01-04 15:07:43,125 - src.ui.main_window - INFO - Application closed
2026-01-04 15:08:27,282 - src.config.config_manager - INFO - Configuration loaded successfully
2026-01-04 15:08:27,288 - src.config.config_manager - INFO - Configuration loaded successfully
2026-01-04 15:08:27,325 - src.config.config_manager - INFO - Configuration saved successfully
2026-01-04 15:08:27,325 - src.ui.main_window - INFO - Switched to panel: library
2026-01-04 15:08:27,372 - __main__ - INFO - Application started successfully
2026-01-04 15:08:32,679 - src.ui.panels.base_panel.library - INFO - Updated cell sizes: 282x338, icon: 260x260
2026-01-04 15:08:32,683 - src.config.config_manager - INFO - Configuration saved successfully
2026-01-04 15:08:32,684 - src.config.config_manager - INFO - Configuration saved successfully
2026-01-04 15:08:39,850 - src.ui.panels.base_panel.library - INFO - Updated cell sizes: 282x338, icon: 260x260
2026-01-04 15:08:39,871 - src.config.config_manager - INFO - Configuration saved successfully
2026-01-04 15:08:39,871 - src.config.config_manager - INFO - Configuration saved successfully
2026-01-04 15:08:42,746 - src.config.config_manager - INFO - Configuration saved successfully
2026-01-04 15:08:42,746 - src.config.config_manager - INFO - Configuration saved successfully
2026-01-04 15:08:47,746 - src.config.config_manager - INFO - Configuration saved successfully
2026-01-04 15:08:47,746 - src.config.config_manager - INFO - Configuration saved successfully
2026-01-04 15:08:52,747 - src.config.config_manager - INFO - Configuration saved successfully
2026-01-04 15:08:52,748 - src.config.config_manager - INFO - Configuration saved successfully
2026-01-04 15:08:57,749 - src.config.config_manager - INFO - Configuration saved successfully
2026-01-04 15:08:57,749 - src.config.config_manager - INFO - Configuration saved successfully
2026-01-04 15:09:02,746 - src.config.config_manager - INFO - Configuration saved successfully
2026-01-04 15:09:02,746 - src.config.config_manager - INFO - Configuration saved successfully
2026-01-04 15:09:07,745 - src.config.config_manager - INFO - Configuration saved successfully
2026-01-04 15:09:07,752 - src.config.config_manager - INFO - Configuration saved successfully
2026-01-04 15:09:12,747 - src.config.config_manager - INFO - Configuration saved successfully
2026-01-04 15:09:12,748 - src.config.config_manager - INFO - Configuration saved successfully
2026-01-04 15:09:17,749 - src.config.config_manager - INFO - Configuration saved successfully
2026-01-04 15:09:17,749 - src.config.config_manager - INFO - Configuration saved successfully
2026-01-04 15:09:22,747 - src.config.config_manager - INFO - Configuration saved successfully
2026-01-04 15:09:22,748 - src.config.config_manager - INFO - Configuration saved successfully
2026-01-04 15:09:27,747 - src.config.config_manager - INFO - Configuration saved successfully
2026-01-04 15:09:27,747 - src.config.config_manager - INFO - Configuration saved successfully
2026-01-04 15:09:32,747 - src.config.config_manager - INFO - Configuration saved successfully
2026-01-04 15:09:32,748 - src.config.config_manager - INFO - Configuration saved successfully
2026-01-04 15:09:37,747 - src.config.config_manager - INFO - Configuration saved successfully
2026-01-04 15:09:37,747 - src.config.config_manager - INFO - Configuration saved successfully
2026-01-04 15:09:42,748 - src.config.config_manager - INFO - Configuration saved successfully
2026-01-04 15:09:42,748 - src.config.config_manager - INFO - Configuration saved successfully
2026-01-04 15:09:47,746 - src.config.config_manager - INFO - Configuration saved successfully
2026-01-04 15:09:47,746 - src.config.config_manager - INFO - Configuration saved successfully
2026-01-04 15:09:50,732 - src.config.config_manager - INFO - Configuration saved successfully
2026-01-04 15:09:50,732 - src.config.config_manager - INFO - Configuration saved successfully
2026-01-04 15:09:50,732 - src.ui.main_window - INFO - Application closed
2026-01-04 15:11:19,545 - src.config.config_manager - INFO - Configuration loaded successfully
2026-01-04 15:11:19,551 - src.config.config_manager - INFO - Configuration loaded successfully
2026-01-04 15:11:19,587 - src.config.config_manager - INFO - Configuration saved successfully
2026-01-04 15:11:19,587 - src.ui.main_window - INFO - Switched to panel: library
2026-01-04 15:11:19,633 - __main__ - INFO - Application started successfully
2026-01-04 15:11:24,476 - src.ui.panels.base_panel.library - INFO - Updated cell sizes: 282x338, icon: 260x260
2026-01-04 15:11:24,746 - src.config.config_manager - INFO - Configuration saved successfully
2026-01-04 15:11:24,746 - src.config.config_manager - INFO - Configuration saved successfully
2026-01-04 15:11:29,747 - src.config.config_manager - INFO - Configuration saved successfully
2026-01-04 15:11:29,748 - src.config.config_manager - INFO - Configuration saved successfully
2026-01-04 15:11:34,746 - src.config.config_manager - INFO - Configuration saved successfully
2026-01-04 15:11:34,747 - src.config.config_manager - INFO - Configuration saved successfully
2026-01-04 15:11:39,586 - src.config.config_manager - INFO - Configuration saved successfully
2026-01-04 15:11:39,586 - src.config.config_manager - INFO - Configuration saved successfully
2026-01-04 15:11:39,586 - src.ui.main_window - INFO - Application closed
2026-01-04 15:12:02,618 - src.config.config_manager - INFO - Configuration loaded successfully
2026-01-04 15:12:02,624 - src.config.config_manager - INFO - Configuration loaded successfully
2026-01-04 15:12:02,661 - src.config.config_manager - INFO - Configuration saved successfully
2026-01-04 15:12:02,661 - src.ui.main_window - INFO - Switched to panel: library
2026-01-04 15:12:02,712 - __main__ - INFO - Application started successfully
2026-01-04 15:12:07,541 - src.ui.panels.base_panel.library - INFO - Updated cell sizes: 282x338, icon: 260x260
2026-01-04 15:12:07,746 - src.config.config_manager - INFO - Configuration saved successfully
2026-01-04 15:12:07,746 - src.config.config_manager - INFO - Configuration saved successfully
2026-01-04 15:12:12,746 - src.config.config_manager - INFO - Configuration saved successfully
2026-01-04 15:12:12,746 - src.config.config_manager - INFO - Configuration saved successfully
2026-01-04 15:12:16,170 - src.config.config_manager - INFO - Configuration saved successfully
2026-01-04 15:12:16,170 - src.config.config_manager - INFO - Configuration saved successfully
2026-01-04 15:12:16,170 - src.ui.main_window - INFO - Application closed
2026-01-04 15:12:35,984 - src.config.config_manager - INFO - Configuration loaded successfully
2026-01-04 15:12:35,989 - src.config.config_manager - INFO - Configuration loaded successfully
2026-01-04 15:12:36,025 - src.config.config_manager - INFO - Configuration saved successfully
2026-01-04 15:12:36,025 - src.ui.main_window - INFO - Switched to panel: library
2026-01-04 15:12:36,074 - __main__ - INFO - Application started successfully
2026-01-04 15:12:40,760 - src.ui.panels.base_panel.library - INFO - Updated cell sizes: 282x338, icon: 260x260
2026-01-04 15:12:40,776 - src.config.config_manager - INFO - Configuration saved successfully
2026-01-04 15:12:40,777 - src.config.config_manager - INFO - Configuration saved successfully
2026-01-04 15:12:45,746 - src.config.config_manager - INFO - Configuration saved successfully
2026-01-04 15:12:45,747 - src.config.config_manager - INFO - Configuration saved successfully
2026-01-04 15:12:46,861 - src.config.config_manager - INFO - Configuration saved successfully
2026-01-04 15:12:46,861 - src.config.config_manager - INFO - Configuration saved successfully
2026-01-04 15:12:46,861 - src.ui.main_window - INFO - Application closed
2026-01-04 15:13:16,826 - src.config.config_manager - INFO - Configuration loaded successfully
2026-01-04 15:13:16,832 - src.config.config_manager - INFO - Configuration loaded successfully
2026-01-04 15:13:16,869 - src.config.config_manager - INFO - Configuration saved successfully
2026-01-04 15:13:16,869 - src.ui.main_window - INFO - Switched to panel: library
2026-01-04 15:13:16,917 - __main__ - INFO - Application started successfully
2026-01-04 15:13:21,796 - src.ui.panels.base_panel.library - INFO - Updated cell sizes: 282x338, icon: 260x260
2026-01-04 15:13:21,801 - src.config.config_manager - INFO - Configuration saved successfully
2026-01-04 15:13:21,801 - src.config.config_manager - INFO - Configuration saved successfully
2026-01-04 15:13:26,745 - src.config.config_manager - INFO - Configuration saved successfully
2026-01-04 15:13:26,746 - src.config.config_manager - INFO - Configuration saved successfully
2026-01-04 15:13:29,570 - src.config.config_manager - INFO - Configuration saved successfully
2026-01-04 15:13:29,571 - src.config.config_manager - INFO - Configuration saved successfully
2026-01-04 15:13:29,571 - src.ui.main_window - INFO - Application closed
2026-01-04 15:13:54,222 - src.config.config_manager - INFO - Configuration loaded successfully
2026-01-04 15:13:54,228 - src.config.config_manager - INFO - Configuration loaded successfully
2026-01-04 15:13:54,265 - src.config.config_manager - INFO - Configuration saved successfully
2026-01-04 15:13:54,265 - src.ui.main_window - INFO - Switched to panel: library
2026-01-04 15:13:54,314 - __main__ - INFO - Application started successfully
2026-01-04 15:14:15,896 - src.config.config_manager - INFO - Configuration loaded successfully
2026-01-04 15:14:15,902 - src.config.config_manager - INFO - Configuration loaded successfully
2026-01-04 15:14:15,941 - src.config.config_manager - INFO - Configuration saved successfully
2026-01-04 15:14:15,941 - src.ui.main_window - INFO - Switched to panel: library
2026-01-04 15:14:15,987 - __main__ - INFO - Application started successfully
2026-01-04 15:14:21,353 - src.ui.panels.base_panel.library - INFO - Updated cell sizes: 282x338, icon: 260x260
2026-01-04 15:14:21,358 - src.config.config_manager - INFO - Configuration saved successfully
2026-01-04 15:14:21,358 - src.config.config_manager - INFO - Configuration saved successfully
2026-01-04 15:14:25,745 - src.config.config_manager - INFO - Configuration saved successfully
2026-01-04 15:14:25,746 - src.config.config_manager - INFO - Configuration saved successfully
2026-01-04 15:14:30,746 - src.config.config_manager - INFO - Configuration saved successfully
2026-01-04 15:14:30,747 - src.config.config_manager - INFO - Configuration saved successfully
2026-01-04 15:14:35,746 - src.config.config_manager - INFO - Configuration saved successfully
2026-01-04 15:14:35,746 - src.config.config_manager - INFO - Configuration saved successfully
2026-01-04 15:14:40,746 - src.config.config_manager - INFO - Configuration saved successfully
2026-01-04 15:14:40,746 - src.config.config_manager - INFO - Configuration saved successfully
2026-01-04 15:14:45,747 - src.config.config_manager - INFO - Configuration saved successfully
2026-01-04 15:14:45,747 - src.config.config_manager - INFO - Configuration saved successfully
2026-01-04 15:14:50,747 - src.config.config_manager - INFO - Configuration saved successfully
2026-01-04 15:14:50,747 - src.config.config_manager - INFO - Configuration saved successfully
2026-01-04 15:14:55,746 - src.config.config_manager - INFO - Configuration saved successfully
2026-01-04 15:14:55,747 - src.config.config_manager - INFO - Configuration saved successfully
2026-01-04 15:14:58,590 - src.config.config_manager - INFO - Configuration saved successfully
2026-01-04 15:14:58,590 - src.config.config_manager - INFO - Configuration saved successfully
2026-01-04 15:14:58,590 - src.ui.main_window - INFO - Application closed
2026-01-04 15:18:25,816 - src.config.config_manager - INFO - Configuration loaded successfully
2026-01-04 15:18:25,823 - src.config.config_manager - INFO - Configuration loaded successfully
2026-01-04 15:18:25,864 - src.config.config_manager - INFO - Configuration saved successfully
2026-01-04 15:18:25,864 - src.ui.main_window - INFO - Switched to panel: library
2026-01-04 15:18:25,914 - __main__ - INFO - Application started successfully
2026-01-04 15:18:30,745 - src.config.config_manager - INFO - Configuration saved successfully
2026-01-04 15:18:30,746 - src.config.config_manager - INFO - Configuration saved successfully
2026-01-04 15:18:32,295 - src.ui.panels.base_panel.library - INFO - Updated cell sizes: 282x338, icon: 260x260
2026-01-04 15:18:35,746 - src.config.config_manager - INFO - Configuration saved successfully
2026-01-04 15:18:35,746 - src.config.config_manager - INFO - Configuration saved successfully
2026-01-04 15:18:40,746 - src.config.config_manager - INFO - Configuration saved successfully
2026-01-04 15:18:40,746 - src.config.config_manager - INFO - Configuration saved successfully
2026-01-04 15:18:45,746 - src.config.config_manager - INFO - Configuration saved successfully
2026-01-04 15:18:45,748 - src.config.config_manager - INFO - Configuration saved successfully
2026-01-04 15:18:50,745 - src.config.config_manager - INFO - Configuration saved successfully
2026-01-04 15:18:50,745 - src.config.config_manager - INFO - Configuration saved successfully
2026-01-04 15:18:55,748 - src.config.config_manager - INFO - Configuration saved successfully
2026-01-04 15:18:55,748 - src.config.config_manager - INFO - Configuration saved successfully
2026-01-04 15:19:00,745 - src.config.config_manager - INFO - Configuration saved successfully
2026-01-04 15:19:00,745 - src.config.config_manager - INFO - Configuration saved successfully
2026-01-04 15:19:05,745 - src.config.config_manager - INFO - Configuration saved successfully
2026-01-04 15:19:05,746 - src.config.config_manager - INFO - Configuration saved successfully
2026-01-04 15:19:10,745 - src.config.config_manager - INFO - Configuration saved successfully
2026-01-04 15:19:10,746 - src.config.config_manager - INFO - Configuration saved successfully
2026-01-04 15:19:15,746 - src.config.config_manager - INFO - Configuration saved successfully
2026-01-04 15:19:15,746 - src.config.config_manager - INFO - Configuration saved successfully
2026-01-04 15:19:20,746 - src.config.config_manager - INFO - Configuration saved successfully
2026-01-04 15:19:20,746 - src.config.config_manager - INFO - Configuration saved successfully
2026-01-04 15:19:22,020 - src.config.config_manager - INFO - Configuration saved successfully
2026-01-04 15:19:22,020 - src.config.config_manager - INFO - Configuration saved successfully
2026-01-04 15:19:22,020 - src.ui.main_window - INFO - Application closed
2026-01-04 15:21:34,432 - src.config.config_manager - INFO - Configuration loaded successfully
2026-01-04 15:21:34,438 - src.config.config_manager - INFO - Configuration loaded successfully
2026-01-04 15:21:34,477 - src.config.config_manager - INFO - Configuration saved successfully
2026-01-04 15:21:34,477 - src.ui.main_window - INFO - Switched to panel: library
2026-01-04 15:21:34,525 - __main__ - INFO - Application started successfully
2026-01-04 15:21:39,929 - src.ui.panels.base_panel.library - INFO - Updated cell sizes: 282x338, icon: 260x260
2026-01-04 15:21:39,934 - src.config.config_manager - INFO - Configuration saved successfully
2026-01-04 15:21:39,935 - src.config.config_manager - INFO - Configuration saved successfully
2026-01-04 15:21:44,745 - src.config.config_manager - INFO - Configuration saved successfully
2026-01-04 15:21:44,746 - src.config.config_manager - INFO - Configuration saved successfully
2026-01-04 15:21:49,745 - src.config.config_manager - INFO - Configuration saved successfully
2026-01-04 15:21:49,745 - src.config.config_manager - INFO - Configuration saved successfully
2026-01-04 15:21:54,747 - src.config.config_manager - INFO - Configuration saved successfully
2026-01-04 15:21:54,747 - src.config.config_manager - INFO - Configuration saved successfully
2026-01-04 15:21:59,745 - src.config.config_manager - INFO - Configuration saved successfully
2026-01-04 15:21:59,746 - src.config.config_manager - INFO - Configuration saved successfully
2026-01-04 15:22:01,603 - src.config.config_manager - INFO - Configuration saved successfully
2026-01-04 15:22:01,603 - src.config.config_manager - INFO - Configuration saved successfully
2026-01-04 15:22:01,603 - src.ui.main_window - INFO - Application closed
2026-01-04 15:22:30,364 - src.config.config_manager - INFO - Configuration loaded successfully
2026-01-04 15:22:30,369 - src.config.config_manager - INFO - Configuration loaded successfully
2026-01-04 15:22:30,408 - src.config.config_manager - INFO - Configuration saved successfully
2026-01-04 15:22:30,408 - src.ui.main_window - INFO - Switched to panel: library
2026-01-04 15:22:30,455 - __main__ - INFO - Application started successfully
2026-01-04 15:22:35,659 - src.config.config_manager - INFO - Configuration saved successfully
2026-01-04 15:22:35,659 - src.config.config_manager - INFO - Configuration saved successfully
2026-01-04 15:22:37,545 - src.ui.panels.base_panel.library - INFO - Updated cell sizes: 282x338, icon: 260x260
2026-01-04 15:22:40,745 - src.config.config_manager - INFO - Configuration saved successfully
2026-01-04 15:22:40,745 - src.config.config_manager - INFO - Configuration saved successfully
2026-01-04 15:22:45,745 - src.config.config_manager - INFO - Configuration saved successfully
2026-01-04 15:22:45,745 - src.config.config_manager - INFO - Configuration saved successfully
2026-01-04 15:22:50,748 - src.config.config_manager - INFO - Configuration saved successfully
2026-01-04 15:22:50,748 - src.config.config_manager - INFO - Configuration saved successfully
2026-01-04 15:22:55,745 - src.config.config_manager - INFO - Configuration saved successfully
2026-01-04 15:22:55,746 - src.config.config_manager - INFO - Configuration saved successfully
2026-01-04 15:23:00,745 - src.config.config_manager - INFO - Configuration saved successfully
2026-01-04 15:23:00,749 - src.config.config_manager - INFO - Configuration saved successfully
2026-01-04 15:23:05,746 - src.config.config_manager - INFO - Configuration saved successfully
2026-01-04 15:23:05,746 - src.config.config_manager - INFO - Configuration saved successfully
2026-01-04 15:23:10,746 - src.config.config_manager - INFO - Configuration saved successfully
2026-01-04 15:23:10,747 - src.config.config_manager - INFO - Configuration saved successfully
2026-01-04 15:23:15,745 - src.config.config_manager - INFO - Configuration saved successfully
2026-01-04 15:23:15,745 - src.config.config_manager - INFO - Configuration saved successfully
2026-01-04 15:23:20,745 - src.config.config_manager - INFO - Configuration saved successfully
2026-01-04 15:23:20,746 - src.config.config_manager - INFO - Configuration saved successfully
2026-01-04 15:23:25,746 - src.config.config_manager - INFO - Configuration saved successfully
2026-01-04 15:23:25,747 - src.config.config_manager - INFO - Configuration saved successfully
2026-01-04 15:23:30,745 - src.config.config_manager - INFO - Configuration saved successfully
2026-01-04 15:23:30,745 - src.config.config_manager - INFO - Configuration saved successfully
2026-01-04 15:23:35,746 - src.config.config_manager - INFO - Configuration saved successfully
2026-01-04 15:23:35,746 - src.config.config_manager - INFO - Configuration saved successfully
2026-01-04 15:23:40,069 - src.config.config_manager - INFO - Configuration saved successfully
2026-01-04 15:23:40,069 - src.config.config_manager - INFO - Configuration saved successfully
2026-01-04 15:23:40,069 - src.ui.main_window - INFO - Application closed
2026-01-04 15:24:40,877 - src.config.config_manager - INFO - Configuration loaded successfully
2026-01-04 15:24:40,884 - src.config.config_manager - INFO - Configuration loaded successfully
2026-01-04 15:24:40,921 - src.config.config_manager - INFO - Configuration saved successfully
2026-01-04 15:24:40,921 - src.ui.main_window - INFO - Switched to panel: library
2026-01-04 15:24:40,974 - __main__ - INFO - Application started successfully
2026-01-04 15:24:46,860 - src.ui.panels.base_panel.library - INFO - Updated cell sizes: 282x338, icon: 260x260
2026-01-04 15:24:46,865 - src.config.config_manager - INFO - Configuration saved successfully
2026-01-04 15:24:46,866 - src.config.config_manager - INFO - Configuration saved successfully
2026-01-04 15:24:50,746 - src.config.config_manager - INFO - Configuration saved successfully
2026-01-04 15:24:50,747 - src.config.config_manager - INFO - Configuration saved successfully
2026-01-04 15:24:55,746 - src.config.config_manager - INFO - Configuration saved successfully
2026-01-04 15:24:55,747 - src.config.config_manager - INFO - Configuration saved successfully
2026-01-04 15:24:58,294 - src.config.config_manager - INFO - Configuration saved successfully
2026-01-04 15:24:58,294 - src.config.config_manager - INFO - Configuration saved successfully
2026-01-04 15:24:58,294 - src.ui.main_window - INFO - Application closed
2026-01-04 15:25:56,897 - src.config.config_manager - INFO - Configuration loaded successfully
2026-01-04 15:25:56,903 - src.config.config_manager - INFO - Configuration loaded successfully
2026-01-04 15:25:56,944 - src.config.config_manager - INFO - Configuration saved successfully
2026-01-04 15:25:56,944 - src.ui.main_window - INFO - Switched to panel: library
2026-01-04 15:25:57,043 - __main__ - INFO - Application started successfully
2026-01-04 15:26:01,746 - src.config.config_manager - INFO - Configuration saved successfully
2026-01-04 15:26:01,747 - src.config.config_manager - INFO - Configuration saved successfully
2026-01-04 15:26:06,650 - src.config.config_manager - INFO - Configuration saved successfully
2026-01-04 15:26:06,650 - src.config.config_manager - INFO - Configuration saved successfully
2026-01-04 15:26:06,650 - src.ui.main_window - INFO - Application closed
2026-01-04 15:26:41,142 - src.config.config_manager - INFO - Configuration loaded successfully
2026-01-04 15:26:41,148 - src.config.config_manager - INFO - Configuration loaded successfully
2026-01-04 15:26:41,189 - src.config.config_manager - INFO - Configuration saved successfully
2026-01-04 15:26:41,189 - src.ui.main_window - INFO - Switched to panel: library
2026-01-04 15:26:41,293 - __main__ - INFO - Application started successfully
2026-01-04 15:26:45,941 - src.config.config_manager - INFO - Configuration saved successfully
2026-01-04 15:26:45,941 - src.config.config_manager - INFO - Configuration saved successfully
2026-01-04 15:26:46,153 - src.config.config_manager - INFO - Configuration saved successfully
2026-01-04 15:26:46,153 - src.config.config_manager - INFO - Configuration saved successfully
2026-01-04 15:26:46,153 - src.ui.main_window - INFO - Application closed
2026-01-04 15:27:06,608 - src.config.config_manager - INFO - Configuration loaded successfully
2026-01-04 15:27:06,614 - src.config.config_manager - INFO - Configuration loaded successfully
2026-01-04 15:27:06,655 - src.config.config_manager - INFO - Configuration saved successfully
2026-01-04 15:27:06,655 - src.ui.main_window - INFO - Switched to panel: library
2026-01-04 15:27:06,755 - __main__ - INFO - Application started successfully
2026-01-04 15:27:11,746 - src.config.config_manager - INFO - Configuration saved successfully
2026-01-04 15:27:11,746 - src.config.config_manager - INFO - Configuration saved successfully
2026-01-04 15:27:16,746 - src.config.config_manager - INFO - Configuration saved successfully
2026-01-04 15:27:16,747 - src.config.config_manager - INFO - Configuration saved successfully
2026-01-04 15:27:21,746 - src.config.config_manager - INFO - Configuration saved successfully
2026-01-04 15:27:21,746 - src.config.config_manager - INFO - Configuration saved successfully
2026-01-04 15:27:24,494 - src.config.config_manager - INFO - Configuration saved successfully
2026-01-04 15:27:24,494 - src.config.config_manager - INFO - Configuration saved successfully
2026-01-04 15:27:24,494 - src.ui.main_window - INFO - Application closed
2026-01-04 15:27:39,814 - src.config.config_manager - INFO - Configuration loaded successfully
2026-01-04 15:27:39,820 - src.config.config_manager - INFO - Configuration loaded successfully
2026-01-04 15:27:39,861 - src.config.config_manager - INFO - Configuration saved successfully
2026-01-04 15:27:39,861 - src.ui.main_window - INFO - Switched to panel: library
2026-01-04 15:27:39,962 - __main__ - INFO - Application started successfully
2026-01-04 15:27:44,746 - src.config.config_manager - INFO - Configuration saved successfully
2026-01-04 15:27:44,746 - src.config.config_manager - INFO - Configuration saved successfully
2026-01-04 15:27:46,703 - src.config.config_manager - INFO - Configuration saved successfully
2026-01-04 15:27:46,703 - src.config.config_manager - INFO - Configuration saved successfully
2026-01-04 15:27:46,703 - src.ui.main_window - INFO - Application closed
2026-01-04 15:28:17,420 - src.config.config_manager - INFO - Configuration loaded successfully
2026-01-04 15:28:17,426 - src.config.config_manager - INFO - Configuration loaded successfully
2026-01-04 15:28:17,468 - src.config.config_manager - INFO - Configuration saved successfully
2026-01-04 15:28:17,468 - src.ui.main_window - INFO - Switched to panel: library
2026-01-04 15:28:17,566 - __main__ - INFO - Application started successfully
2026-01-04 15:28:22,493 - src.config.config_manager - INFO - Configuration saved successfully
2026-01-04 15:28:22,494 - src.config.config_manager - INFO - Configuration saved successfully
2026-01-04 15:28:22,494 - src.ui.main_window - INFO - Application closed
2026-01-04 15:29:06,552 - src.config.config_manager - INFO - Configuration loaded successfully
2026-01-04 15:29:06,558 - src.config.config_manager - INFO - Configuration loaded successfully
2026-01-04 15:29:06,599 - src.config.config_manager - INFO - Configuration saved successfully
2026-01-04 15:29:06,599 - src.ui.main_window - INFO - Switched to panel: library
2026-01-04 15:29:06,700 - __main__ - INFO - Application started successfully
2026-01-04 15:29:11,746 - src.config.config_manager - INFO - Configuration saved successfully
2026-01-04 15:29:11,746 - src.config.config_manager - INFO - Configuration saved successfully
2026-01-04 15:29:12,763 - src.config.config_manager - INFO - Configuration saved successfully
2026-01-04 15:29:12,763 - src.config.config_manager - INFO - Configuration saved successfully
2026-01-04 15:29:12,763 - src.ui.main_window - INFO - Application closed
2026-01-04 15:29:45,461 - src.config.config_manager - INFO - Configuration loaded successfully
2026-01-04 15:29:45,468 - src.config.config_manager - INFO - Configuration loaded successfully
2026-01-04 15:29:45,509 - src.config.config_manager - INFO - Configuration saved successfully
2026-01-04 15:29:45,509 - src.ui.main_window - INFO - Switched to panel: library
2026-01-04 15:29:45,613 - __main__ - INFO - Application started successfully
2026-01-04 15:29:50,646 - src.config.config_manager - INFO - Configuration saved successfully
2026-01-04 15:29:50,646 - src.config.config_manager - INFO - Configuration saved successfully
2026-01-04 15:29:50,647 - src.ui.main_window - INFO - Application closed
2026-01-04 15:30:07,748 - src.config.config_manager - INFO - Configuration loaded successfully
2026-01-04 15:30:07,754 - src.config.config_manager - INFO - Configuration loaded successfully
2026-01-04 15:30:07,796 - src.config.config_manager - INFO - Configuration saved successfully
2026-01-04 15:30:07,796 - src.ui.main_window - INFO - Switched to panel: library
2026-01-04 15:30:07,898 - __main__ - INFO - Application started successfully
2026-01-04 15:30:12,746 - src.config.config_manager - INFO - Configuration saved successfully
2026-01-04 15:30:12,747 - src.config.config_manager - INFO - Configuration saved successfully
2026-01-04 15:30:17,746 - src.config.config_manager - INFO - Configuration saved successfully
2026-01-04 15:30:17,747 - src.config.config_manager - INFO - Configuration saved successfully
2026-01-04 15:30:22,747 - src.config.config_manager - INFO - Configuration saved successfully
2026-01-04 15:30:22,747 - src.config.config_manager - INFO - Configuration saved successfully
2026-01-04 15:30:27,746 - src.config.config_manager - INFO - Configuration saved successfully
2026-01-04 15:30:27,747 - src.config.config_manager - INFO - Configuration saved successfully
2026-01-04 15:30:32,746 - src.config.config_manager - INFO - Configuration saved successfully
2026-01-04 15:30:32,746 - src.config.config_manager - INFO - Configuration saved successfully
2026-01-04 15:30:36,369 - src.config.config_manager - INFO - Configuration saved successfully
2026-01-04 15:30:36,369 - src.config.config_manager - INFO - Configuration saved successfully
2026-01-04 15:30:36,370 - src.ui.main_window - INFO - Application closed
2026-01-04 15:31:24,314 - src.config.config_manager - INFO - Configuration loaded successfully
2026-01-04 15:31:24,320 - src.config.config_manager - INFO - Configuration loaded successfully
2026-01-04 15:31:24,358 - src.config.config_manager - INFO - Configuration saved successfully
2026-01-04 15:31:24,358 - src.ui.main_window - INFO - Switched to panel: library
2026-01-04 15:31:24,405 - __main__ - INFO - Application started successfully
2026-01-04 15:31:29,610 - src.config.config_manager - INFO - Configuration saved successfully
2026-01-04 15:31:29,611 - src.config.config_manager - INFO - Configuration saved successfully
2026-01-04 15:31:33,073 - src.config.config_manager - INFO - Configuration saved successfully
2026-01-04 15:31:33,074 - src.config.config_manager - INFO - Configuration saved successfully
2026-01-04 15:31:33,074 - src.ui.main_window - INFO - Application closed
2026-01-04 15:32:36,468 - src.config.config_manager - INFO - Configuration loaded successfully
2026-01-04 15:32:36,475 - src.config.config_manager - INFO - Configuration loaded successfully
2026-01-04 15:32:36,528 - src.config.config_manager - INFO - Configuration saved successfully
2026-01-04 15:32:36,528 - src.ui.main_window - INFO - Switched to panel: library
2026-01-04 15:32:36,574 - __main__ - INFO - Application started successfully
2026-01-04 15:32:41,747 - src.config.config_manager - INFO - Configuration saved successfully
2026-01-04 15:32:41,747 - src.config.config_manager - INFO - Configuration saved successfully
2026-01-04 15:32:46,745 - src.config.config_manager - INFO - Configuration saved successfully
2026-01-04 15:32:46,745 - src.config.config_manager - INFO - Configuration saved successfully
2026-01-04 15:32:51,745 - src.config.config_manager - INFO - Configuration saved successfully
2026-01-04 15:32:51,746 - src.config.config_manager - INFO - Configuration saved successfully
2026-01-04 15:32:56,746 - src.config.config_manager - INFO - Configuration saved successfully
2026-01-04 15:32:56,746 - src.config.config_manager - INFO - Configuration saved successfully
2026-01-04 15:33:01,746 - src.config.config_manager - INFO - Configuration saved successfully
2026-01-04 15:33:01,746 - src.config.config_manager - INFO - Configuration saved successfully
2026-01-04 15:33:06,745 - src.config.config_manager - INFO - Configuration saved successfully
2026-01-04 15:33:06,746 - src.config.config_manager - INFO - Configuration saved successfully
2026-01-04 15:33:11,746 - src.config.config_manager - INFO - Configuration saved successfully
2026-01-04 15:33:11,746 - src.config.config_manager - INFO - Configuration saved successfully
2026-01-04 15:33:16,745 - src.config.config_manager - INFO - Configuration saved successfully
2026-01-04 15:33:16,745 - src.config.config_manager - INFO - Configuration saved successfully
2026-01-04 15:33:20,372 - src.ui.panels.base_panel.library - INFO - Updated cell sizes: 282x338, icon: 260x260
2026-01-04 15:33:21,745 - src.config.config_manager - INFO - Configuration saved successfully
2026-01-04 15:33:21,745 - src.config.config_manager - INFO - Configuration saved successfully
2026-01-04 15:33:26,746 - src.config.config_manager - INFO - Configuration saved successfully
2026-01-04 15:33:26,747 - src.config.config_manager - INFO - Configuration saved successfully
2026-01-04 15:33:31,746 - src.config.config_manager - INFO - Configuration saved successfully
2026-01-04 15:33:31,746 - src.config.config_manager - INFO - Configuration saved successfully
2026-01-04 15:33:33,001 - src.config.config_manager - INFO - Configuration saved successfully
2026-01-04 15:33:33,001 - src.config.config_manager - INFO - Configuration saved successfully
2026-01-04 15:33:33,001 - src.ui.main_window - INFO - Application closed
2026-01-04 15:34:41,396 - src.config.config_manager - INFO - Configuration loaded successfully
2026-01-04 15:34:41,402 - src.config.config_manager - INFO - Configuration loaded successfully
2026-01-04 15:34:41,456 - src.config.config_manager - INFO - Configuration saved successfully
2026-01-04 15:34:41,456 - src.ui.main_window - INFO - Switched to panel: library
2026-01-04 15:34:41,502 - __main__ - INFO - Application started successfully
2026-01-04 15:34:47,707 - src.ui.panels.base_panel.library - INFO - Updated cell sizes: 282x338, icon: 260x260
2026-01-04 15:34:47,711 - src.config.config_manager - INFO - Configuration saved successfully
2026-01-04 15:34:47,711 - src.config.config_manager - INFO - Configuration saved successfully
2026-01-04 15:34:51,746 - src.config.config_manager - INFO - Configuration saved successfully
2026-01-04 15:34:51,747 - src.config.config_manager - INFO - Configuration saved successfully
2026-01-04 15:34:56,745 - src.config.config_manager - INFO - Configuration saved successfully
2026-01-04 15:34:56,745 - src.config.config_manager - INFO - Configuration saved successfully
2026-01-04 15:35:01,748 - src.config.config_manager - INFO - Configuration saved successfully
2026-01-04 15:35:01,749 - src.config.config_manager - INFO - Configuration saved successfully
2026-01-04 15:35:06,746 - src.config.config_manager - INFO - Configuration saved successfully
2026-01-04 15:35:06,746 - src.config.config_manager - INFO - Configuration saved successfully
2026-01-04 15:35:11,748 - src.config.config_manager - INFO - Configuration saved successfully
2026-01-04 15:35:11,748 - src.config.config_manager - INFO - Configuration saved successfully
2026-01-04 15:35:16,746 - src.config.config_manager - INFO - Configuration saved successfully
2026-01-04 15:35:16,747 - src.config.config_manager - INFO - Configuration saved successfully
2026-01-04 15:35:21,746 - src.config.config_manager - INFO - Configuration saved successfully
2026-01-04 15:35:21,746 - src.config.config_manager - INFO - Configuration saved successfully
2026-01-04 15:35:26,746 - src.config.config_manager - INFO - Configuration saved successfully
2026-01-04 15:35:26,747 - src.config.config_manager - INFO - Configuration saved successfully
2026-01-04 15:35:31,745 - src.config.config_manager - INFO - Configuration saved successfully
2026-01-04 15:35:31,745 - src.config.config_manager - INFO - Configuration saved successfully
2026-01-04 15:35:36,746 - src.config.config_manager - INFO - Configuration saved successfully
2026-01-04 15:35:36,746 - src.config.config_manager - INFO - Configuration saved successfully
2026-01-04 15:35:41,745 - src.config.config_manager - INFO - Configuration saved successfully
2026-01-04 15:35:41,745 - src.config.config_manager - INFO - Configuration saved successfully
2026-01-04 15:35:46,746 - src.config.config_manager - INFO - Configuration saved successfully
2026-01-04 15:35:46,746 - src.config.config_manager - INFO - Configuration saved successfully
2026-01-04 15:35:51,746 - src.config.config_manager - INFO - Configuration saved successfully
2026-01-04 15:35:51,746 - src.config.config_manager - INFO - Configuration saved successfully
2026-01-04 15:35:56,745 - src.config.config_manager - INFO - Configuration saved successfully
2026-01-04 15:35:56,745 - src.config.config_manager - INFO - Configuration saved successfully
2026-01-04 15:36:01,746 - src.config.config_manager - INFO - Configuration saved successfully
2026-01-04 15:36:01,746 - src.config.config_manager - INFO - Configuration saved successfully
2026-01-04 15:36:06,746 - src.config.config_manager - INFO - Configuration saved successfully
2026-01-04 15:36:06,747 - src.config.config_manager - INFO - Configuration saved successfully
2026-01-04 15:36:11,746 - src.config.config_manager - INFO - Configuration saved successfully
2026-01-04 15:36:11,747 - src.config.config_manager - INFO - Configuration saved successfully
2026-01-04 15:36:16,745 - src.config.config_manager - INFO - Configuration saved successfully
2026-01-04 15:36:16,745 - src.config.config_manager - INFO - Configuration saved successfully
2026-01-04 15:36:21,745 - src.config.config_manager - INFO - Configuration saved successfully
2026-01-04 15:36:21,745 - src.config.config_manager - INFO - Configuration saved successfully
2026-01-04 15:36:26,746 - src.config.config_manager - INFO - Configuration saved successfully
2026-01-04 15:36:26,746 - src.config.config_manager - INFO - Configuration saved successfully
2026-01-04 15:36:31,746 - src.config.config_manager - INFO - Configuration saved successfully
2026-01-04 15:36:31,747 - src.config.config_manager - INFO - Configuration saved successfully
2026-01-04 15:36:36,746 - src.config.config_manager - INFO - Configuration saved successfully
2026-01-04 15:36:36,746 - src.config.config_manager - INFO - Configuration saved successfully
2026-01-04 15:36:41,746 - src.config.config_manager - INFO - Configuration saved successfully
2026-01-04 15:36:41,747 - src.config.config_manager - INFO - Configuration saved successfully
2026-01-04 15:36:46,746 - src.config.config_manager - INFO - Configuration saved successfully
2026-01-04 15:36:46,746 - src.config.config_manager - INFO - Configuration saved successfully
2026-01-04 15:36:51,746 - src.config.config_manager - INFO - Configuration saved successfully
2026-01-04 15:36:51,746 - src.config.config_manager - INFO - Configuration saved successfully
2026-01-04 15:36:56,746 - src.config.config_manager - INFO - Configuration saved successfully
2026-01-04 15:36:56,746 - src.config.config_manager - INFO - Configuration saved successfully
2026-01-04 15:37:01,745 - src.config.config_manager - INFO - Configuration saved successfully
2026-01-04 15:37:01,746 - src.config.config_manager - INFO - Configuration saved successfully
2026-01-04 15:37:06,746 - src.config.config_manager - INFO - Configuration saved successfully
2026-01-04 15:37:06,747 - src.config.config_manager - INFO - Configuration saved successfully
2026-01-04 15:37:11,746 - src.config.config_manager - INFO - Configuration saved successfully
2026-01-04 15:37:11,747 - src.config.config_manager - INFO - Configuration saved successfully
2026-01-04 15:37:16,746 - src.config.config_manager - INFO - Configuration saved successfully
2026-01-04 15:37:16,746 - src.config.config_manager - INFO - Configuration saved successfully
2026-01-04 15:37:21,745 - src.config.config_manager - INFO - Configuration saved successfully
2026-01-04 15:37:21,746 - src.config.config_manager - INFO - Configuration saved successfully
2026-01-04 15:37:26,746 - src.config.config_manager - INFO - Configuration saved successfully
2026-01-04 15:37:26,747 - src.config.config_manager - INFO - Configuration saved successfully
2026-01-04 15:37:31,745 - src.config.config_manager - INFO - Configuration saved successfully
2026-01-04 15:37:31,746 - src.config.config_manager - INFO - Configuration saved successfully
2026-01-04 15:37:36,746 - src.config.config_manager - INFO - Configuration saved successfully
2026-01-04 15:37:36,746 - src.config.config_manager - INFO - Configuration saved successfully
2026-01-04 15:37:41,746 - src.config.config_manager - INFO - Configuration saved successfully
2026-01-04 15:37:41,750 - src.config.config_manager - INFO - Configuration saved successfully
2026-01-04 15:37:46,746 - src.config.config_manager - INFO - Configuration saved successfully
2026-01-04 15:37:46,746 - src.config.config_manager - INFO - Configuration saved successfully
2026-01-04 15:37:51,746 - src.config.config_manager - INFO - Configuration saved successfully
2026-01-04 15:37:51,747 - src.config.config_manager - INFO - Configuration saved successfully
2026-01-04 15:37:56,746 - src.config.config_manager - INFO - Configuration saved successfully
2026-01-04 15:37:56,747 - src.config.config_manager - INFO - Configuration saved successfully
2026-01-04 15:38:01,746 - src.config.config_manager - INFO - Configuration saved successfully
2026-01-04 15:38:01,746 - src.config.config_manager - INFO - Configuration saved successfully
2026-01-04 15:38:06,746 - src.config.config_manager - INFO - Configuration saved successfully
2026-01-04 15:38:06,746 - src.config.config_manager - INFO - Configuration saved successfully
2026-01-04 15:38:11,746 - src.config.config_manager - INFO - Configuration saved successfully
2026-01-04 15:38:11,747 - src.config.config_manager - INFO - Configuration saved successfully
2026-01-04 15:38:16,746 - src.config.config_manager - INFO - Configuration saved successfully
2026-01-04 15:38:16,746 - src.config.config_manager - INFO - Configuration saved successfully
2026-01-04 15:38:21,746 - src.config.config_manager - INFO - Configuration saved successfully
2026-01-04 15:38:21,746 - src.config.config_manager - INFO - Configuration saved successfully
2026-01-04 15:38:26,746 - src.config.config_manager - INFO - Configuration saved successfully
2026-01-04 15:38:26,746 - src.config.config_manager - INFO - Configuration saved successfully
2026-01-04 15:38:31,745 - src.config.config_manager - INFO - Configuration saved successfully
2026-01-04 15:38:31,746 - src.config.config_manager - INFO - Configuration saved successfully
2026-01-04 15:38:36,746 - src.config.config_manager - INFO - Configuration saved successfully
2026-01-04 15:38:36,747 - src.config.config_manager - INFO - Configuration saved successfully
2026-01-04 15:38:41,746 - src.config.config_manager - INFO - Configuration saved successfully
2026-01-04 15:38:41,746 - src.config.config_manager - INFO - Configuration saved successfully
2026-01-04 15:38:46,746 - src.config.config_manager - INFO - Configuration saved successfully
2026-01-04 15:38:46,746 - src.config.config_manager - INFO - Configuration saved successfully
2026-01-04 15:38:51,746 - src.config.config_manager - INFO - Configuration saved successfully
2026-01-04 15:38:51,747 - src.config.config_manager - INFO - Configuration saved successfully
2026-01-04 15:38:56,745 - src.config.config_manager - INFO - Configuration saved successfully
2026-01-04 15:38:56,746 - src.config.config_manager - INFO - Configuration saved successfully
2026-01-04 15:39:01,746 - src.config.config_manager - INFO - Configuration saved successfully
2026-01-04 15:39:01,746 - src.config.config_manager - INFO - Configuration saved successfully
2026-01-04 15:39:06,746 - src.config.config_manager - INFO - Configuration saved successfully
2026-01-04 15:39:06,746 - src.config.config_manager - INFO - Configuration saved successfully
2026-01-04 15:39:11,745 - src.config.config_manager - INFO - Configuration saved successfully
2026-01-04 15:39:11,746 - src.config.config_manager - INFO - Configuration saved successfully
2026-01-04 15:39:16,745 - src.config.config_manager - INFO - Configuration saved successfully
2026-01-04 15:39:16,746 - src.config.config_manager - INFO - Configuration saved successfully
2026-01-04 15:39:21,746 - src.config.config_manager - INFO - Configuration saved successfully
2026-01-04 15:39:21,746 - src.config.config_manager - INFO - Configuration saved successfully
2026-01-04 15:39:26,746 - src.config.config_manager - INFO - Configuration saved successfully
2026-01-04 15:39:26,746 - src.config.config_manager - INFO - Configuration saved successfully
2026-01-04 15:39:31,746 - src.config.config_manager - INFO - Configuration saved successfully
2026-01-04 15:39:31,746 - src.config.config_manager - INFO - Configuration saved successfully
2026-01-04 15:39:36,746 - src.config.config_manager - INFO - Configuration saved successfully
2026-01-04 15:39:36,746 - src.config.config_manager - INFO - Configuration saved successfully
2026-01-04 15:39:41,747 - src.config.config_manager - INFO - Configuration saved successfully
2026-01-04 15:39:41,747 - src.config.config_manager - INFO - Configuration saved successfully
2026-01-04 15:39:46,746 - src.config.config_manager - INFO - Configuration saved successfully
2026-01-04 15:39:46,747 - src.config.config_manager - INFO - Configuration saved successfully
2026-01-04 15:39:51,747 - src.config.config_manager - INFO - Configuration saved successfully
2026-01-04 15:39:51,748 - src.config.config_manager - INFO - Configuration saved successfully
2026-01-04 15:39:56,747 - src.config.config_manager - INFO - Configuration saved successfully
2026-01-04 15:39:56,747 - src.config.config_manager - INFO - Configuration saved successfully
2026-01-04 15:40:01,747 - src.config.config_manager - INFO - Configuration saved successfully
2026-01-04 15:40:01,748 - src.config.config_manager - INFO - Configuration saved successfully
2026-01-04 15:40:06,746 - src.config.config_manager - INFO - Configuration saved successfully
2026-01-04 15:40:06,747 - src.config.config_manager - INFO - Configuration saved successfully
2026-01-04 15:40:11,746 - src.config.config_manager - INFO - Configuration saved successfully
2026-01-04 15:40:11,747 - src.config.config_manager - INFO - Configuration saved successfully
2026-01-04 15:40:16,747 - src.config.config_manager - INFO - Configuration saved successfully
2026-01-04 15:40:16,747 - src.config.config_manager - INFO - Configuration saved successfully
2026-01-04 15:40:21,747 - src.config.config_manager - INFO - Configuration saved successfully
2026-01-04 15:40:21,747 - src.config.config_manager - INFO - Configuration saved successfully
2026-01-04 15:40:26,747 - src.config.config_manager - INFO - Configuration saved successfully
2026-01-04 15:40:26,748 - src.config.config_manager - INFO - Configuration saved successfully
2026-01-04 15:40:31,746 - src.config.config_manager - INFO - Configuration saved successfully
2026-01-04 15:40:31,746 - src.config.config_manager - INFO - Configuration saved successfully
2026-01-04 15:40:36,747 - src.config.config_manager - INFO - Configuration saved successfully
2026-01-04 15:40:36,747 - src.config.config_manager - INFO - Configuration saved successfully
2026-01-04 15:40:41,746 - src.config.config_manager - INFO - Configuration saved successfully
2026-01-04 15:40:41,747 - src.config.config_manager - INFO - Configuration saved successfully
2026-01-04 15:40:46,747 - src.config.config_manager - INFO - Configuration saved successfully
2026-01-04 15:40:46,747 - src.config.config_manager - INFO - Configuration saved successfully
2026-01-04 15:40:51,747 - src.config.config_manager - INFO - Configuration saved successfully
2026-01-04 15:40:51,748 - src.config.config_manager - INFO - Configuration saved successfully
2026-01-04 15:40:56,746 - src.config.config_manager - INFO - Configuration saved successfully
2026-01-04 15:40:56,747 - src.config.config_manager - INFO - Configuration saved successfully
2026-01-04 15:41:01,747 - src.config.config_manager - INFO - Configuration saved successfully
2026-01-04 15:41:01,747 - src.config.config_manager - INFO - Configuration saved successfully
2026-01-04 15:41:06,747 - src.config.config_manager - INFO - Configuration saved successfully
2026-01-04 15:41:06,747 - src.config.config_manager - INFO - Configuration saved successfully
2026-01-04 15:41:11,747 - src.config.config_manager - INFO - Configuration saved successfully
2026-01-04 15:41:11,748 - src.config.config_manager - INFO - Configuration saved successfully
2026-01-04 15:41:16,746 - src.config.config_manager - INFO - Configuration saved successfully
2026-01-04 15:41:16,747 - src.config.config_manager - INFO - Configuration saved successfully
2026-01-04 15:41:21,747 - src.config.config_manager - INFO - Configuration saved successfully
2026-01-04 15:41:21,747 - src.config.config_manager - INFO - Configuration saved successfully
2026-01-04 15:41:26,747 - src.config.config_manager - INFO - Configuration saved successfully
2026-01-04 15:41:26,748 - src.config.config_manager - INFO - Configuration saved successfully
2026-01-04 15:41:31,748 - src.config.config_manager - INFO - Configuration saved successfully
2026-01-04 15:41:31,748 - src.config.config_manager - INFO - Configuration saved successfully
2026-01-04 15:41:36,748 - src.config.config_manager - INFO - Configuration saved successfully
2026-01-04 15:41:36,748 - src.config.config_manager - INFO - Configuration saved successfully
2026-01-04 15:41:41,746 - src.config.config_manager - INFO - Configuration saved successfully
2026-01-04 15:41:41,747 - src.config.config_manager - INFO - Configuration saved successfully
2026-01-04 15:41:46,749 - src.config.config_manager - INFO - Configuration saved successfully
2026-01-04 15:41:46,749 - src.config.config_manager - INFO - Configuration saved successfully
2026-01-04 15:41:51,747 - src.config.config_manager - INFO - Configuration saved successfully
2026-01-04 15:41:51,748 - src.config.config_manager - INFO - Configuration saved successfully
2026-01-04 15:41:56,747 - src.config.config_manager - INFO - Configuration saved successfully
2026-01-04 15:41:56,748 - src.config.config_manager - INFO - Configuration saved successfully
2026-01-04 15:42:01,747 - src.config.config_manager - INFO - Configuration saved successfully
2026-01-04 15:42:01,748 - src.config.config_manager - INFO - Configuration saved successfully
2026-01-04 15:42:06,748 - src.config.config_manager - INFO - Configuration saved successfully
2026-01-04 15:42:06,749 - src.config.config_manager - INFO - Configuration saved successfully
2026-01-04 15:42:11,747 - src.config.config_manager - INFO - Configuration saved successfully
2026-01-04 15:42:11,748 - src.config.config_manager - INFO - Configuration saved successfully
2026-01-04 15:42:16,747 - src.config.config_manager - INFO - Configuration saved successfully
2026-01-04 15:42:16,748 - src.config.config_manager - INFO - Configuration saved successfully
2026-01-04 15:42:21,746 - src.config.config_manager - INFO - Configuration saved successfully
2026-01-04 15:42:21,747 - src.config.config_manager - INFO - Configuration saved successfully
2026-01-04 15:42:26,748 - src.config.config_manager - INFO - Configuration saved successfully
2026-01-04 15:42:26,748 - src.config.config_manager - INFO - Configuration saved successfully
2026-01-04 15:42:31,747 - src.config.config_manager - INFO - Configuration saved successfully
2026-01-04 15:42:31,748 - src.config.config_manager - INFO - Configuration saved successfully
2026-01-04 15:42:36,747 - src.config.config_manager - INFO - Configuration saved successfully
2026-01-04 15:42:36,748 - src.config.config_manager - INFO - Configuration saved successfully
2026-01-04 15:42:41,747 - src.config.config_manager - INFO - Configuration saved successfully
2026-01-04 15:42:41,747 - src.config.config_manager - INFO - Configuration saved successfully
2026-01-04 15:42:46,748 - src.config.config_manager - INFO - Configuration saved successfully
2026-01-04 15:42:46,749 - src.config.config_manager - INFO - Configuration saved successfully
2026-01-04 15:42:51,748 - src.config.config_manager - INFO - Configuration saved successfully
2026-01-04 15:42:51,748 - src.config.config_manager - INFO - Configuration saved successfully
2026-01-04 15:42:56,747 - src.config.config_manager - INFO - Configuration saved successfully
2026-01-04 15:42:56,747 - src.config.config_manager - INFO - Configuration saved successfully
2026-01-04 15:43:01,748 - src.config.config_manager - INFO - Configuration saved successfully
2026-01-04 15:43:01,749 - src.config.config_manager - INFO - Configuration saved successfully
2026-01-04 15:43:06,746 - src.config.config_manager - INFO - Configuration saved successfully
2026-01-04 15:43:06,747 - src.config.config_manager - INFO - Configuration saved successfully
2026-01-04 15:43:11,747 - src.config.config_manager - INFO - Configuration saved successfully
2026-01-04 15:43:11,747 - src.config.config_manager - INFO - Configuration saved successfully
2026-01-04 15:43:16,747 - src.config.config_manager - INFO - Configuration saved successfully
2026-01-04 15:43:16,748 - src.config.config_manager - INFO - Configuration saved successfully
2026-01-04 15:43:21,747 - src.config.config_manager - INFO - Configuration saved successfully
2026-01-04 15:43:21,748 - src.config.config_manager - INFO - Configuration saved successfully
2026-01-04 15:43:26,747 - src.config.config_manager - INFO - Configuration saved successfully
2026-01-04 15:43:26,748 - src.config.config_manager - INFO - Configuration saved successfully
2026-01-04 15:43:31,747 - src.config.config_manager - INFO - Configuration saved successfully
2026-01-04 15:43:31,747 - src.config.config_manager - INFO - Configuration saved successfully
2026-01-04 15:43:36,749 - src.config.config_manager - INFO - Configuration saved successfully
2026-01-04 15:43:36,750 - src.config.config_manager - INFO - Configuration saved successfully
2026-01-04 15:43:41,747 - src.config.config_manager - INFO - Configuration saved successfully
2026-01-04 15:43:41,747 - src.config.config_manager - INFO - Configuration saved successfully
2026-01-04 15:43:46,748 - src.config.config_manager - INFO - Configuration saved successfully
2026-01-04 15:43:46,749 - src.config.config_manager - INFO - Configuration saved successfully
2026-01-04 15:43:51,747 - src.config.config_manager - INFO - Configuration saved successfully
2026-01-04 15:43:51,748 - src.config.config_manager - INFO - Configuration saved successfully
2026-01-04 15:43:56,747 - src.config.config_manager - INFO - Configuration saved successfully
2026-01-04 15:43:56,748 - src.config.config_manager - INFO - Configuration saved successfully
2026-01-04 15:44:01,746 - src.config.config_manager - INFO - Configuration saved successfully
2026-01-04 15:44:01,747 - src.config.config_manager - INFO - Configuration saved successfully
2026-01-04 15:44:06,747 - src.config.config_manager - INFO - Configuration saved successfully
2026-01-04 15:44:06,747 - src.config.config_manager - INFO - Configuration saved successfully
2026-01-04 15:44:11,747 - src.config.config_manager - INFO - Configuration saved successfully
2026-01-04 15:44:11,748 - src.config.config_manager - INFO - Configuration saved successfully
2026-01-04 15:44:16,748 - src.config.config_manager - INFO - Configuration saved successfully
2026-01-04 15:44:16,749 - src.config.config_manager - INFO - Configuration saved successfully
2026-01-04 15:44:21,748 - src.config.config_manager - INFO - Configuration saved successfully
2026-01-04 15:44:21,748 - src.config.config_manager - INFO - Configuration saved successfully
2026-01-04 15:44:26,748 - src.config.config_manager - INFO - Configuration saved successfully
2026-01-04 15:44:26,748 - src.config.config_manager - INFO - Configuration saved successfully
2026-01-04 15:44:31,748 - src.config.config_manager - INFO - Configuration saved successfully
2026-01-04 15:44:31,749 - src.config.config_manager - INFO - Configuration saved successfully
2026-01-04 15:44:36,746 - src.config.config_manager - INFO - Configuration saved successfully
2026-01-04 15:44:36,747 - src.config.config_manager - INFO - Configuration saved successfully
2026-01-04 15:44:41,746 - src.config.config_manager - INFO - Configuration saved successfully
2026-01-04 15:44:41,747 - src.config.config_manager - INFO - Configuration saved successfully
2026-01-04 15:44:46,748 - src.config.config_manager - INFO - Configuration saved successfully
2026-01-04 15:44:46,749 - src.config.config_manager - INFO - Configuration saved successfully
2026-01-04 15:44:51,746 - src.config.config_manager - INFO - Configuration saved successfully
2026-01-04 15:44:51,747 - src.config.config_manager - INFO - Configuration saved successfully
2026-01-04 15:44:56,748 - src.config.config_manager - INFO - Configuration saved successfully
2026-01-04 15:44:56,748 - src.config.config_manager - INFO - Configuration saved successfully
2026-01-04 15:45:01,747 - src.config.config_manager - INFO - Configuration saved successfully
2026-01-04 15:45:01,747 - src.config.config_manager - INFO - Configuration saved successfully
2026-01-04 15:45:06,748 - src.config.config_manager - INFO - Configuration saved successfully
2026-01-04 15:45:06,749 - src.config.config_manager - INFO - Configuration saved successfully
2026-01-04 15:45:11,747 - src.config.config_manager - INFO - Configuration saved successfully
2026-01-04 15:45:11,748 - src.config.config_manager - INFO - Configuration saved successfully
2026-01-04 15:45:16,748 - src.config.config_manager - INFO - Configuration saved successfully
2026-01-04 15:45:16,748 - src.config.config_manager - INFO - Configuration saved successfully
2026-01-04 15:45:21,746 - src.config.config_manager - INFO - Configuration saved successfully
2026-01-04 15:45:21,747 - src.config.config_manager - INFO - Configuration saved successfully
2026-01-04 15:45:26,748 - src.config.config_manager - INFO - Configuration saved successfully
2026-01-04 15:45:26,748 - src.config.config_manager - INFO - Configuration saved successfully
2026-01-04 15:45:31,748 - src.config.config_manager - INFO - Configuration saved successfully
2026-01-04 15:45:31,749 - src.config.config_manager - INFO - Configuration saved successfully
2026-01-04 15:45:36,749 - src.config.config_manager - INFO - Configuration saved successfully
2026-01-04 15:45:36,749 - src.config.config_manager - INFO - Configuration saved successfully
2026-01-04 15:45:41,748 - src.config.config_manager - INFO - Configuration saved successfully
2026-01-04 15:45:41,748 - src.config.config_manager - INFO - Configuration saved successfully
2026-01-04 15:45:46,747 - src.config.config_manager - INFO - Configuration saved successfully
2026-01-04 15:45:46,748 - src.config.config_manager - INFO - Configuration saved successfully
2026-01-04 15:45:51,748 - src.config.config_manager - INFO - Configuration saved successfully
2026-01-04 15:45:51,748 - src.config.config_manager - INFO - Configuration saved successfully
2026-01-04 15:45:56,748 - src.config.config_manager - INFO - Configuration saved successfully
2026-01-04 15:45:56,748 - src.config.config_manager - INFO - Configuration saved successfully
2026-01-04 15:46:01,746 - src.config.config_manager - INFO - Configuration saved successfully
2026-01-04 15:46:01,747 - src.config.config_manager - INFO - Configuration saved successfully
2026-01-04 15:46:06,746 - src.config.config_manager - INFO - Configuration saved successfully
2026-01-04 15:46:06,747 - src.config.config_manager - INFO - Configuration saved successfully
2026-01-04 15:46:11,747 - src.config.config_manager - INFO - Configuration saved successfully
2026-01-04 15:46:11,748 - src.config.config_manager - INFO - Configuration saved successfully
2026-01-04 15:46:16,747 - src.config.config_manager - INFO - Configuration saved successfully
2026-01-04 15:46:16,748 - src.config.config_manager - INFO - Configuration saved successfully
2026-01-04 15:46:21,748 - src.config.config_manager - INFO - Configuration saved successfully
2026-01-04 15:46:21,748 - src.config.config_manager - INFO - Configuration saved successfully
2026-01-04 15:46:26,748 - src.config.config_manager - INFO - Configuration saved successfully
2026-01-04 15:46:26,748 - src.config.config_manager - INFO - Configuration saved successfully
2026-01-04 15:46:31,747 - src.config.config_manager - INFO - Configuration saved successfully
2026-01-04 15:46:31,748 - src.config.config_manager - INFO - Configuration saved successfully
2026-01-04 15:46:36,746 - src.config.config_manager - INFO - Configuration saved successfully
2026-01-04 15:46:36,747 - src.config.config_manager - INFO - Configuration saved successfully
2026-01-04 15:46:41,748 - src.config.config_manager - INFO - Configuration saved successfully
2026-01-04 15:46:41,748 - src.config.config_manager - INFO - Configuration saved successfully
2026-01-04 15:46:46,747 - src.config.config_manager - INFO - Configuration saved successfully
2026-01-04 15:46:46,748 - src.config.config_manager - INFO - Configuration saved successfully
2026-01-04 15:46:51,748 - src.config.config_manager - INFO - Configuration saved successfully
2026-01-04 15:46:51,749 - src.config.config_manager - INFO - Configuration saved successfully
2026-01-04 15:46:56,747 - src.config.config_manager - INFO - Configuration saved successfully
2026-01-04 15:46:56,747 - src.config.config_manager - INFO - Configuration saved successfully
2026-01-04 15:47:01,746 - src.config.config_manager - INFO - Configuration saved successfully
2026-01-04 15:47:01,746 - src.config.config_manager - INFO - Configuration saved successfully
2026-01-04 15:47:06,747 - src.config.config_manager - INFO - Configuration saved successfully
2026-01-04 15:47:06,748 - src.config.config_manager - INFO - Configuration saved successfully
2026-01-04 15:47:11,747 - src.config.config_manager - INFO - Configuration saved successfully
2026-01-04 15:47:11,747 - src.config.config_manager - INFO - Configuration saved successfully
2026-01-04 15:47:16,747 - src.config.config_manager - INFO - Configuration saved successfully
2026-01-04 15:47:16,747 - src.config.config_manager - INFO - Configuration saved successfully
2026-01-04 15:47:21,746 - src.config.config_manager - INFO - Configuration saved successfully
2026-01-04 15:47:21,747 - src.config.config_manager - INFO - Configuration saved successfully
2026-01-04 15:47:26,747 - src.config.config_manager - INFO - Configuration saved successfully
2026-01-04 15:47:26,747 - src.config.config_manager - INFO - Configuration saved successfully
2026-01-04 15:47:31,747 - src.config.config_manager - INFO - Configuration saved successfully
2026-01-04 15:47:31,748 - src.config.config_manager - INFO - Configuration saved successfully
2026-01-04 15:47:36,747 - src.config.config_manager - INFO - Configuration saved successfully
2026-01-04 15:47:36,748 - src.config.config_manager - INFO - Configuration saved successfully
2026-01-04 15:47:41,748 - src.config.config_manager - INFO - Configuration saved successfully
2026-01-04 15:47:41,749 - src.config.config_manager - INFO - Configuration saved successfully
2026-01-04 15:47:46,747 - src.config.config_manager - INFO - Configuration saved successfully
2026-01-04 15:47:46,748 - src.config.config_manager - INFO - Configuration saved successfully
2026-01-04 15:47:51,747 - src.config.config_manager - INFO - Configuration saved successfully
2026-01-04 15:47:51,747 - src.config.config_manager - INFO - Configuration saved successfully
2026-01-04 15:47:56,747 - src.config.config_manager - INFO - Configuration saved successfully
2026-01-04 15:47:56,747 - src.config.config_manager - INFO - Configuration saved successfully
2026-01-04 15:48:01,748 - src.config.config_manager - INFO - Configuration saved successfully
2026-01-04 15:48:01,749 - src.config.config_manager - INFO - Configuration saved successfully
2026-01-04 15:48:06,748 - src.config.config_manager - INFO - Configuration saved successfully
2026-01-04 15:48:06,750 - src.config.config_manager - INFO - Configuration saved successfully
2026-01-04 15:48:11,747 - src.config.config_manager - INFO - Configuration saved successfully
2026-01-04 15:48:11,748 - src.config.config_manager - INFO - Configuration saved successfully
2026-01-04 15:48:16,747 - src.config.config_manager - INFO - Configuration saved successfully
2026-01-04 15:48:16,748 - src.config.config_manager - INFO - Configuration saved successfully
2026-01-04 15:48:21,747 - src.config.config_manager - INFO - Configuration saved successfully
2026-01-04 15:48:21,747 - src.config.config_manager - INFO - Configuration saved successfully
2026-01-04 15:48:26,747 - src.config.config_manager - INFO - Configuration saved successfully
2026-01-04 15:48:26,748 - src.config.config_manager - INFO - Configuration saved successfully
2026-01-04 15:48:31,747 - src.config.config_manager - INFO - Configuration saved successfully
2026-01-04 15:48:31,747 - src.config.config_manager - INFO - Configuration saved successfully
2026-01-04 15:48:36,746 - src.config.config_manager - INFO - Configuration saved successfully
2026-01-04 15:48:36,747 - src.config.config_manager - INFO - Configuration saved successfully
2026-01-04 15:48:41,747 - src.config.config_manager - INFO - Configuration saved successfully
2026-01-04 15:48:41,750 - src.config.config_manager - INFO - Configuration saved successfully
2026-01-04 15:48:46,748 - src.config.config_manager - INFO - Configuration saved successfully
2026-01-04 15:48:46,749 - src.config.config_manager - INFO - Configuration saved successfully
2026-01-04 15:48:51,747 - src.config.config_manager - INFO - Configuration saved successfully
2026-01-04 15:48:51,748 - src.config.config_manager - INFO - Configuration saved successfully
2026-01-04 15:48:56,747 - src.config.config_manager - INFO - Configuration saved successfully
2026-01-04 15:48:56,748 - src.config.config_manager - INFO - Configuration saved successfully
2026-01-04 15:49:01,748 - src.config.config_manager - INFO - Configuration saved successfully
2026-01-04 15:49:01,749 - src.config.config_manager - INFO - Configuration saved successfully
2026-01-04 15:49:06,749 - src.config.config_manager - INFO - Configuration saved successfully
2026-01-04 15:49:06,750 - src.config.config_manager - INFO - Configuration saved successfully
2026-01-04 15:49:11,747 - src.config.config_manager - INFO - Configuration saved successfully
2026-01-04 15:49:11,748 - src.config.config_manager - INFO - Configuration saved successfully
2026-01-04 15:49:16,748 - src.config.config_manager - INFO - Configuration saved successfully
2026-01-04 15:49:16,749 - src.config.config_manager - INFO - Configuration saved successfully
2026-01-04 15:49:21,746 - src.config.config_manager - INFO - Configuration saved successfully
2026-01-04 15:49:21,747 - src.config.config_manager - INFO - Configuration saved successfully
2026-01-04 15:49:26,747 - src.config.config_manager - INFO - Configuration saved successfully
2026-01-04 15:49:26,748 - src.config.config_manager - INFO - Configuration saved successfully
2026-01-04 15:49:31,747 - src.config.config_manager - INFO - Configuration saved successfully
2026-01-04 15:49:31,748 - src.config.config_manager - INFO - Configuration saved successfully
2026-01-04 15:49:36,748 - src.config.config_manager - INFO - Configuration saved successfully
2026-01-04 15:49:36,748 - src.config.config_manager - INFO - Configuration saved successfully
2026-01-04 15:49:41,747 - src.config.config_manager - INFO - Configuration saved successfully
2026-01-04 15:49:41,748 - src.config.config_manager - INFO - Configuration saved successfully
2026-01-04 15:49:46,749 - src.config.config_manager - INFO - Configuration saved successfully
2026-01-04 15:49:46,750 - src.config.config_manager - INFO - Configuration saved successfully
2026-01-04 15:49:51,747 - src.config.config_manager - INFO - Configuration saved successfully
2026-01-04 15:49:51,748 - src.config.config_manager - INFO - Configuration saved successfully
2026-01-04 15:49:56,746 - src.config.config_manager - INFO - Configuration saved successfully
2026-01-04 15:49:56,748 - src.config.config_manager - INFO - Configuration saved successfully
2026-01-04 15:50:01,747 - src.config.config_manager - INFO - Configuration saved successfully
2026-01-04 15:50:01,748 - src.config.config_manager - INFO - Configuration saved successfully
2026-01-04 15:50:06,747 - src.config.config_manager - INFO - Configuration saved successfully
2026-01-04 15:50:06,749 - src.config.config_manager - INFO - Configuration saved successfully
2026-01-04 15:50:11,747 - src.config.config_manager - INFO - Configuration saved successfully
2026-01-04 15:50:11,747 - src.config.config_manager - INFO - Configuration saved successfully
2026-01-04 15:50:16,747 - src.config.config_manager - INFO - Configuration saved successfully
2026-01-04 15:50:16,750 - src.config.config_manager - INFO - Configuration saved successfully
2026-01-04 15:50:21,747 - src.config.config_manager - INFO - Configuration saved successfully
2026-01-04 15:50:21,747 - src.config.config_manager - INFO - Configuration saved successfully
2026-01-04 15:50:26,746 - src.config.config_manager - INFO - Configuration saved successfully
2026-01-04 15:50:26,749 - src.config.config_manager - INFO - Configuration saved successfully
2026-01-04 15:50:31,747 - src.config.config_manager - INFO - Configuration saved successfully
2026-01-04 15:50:31,748 - src.config.config_manager - INFO - Configuration saved successfully
2026-01-04 15:50:36,747 - src.config.config_manager - INFO - Configuration saved successfully
2026-01-04 15:50:36,748 - src.config.config_manager - INFO - Configuration saved successfully
2026-01-04 15:50:41,747 - src.config.config_manager - INFO - Configuration saved successfully
2026-01-04 15:50:41,747 - src.config.config_manager - INFO - Configuration saved successfully
2026-01-04 15:50:46,747 - src.config.config_manager - INFO - Configuration saved successfully
2026-01-04 15:50:46,748 - src.config.config_manager - INFO - Configuration saved successfully
2026-01-04 15:50:51,747 - src.config.config_manager - INFO - Configuration saved successfully
2026-01-04 15:50:51,748 - src.config.config_manager - INFO - Configuration saved successfully
2026-01-04 15:50:56,748 - src.config.config_manager - INFO - Configuration saved successfully
2026-01-04 15:50:56,748 - src.config.config_manager - INFO - Configuration saved successfully
2026-01-04 15:51:01,747 - src.config.config_manager - INFO - Configuration saved successfully
2026-01-04 15:51:01,748 - src.config.config_manager - INFO - Configuration saved successfully
2026-01-04 15:51:06,749 - src.config.config_manager - INFO - Configuration saved successfully
2026-01-04 15:51:06,750 - src.config.config_manager - INFO - Configuration saved successfully
2026-01-04 15:51:11,752 - src.config.config_manager - INFO - Configuration saved successfully
2026-01-04 15:51:11,828 - src.config.config_manager - INFO - Configuration saved successfully
2026-01-04 15:51:16,747 - src.config.config_manager - INFO - Configuration saved successfully
2026-01-04 15:51:16,749 - src.config.config_manager - INFO - Configuration saved successfully
2026-01-04 15:51:21,747 - src.config.config_manager - INFO - Configuration saved successfully
2026-01-04 15:51:21,748 - src.config.config_manager - INFO - Configuration saved successfully
2026-01-04 15:51:26,748 - src.config.config_manager - INFO - Configuration saved successfully
2026-01-04 15:51:26,748 - src.config.config_manager - INFO - Configuration saved successfully
2026-01-04 15:51:31,747 - src.config.config_manager - INFO - Configuration saved successfully
2026-01-04 15:51:31,747 - src.config.config_manager - INFO - Configuration saved successfully
2026-01-04 15:51:36,747 - src.config.config_manager - INFO - Configuration saved successfully
2026-01-04 15:51:36,748 - src.config.config_manager - INFO - Configuration saved successfully
2026-01-04 15:51:41,749 - src.config.config_manager - INFO - Configuration saved successfully
2026-01-04 15:51:41,749 - src.config.config_manager - INFO - Configuration saved successfully
2026-01-04 15:51:46,747 - src.config.config_manager - INFO - Configuration saved successfully
2026-01-04 15:51:46,748 - src.config.config_manager - INFO - Configuration saved successfully
2026-01-04 15:51:51,747 - src.config.config_manager - INFO - Configuration saved successfully
2026-01-04 15:51:51,747 - src.config.config_manager - INFO - Configuration saved successfully
2026-01-04 15:51:56,746 - src.config.config_manager - INFO - Configuration saved successfully
2026-01-04 15:51:56,746 - src.config.config_manager - INFO - Configuration saved successfully
2026-01-04 15:52:01,747 - src.config.config_manager - INFO - Configuration saved successfully
2026-01-04 15:52:01,748 - src.config.config_manager - INFO - Configuration saved successfully
2026-01-04 15:52:06,746 - src.config.config_manager - INFO - Configuration saved successfully
2026-01-04 15:52:06,746 - src.config.config_manager - INFO - Configuration saved successfully
2026-01-04 15:52:11,751 - src.config.config_manager - INFO - Configuration saved successfully
2026-01-04 15:52:11,752 - src.config.config_manager - INFO - Configuration saved successfully
2026-01-04 15:52:16,748 - src.config.config_manager - INFO - Configuration saved successfully
2026-01-04 15:52:16,748 - src.config.config_manager - INFO - Configuration saved successfully
2026-01-04 15:52:21,747 - src.config.config_manager - INFO - Configuration saved successfully
2026-01-04 15:52:21,749 - src.config.config_manager - INFO - Configuration saved successfully
2026-01-04 15:52:26,746 - src.config.config_manager - INFO - Configuration saved successfully
2026-01-04 15:52:26,747 - src.config.config_manager - INFO - Configuration saved successfully
2026-01-04 15:52:31,748 - src.config.config_manager - INFO - Configuration saved successfully
2026-01-04 15:52:31,749 - src.config.config_manager - INFO - Configuration saved successfully
2026-01-04 15:52:36,746 - src.config.config_manager - INFO - Configuration saved successfully
2026-01-04 15:52:36,747 - src.config.config_manager - INFO - Configuration saved successfully
2026-01-04 15:52:41,747 - src.config.config_manager - INFO - Configuration saved successfully
2026-01-04 15:52:41,748 - src.config.config_manager - INFO - Configuration saved successfully
2026-01-04 15:52:46,747 - src.config.config_manager - INFO - Configuration saved successfully
2026-01-04 15:52:46,747 - src.config.config_manager - INFO - Configuration saved successfully
2026-01-04 15:52:51,746 - src.config.config_manager - INFO - Configuration saved successfully
2026-01-04 15:52:51,746 - src.config.config_manager - INFO - Configuration saved successfully
2026-01-04 15:52:56,747 - src.config.config_manager - INFO - Configuration saved successfully
2026-01-04 15:52:56,747 - src.config.config_manager - INFO - Configuration saved successfully
2026-01-04 15:53:01,746 - src.config.config_manager - INFO - Configuration saved successfully
2026-01-04 15:53:01,747 - src.config.config_manager - INFO - Configuration saved successfully
2026-01-04 15:53:06,746 - src.config.config_manager - INFO - Configuration saved successfully
2026-01-04 15:53:06,746 - src.config.config_manager - INFO - Configuration saved successfully
2026-01-04 15:53:11,746 - src.config.config_manager - INFO - Configuration saved successfully
2026-01-04 15:53:11,747 - src.config.config_manager - INFO - Configuration saved successfully
2026-01-04 15:53:16,745 - src.config.config_manager - INFO - Configuration saved successfully
2026-01-04 15:53:16,746 - src.config.config_manager - INFO - Configuration saved successfully
2026-01-04 15:53:21,749 - src.config.config_manager - INFO - Configuration saved successfully
2026-01-04 15:53:21,749 - src.config.config_manager - INFO - Configuration saved successfully
2026-01-04 15:53:26,746 - src.config.config_manager - INFO - Configuration saved successfully
2026-01-04 15:53:26,747 - src.config.config_manager - INFO - Configuration saved successfully
2026-01-04 15:53:31,746 - src.config.config_manager - INFO - Configuration saved successfully
2026-01-04 15:53:31,747 - src.config.config_manager - INFO - Configuration saved successfully
2026-01-04 15:53:36,747 - src.config.config_manager - INFO - Configuration saved successfully
2026-01-04 15:53:36,748 - src.config.config_manager - INFO - Configuration saved successfully
2026-01-04 15:53:41,747 - src.config.config_manager - INFO - Configuration saved successfully
2026-01-04 15:53:41,748 - src.config.config_manager - INFO - Configuration saved successfully
2026-01-04 15:53:46,745 - src.config.config_manager - INFO - Configuration saved successfully
2026-01-04 15:53:46,746 - src.config.config_manager - INFO - Configuration saved successfully
2026-01-04 15:53:51,746 - src.config.config_manager - INFO - Configuration saved successfully
2026-01-04 15:53:51,747 - src.config.config_manager - INFO - Configuration saved successfully
2026-01-04 15:53:56,746 - src.config.config_manager - INFO - Configuration saved successfully
2026-01-04 15:53:56,746 - src.config.config_manager - INFO - Configuration saved successfully
2026-01-04 15:54:01,746 - src.config.config_manager - INFO - Configuration saved successfully
2026-01-04 15:54:01,747 - src.config.config_manager - INFO - Configuration saved successfully
2026-01-04 15:54:06,746 - src.config.config_manager - INFO - Configuration saved successfully
2026-01-04 15:54:06,747 - src.config.config_manager - INFO - Configuration saved successfully
2026-01-04 15:54:11,747 - src.config.config_manager - INFO - Configuration saved successfully
2026-01-04 15:54:11,747 - src.config.config_manager - INFO - Configuration saved successfully
2026-01-04 15:54:16,747 - src.config.config_manager - INFO - Configuration saved successfully
2026-01-04 15:54:16,747 - src.config.config_manager - INFO - Configuration saved successfully
2026-01-04 15:54:21,750 - src.config.config_manager - INFO - Configuration saved successfully
2026-01-04 15:54:21,751 - src.config.config_manager - INFO - Configuration saved successfully
2026-01-04 15:54:26,748 - src.config.config_manager - INFO - Configuration saved successfully
2026-01-04 15:54:26,749 - src.config.config_manager - INFO - Configuration saved successfully
2026-01-04 15:54:31,747 - src.config.config_manager - INFO - Configuration saved successfully
2026-01-04 15:54:31,747 - src.config.config_manager - INFO - Configuration saved successfully
2026-01-04 15:54:36,746 - src.config.config_manager - INFO - Configuration saved successfully
2026-01-04 15:54:36,747 - src.config.config_manager - INFO - Configuration saved successfully
2026-01-04 15:54:41,746 - src.config.config_manager - INFO - Configuration saved successfully
2026-01-04 15:54:41,747 - src.config.config_manager - INFO - Configuration saved successfully
2026-01-04 15:54:46,746 - src.config.config_manager - INFO - Configuration saved successfully
2026-01-04 15:54:46,747 - src.config.config_manager - INFO - Configuration saved successfully
2026-01-04 15:54:51,746 - src.config.config_manager - INFO - Configuration saved successfully
2026-01-04 15:54:51,747 - src.config.config_manager - INFO - Configuration saved successfully
2026-01-04 15:54:56,746 - src.config.config_manager - INFO - Configuration saved successfully
2026-01-04 15:54:56,747 - src.config.config_manager - INFO - Configuration saved successfully
2026-01-04 15:55:01,746 - src.config.config_manager - INFO - Configuration saved successfully
2026-01-04 15:55:01,747 - src.config.config_manager - INFO - Configuration saved successfully
2026-01-04 15:55:06,750 - src.config.config_manager - INFO - Configuration saved successfully
2026-01-04 15:55:06,750 - src.config.config_manager - INFO - Configuration saved successfully
2026-01-04 15:55:11,746 - src.config.config_manager - INFO - Configuration saved successfully
2026-01-04 15:55:11,748 - src.config.config_manager - INFO - Configuration saved successfully
2026-01-04 15:55:16,746 - src.config.config_manager - INFO - Configuration saved successfully
2026-01-04 15:55:16,746 - src.config.config_manager - INFO - Configuration saved successfully
2026-01-04 15:55:21,747 - src.config.config_manager - INFO - Configuration saved successfully
2026-01-04 15:55:21,747 - src.config.config_manager - INFO - Configuration saved successfully
2026-01-04 15:55:26,747 - src.config.config_manager - INFO - Configuration saved successfully
2026-01-04 15:55:26,749 - src.config.config_manager - INFO - Configuration saved successfully
2026-01-04 15:55:31,747 - src.config.config_manager - INFO - Configuration saved successfully
2026-01-04 15:55:31,748 - src.config.config_manager - INFO - Configuration saved successfully
2026-01-04 15:55:36,746 - src.config.config_manager - INFO - Configuration saved successfully
2026-01-04 15:55:36,746 - src.config.config_manager - INFO - Configuration saved successfully
2026-01-04 15:55:41,747 - src.config.config_manager - INFO - Configuration saved successfully
2026-01-04 15:55:41,748 - src.config.config_manager - INFO - Configuration saved successfully
2026-01-04 15:55:46,747 - src.config.config_manager - INFO - Configuration saved successfully
2026-01-04 15:55:46,748 - src.config.config_manager - INFO - Configuration saved successfully
2026-01-04 15:55:51,746 - src.config.config_manager - INFO - Configuration saved successfully
2026-01-04 15:55:51,747 - src.config.config_manager - INFO - Configuration saved successfully
2026-01-04 15:55:56,748 - src.config.config_manager - INFO - Configuration saved successfully
2026-01-04 15:55:56,752 - src.config.config_manager - INFO - Configuration saved successfully
2026-01-04 15:56:01,746 - src.config.config_manager - INFO - Configuration saved successfully
2026-01-04 15:56:01,747 - src.config.config_manager - INFO - Configuration saved successfully
2026-01-04 15:56:06,747 - src.config.config_manager - INFO - Configuration saved successfully
2026-01-04 15:56:06,748 - src.config.config_manager - INFO - Configuration saved successfully
2026-01-04 15:56:11,746 - src.config.config_manager - INFO - Configuration saved successfully
2026-01-04 15:56:11,747 - src.config.config_manager - INFO - Configuration saved successfully
2026-01-04 15:56:16,746 - src.config.config_manager - INFO - Configuration saved successfully
2026-01-04 15:56:16,747 - src.config.config_manager - INFO - Configuration saved successfully
2026-01-04 15:56:21,748 - src.config.config_manager - INFO - Configuration saved successfully
2026-01-04 15:56:21,749 - src.config.config_manager - INFO - Configuration saved successfully
2026-01-04 15:56:26,747 - src.config.config_manager - INFO - Configuration saved successfully
2026-01-04 15:56:26,748 - src.config.config_manager - INFO - Configuration saved successfully
2026-01-04 15:56:31,748 - src.config.config_manager - INFO - Configuration saved successfully
2026-01-04 15:56:31,749 - src.config.config_manager - INFO - Configuration saved successfully
2026-01-04 15:56:36,747 - src.config.config_manager - INFO - Configuration saved successfully
2026-01-04 15:56:36,748 - src.config.config_manager - INFO - Configuration saved successfully
2026-01-04 15:56:41,748 - src.config.config_manager - INFO - Configuration saved successfully
2026-01-04 15:56:41,749 - src.config.config_manager - INFO - Configuration saved successfully
2026-01-04 15:56:46,748 - src.config.config_manager - INFO - Configuration saved successfully
2026-01-04 15:56:46,748 - src.config.config_manager - INFO - Configuration saved successfully
2026-01-04 15:56:51,750 - src.config.config_manager - INFO - Configuration saved successfully
2026-01-04 15:56:51,750 - src.config.config_manager - INFO - Configuration saved successfully
2026-01-04 15:56:56,753 - src.config.config_manager - INFO - Configuration saved successfully
2026-01-04 15:56:56,754 - src.config.config_manager - INFO - Configuration saved successfully
2026-01-04 15:57:01,746 - src.config.config_manager - INFO - Configuration saved successfully
2026-01-04 15:57:01,747 - src.config.config_manager - INFO - Configuration saved successfully
2026-01-04 15:57:06,747 - src.config.config_manager - INFO - Configuration saved successfully
2026-01-04 15:57:06,747 - src.config.config_manager - INFO - Configuration saved successfully
2026-01-04 15:57:11,748 - src.config.config_manager - INFO - Configuration saved successfully
2026-01-04 15:57:11,749 - src.config.config_manager - INFO - Configuration saved successfully
2026-01-04 15:57:16,747 - src.config.config_manager - INFO - Configuration saved successfully
2026-01-04 15:57:16,748 - src.config.config_manager - INFO - Configuration saved successfully
2026-01-04 15:57:21,747 - src.config.config_manager - INFO - Configuration saved successfully
2026-01-04 15:57:21,748 - src.config.config_manager - INFO - Configuration saved successfully
2026-01-04 15:57:26,747 - src.config.config_manager - INFO - Configuration saved successfully
2026-01-04 15:57:26,747 - src.config.config_manager - INFO - Configuration saved successfully
2026-01-04 15:57:31,747 - src.config.config_manager - INFO - Configuration saved successfully
2026-01-04 15:57:31,748 - src.config.config_manager - INFO - Configuration saved successfully
2026-01-04 15:57:36,748 - src.config.config_manager - INFO - Configuration saved successfully
2026-01-04 15:57:36,749 - src.config.config_manager - INFO - Configuration saved successfully
2026-01-04 15:57:41,747 - src.config.config_manager - INFO - Configuration saved successfully
2026-01-04 15:57:41,748 - src.config.config_manager - INFO - Configuration saved successfully
2026-01-04 15:57:46,748 - src.config.config_manager - INFO - Configuration saved successfully
2026-01-04 15:57:46,748 - src.config.config_manager - INFO - Configuration saved successfully
2026-01-04 15:57:51,747 - src.config.config_manager - INFO - Configuration saved successfully
2026-01-04 15:57:51,748 - src.config.config_manager - INFO - Configuration saved successfully
2026-01-04 15:57:56,748 - src.config.config_manager - INFO - Configuration saved successfully
2026-01-04 15:57:56,748 - src.config.config_manager - INFO - Configuration saved successfully
2026-01-04 15:58:01,748 - src.config.config_manager - INFO - Configuration saved successfully
2026-01-04 15:58:01,748 - src.config.config_manager - INFO - Configuration saved successfully
2026-01-04 15:58:06,747 - src.config.config_manager - INFO - Configuration saved successfully
2026-01-04 15:58:06,748 - src.config.config_manager - INFO - Configuration saved successfully
2026-01-04 15:58:11,746 - src.config.config_manager - INFO - Configuration saved successfully
2026-01-04 15:58:11,747 - src.config.config_manager - INFO - Configuration saved successfully
2026-01-04 15:58:16,748 - src.config.config_manager - INFO - Configuration saved successfully
2026-01-04 15:58:16,749 - src.config.config_manager - INFO - Configuration saved successfully
2026-01-04 15:58:21,747 - src.config.config_manager - INFO - Configuration saved successfully
2026-01-04 15:58:21,747 - src.config.config_manager - INFO - Configuration saved successfully
2026-01-04 15:58:26,747 - src.config.config_manager - INFO - Configuration saved successfully
2026-01-04 15:58:26,748 - src.config.config_manager - INFO - Configuration saved successfully
2026-01-04 15:58:31,747 - src.config.config_manager - INFO - Configuration saved successfully
2026-01-04 15:58:31,747 - src.config.config_manager - INFO - Configuration saved successfully
2026-01-04 15:58:36,747 - src.config.config_manager - INFO - Configuration saved successfully
2026-01-04 15:58:36,748 - src.config.config_manager - INFO - Configuration saved successfully
2026-01-04 15:58:41,747 - src.config.config_manager - INFO - Configuration saved successfully
2026-01-04 15:58:41,748 - src.config.config_manager - INFO - Configuration saved successfully
2026-01-04 15:58:46,747 - src.config.config_manager - INFO - Configuration saved successfully
2026-01-04 15:58:46,747 - src.config.config_manager - INFO - Configuration saved successfully
2026-01-04 15:58:51,747 - src.config.config_manager - INFO - Configuration saved successfully
2026-01-04 15:58:51,748 - src.config.config_manager - INFO - Configuration saved successfully
2026-01-04 15:58:56,746 - src.config.config_manager - INFO - Configuration saved successfully
2026-01-04 15:58:56,747 - src.config.config_manager - INFO - Configuration saved successfully
2026-01-04 15:59:01,747 - src.config.config_manager - INFO - Configuration saved successfully
2026-01-04 15:59:01,747 - src.config.config_manager - INFO - Configuration saved successfully
2026-01-04 15:59:06,746 - src.config.config_manager - INFO - Configuration saved successfully
2026-01-04 15:59:06,747 - src.config.config_manager - INFO - Configuration saved successfully
2026-01-04 15:59:11,748 - src.config.config_manager - INFO - Configuration saved successfully
2026-01-04 15:59:11,750 - src.config.config_manager - INFO - Configuration saved successfully
2026-01-04 15:59:16,747 - src.config.config_manager - INFO - Configuration saved successfully
2026-01-04 15:59:16,748 - src.config.config_manager - INFO - Configuration saved successfully
2026-01-04 15:59:21,747 - src.config.config_manager - INFO - Configuration saved successfully
2026-01-04 15:59:21,748 - src.config.config_manager - INFO - Configuration saved successfully
2026-01-04 15:59:26,748 - src.config.config_manager - INFO - Configuration saved successfully
2026-01-04 15:59:26,749 - src.config.config_manager - INFO - Configuration saved successfully
2026-01-04 15:59:31,748 - src.config.config_manager - INFO - Configuration saved successfully
2026-01-04 15:59:31,749 - src.config.config_manager - INFO - Configuration saved successfully
2026-01-04 15:59:36,748 - src.config.config_manager - INFO - Configuration saved successfully
2026-01-04 15:59:36,748 - src.config.config_manager - INFO - Configuration saved successfully
2026-01-04 15:59:41,747 - src.config.config_manager - INFO - Configuration saved successfully
2026-01-04 15:59:41,748 - src.config.config_manager - INFO - Configuration saved successfully
2026-01-04 15:59:46,746 - src.config.config_manager - INFO - Configuration saved successfully
2026-01-04 15:59:46,747 - src.config.config_manager - INFO - Configuration saved successfully
2026-01-04 15:59:51,748 - src.config.config_manager - INFO - Configuration saved successfully
2026-01-04 15:59:51,749 - src.config.config_manager - INFO - Configuration saved successfully
2026-01-04 15:59:56,748 - src.config.config_manager - INFO - Configuration saved successfully
2026-01-04 15:59:56,748 - src.config.config_manager - INFO - Configuration saved successfully
2026-01-04 16:00:01,750 - src.config.config_manager - INFO - Configuration saved successfully
2026-01-04 16:00:01,750 - src.config.config_manager - INFO - Configuration saved successfully
2026-01-04 16:00:06,747 - src.config.config_manager - INFO - Configuration saved successfully
2026-01-04 16:00:06,747 - src.config.config_manager - INFO - Configuration saved successfully
2026-01-04 16:00:11,748 - src.config.config_manager - INFO - Configuration saved successfully
2026-01-04 16:00:11,749 - src.config.config_manager - INFO - Configuration saved successfully
2026-01-04 16:00:16,747 - src.config.config_manager - INFO - Configuration saved successfully
2026-01-04 16:00:16,747 - src.config.config_manager - INFO - Configuration saved successfully
2026-01-04 16:00:21,748 - src.config.config_manager - INFO - Configuration saved successfully
2026-01-04 16:00:21,748 - src.config.config_manager - INFO - Configuration saved successfully
2026-01-04 16:00:26,747 - src.config.config_manager - INFO - Configuration saved successfully
2026-01-04 16:00:26,747 - src.config.config_manager - INFO - Configuration saved successfully
2026-01-04 16:00:31,747 - src.config.config_manager - INFO - Configuration saved successfully
2026-01-04 16:00:31,748 - src.config.config_manager - INFO - Configuration saved successfully
2026-01-04 16:00:36,747 - src.config.config_manager - INFO - Configuration saved successfully
2026-01-04 16:00:36,748 - src.config.config_manager - INFO - Configuration saved successfully
2026-01-04 16:00:41,747 - src.config.config_manager - INFO - Configuration saved successfully
2026-01-04 16:00:41,747 - src.config.config_manager - INFO - Configuration saved successfully
2026-01-04 16:00:46,747 - src.config.config_manager - INFO - Configuration saved successfully
2026-01-04 16:00:46,747 - src.config.config_manager - INFO - Configuration saved successfully
2026-01-04 16:00:51,746 - src.config.config_manager - INFO - Configuration saved successfully
2026-01-04 16:00:51,746 - src.config.config_manager - INFO - Configuration saved successfully
2026-01-04 16:00:56,747 - src.config.config_manager - INFO - Configuration saved successfully
2026-01-04 16:00:56,748 - src.config.config_manager - INFO - Configuration saved successfully
2026-01-04 16:01:01,748 - src.config.config_manager - INFO - Configuration saved successfully
2026-01-04 16:01:01,749 - src.config.config_manager - INFO - Configuration saved successfully
2026-01-04 16:01:06,747 - src.config.config_manager - INFO - Configuration saved successfully
2026-01-04 16:01:06,748 - src.config.config_manager - INFO - Configuration saved successfully
2026-01-04 16:01:11,747 - src.config.config_manager - INFO - Configuration saved successfully
2026-01-04 16:01:11,748 - src.config.config_manager - INFO - Configuration saved successfully
2026-01-04 16:01:16,748 - src.config.config_manager - INFO - Configuration saved successfully
2026-01-04 16:01:16,748 - src.config.config_manager - INFO - Configuration saved successfully
2026-01-04 16:01:21,747 - src.config.config_manager - INFO - Configuration saved successfully
2026-01-04 16:01:21,748 - src.config.config_manager - INFO - Configuration saved successfully
2026-01-04 16:01:26,747 - src.config.config_manager - INFO - Configuration saved successfully
2026-01-04 16:01:26,748 - src.config.config_manager - INFO - Configuration saved successfully
2026-01-04 16:01:31,747 - src.config.config_manager - INFO - Configuration saved successfully
2026-01-04 16:01:31,750 - src.config.config_manager - INFO - Configuration saved successfully
2026-01-04 16:01:36,747 - src.config.config_manager - INFO - Configuration saved successfully
2026-01-04 16:01:36,748 - src.config.config_manager - INFO - Configuration saved successfully
2026-01-04 16:01:41,747 - src.config.config_manager - INFO - Configuration saved successfully
2026-01-04 16:01:41,748 - src.config.config_manager - INFO - Configuration saved successfully
2026-01-04 16:01:46,746 - src.config.config_manager - INFO - Configuration saved successfully
2026-01-04 16:01:46,747 - src.config.config_manager - INFO - Configuration saved successfully
2026-01-04 16:01:51,747 - src.config.config_manager - INFO - Configuration saved successfully
2026-01-04 16:01:51,747 - src.config.config_manager - INFO - Configuration saved successfully
2026-01-04 16:01:56,748 - src.config.config_manager - INFO - Configuration saved successfully
2026-01-04 16:01:56,748 - src.config.config_manager - INFO - Configuration saved successfully
2026-01-04 16:02:01,747 - src.config.config_manager - INFO - Configuration saved successfully
2026-01-04 16:02:01,748 - src.config.config_manager - INFO - Configuration saved successfully
2026-01-04 16:02:06,746 - src.config.config_manager - INFO - Configuration saved successfully
2026-01-04 16:02:06,747 - src.config.config_manager - INFO - Configuration saved successfully
2026-01-04 16:02:11,746 - src.config.config_manager - INFO - Configuration saved successfully
2026-01-04 16:02:11,747 - src.config.config_manager - INFO - Configuration saved successfully
2026-01-04 16:02:16,747 - src.config.config_manager - INFO - Configuration saved successfully
2026-01-04 16:02:16,748 - src.config.config_manager - INFO - Configuration saved successfully
2026-01-04 16:02:21,747 - src.config.config_manager - INFO - Configuration saved successfully
2026-01-04 16:02:21,748 - src.config.config_manager - INFO - Configuration saved successfully
2026-01-04 16:02:26,748 - src.config.config_manager - INFO - Configuration saved successfully
2026-01-04 16:02:26,749 - src.config.config_manager - INFO - Configuration saved successfully
2026-01-04 16:02:31,746 - src.config.config_manager - INFO - Configuration saved successfully
2026-01-04 16:02:31,747 - src.config.config_manager - INFO - Configuration saved successfully
2026-01-04 16:02:36,748 - src.config.config_manager - INFO - Configuration saved successfully
2026-01-04 16:02:36,749 - src.config.config_manager - INFO - Configuration saved successfully
2026-01-04 16:02:41,800 - src.config.config_manager - INFO - Configuration saved successfully
2026-01-04 16:02:41,809 - src.config.config_manager - INFO - Configuration saved successfully
2026-01-04 16:02:46,746 - src.config.config_manager - INFO - Configuration saved successfully
2026-01-04 16:02:46,747 - src.config.config_manager - INFO - Configuration saved successfully
2026-01-04 16:02:51,747 - src.config.config_manager - INFO - Configuration saved successfully
2026-01-04 16:02:51,748 - src.config.config_manager - INFO - Configuration saved successfully
2026-01-04 16:02:56,747 - src.config.config_manager - INFO - Configuration saved successfully
2026-01-04 16:02:56,747 - src.config.config_manager - INFO - Configuration saved successfully
2026-01-04 16:03:01,747 - src.config.config_manager - INFO - Configuration saved successfully
2026-01-04 16:03:01,747 - src.config.config_manager - INFO - Configuration saved successfully
2026-01-04 16:03:06,747 - src.config.config_manager - INFO - Configuration saved successfully
2026-01-04 16:03:06,748 - src.config.config_manager - INFO - Configuration saved successfully
2026-01-04 16:03:11,747 - src.config.config_manager - INFO - Configuration saved successfully
2026-01-04 16:03:11,747 - src.config.config_manager - INFO - Configuration saved successfully
2026-01-04 16:03:16,746 - src.config.config_manager - INFO - Configuration saved successfully
2026-01-04 16:03:16,746 - src.config.config_manager - INFO - Configuration saved successfully
2026-01-04 16:03:21,747 - src.config.config_manager - INFO - Configuration saved successfully
2026-01-04 16:03:21,747 - src.config.config_manager - INFO - Configuration saved successfully
2026-01-04 16:03:26,747 - src.config.config_manager - INFO - Configuration saved successfully
2026-01-04 16:03:26,748 - src.config.config_manager - INFO - Configuration saved successfully
2026-01-04 16:03:31,747 - src.config.config_manager - INFO - Configuration saved successfully
2026-01-04 16:03:31,748 - src.config.config_manager - INFO - Configuration saved successfully
2026-01-04 16:03:36,747 - src.config.config_manager - INFO - Configuration saved successfully
2026-01-04 16:03:36,748 - src.config.config_manager - INFO - Configuration saved successfully
2026-01-04 16:03:41,747 - src.config.config_manager - INFO - Configuration saved successfully
2026-01-04 16:03:41,748 - src.config.config_manager - INFO - Configuration saved successfully
2026-01-04 16:03:46,747 - src.config.config_manager - INFO - Configuration saved successfully
2026-01-04 16:03:46,750 - src.config.config_manager - INFO - Configuration saved successfully
2026-01-04 16:03:51,748 - src.config.config_manager - INFO - Configuration saved successfully
2026-01-04 16:03:51,748 - src.config.config_manager - INFO - Configuration saved successfully
2026-01-04 16:03:56,750 - src.config.config_manager - INFO - Configuration saved successfully
2026-01-04 16:03:56,751 - src.config.config_manager - INFO - Configuration saved successfully
2026-01-04 16:04:01,747 - src.config.config_manager - INFO - Configuration saved successfully
2026-01-04 16:04:01,747 - src.config.config_manager - INFO - Configuration saved successfully
2026-01-04 16:04:06,748 - src.config.config_manager - INFO - Configuration saved successfully
2026-01-04 16:04:06,748 - src.config.config_manager - INFO - Configuration saved successfully
2026-01-04 16:04:11,746 - src.config.config_manager - INFO - Configuration saved successfully
2026-01-04 16:04:11,747 - src.config.config_manager - INFO - Configuration saved successfully
2026-01-04 16:04:16,747 - src.config.config_manager - INFO - Configuration saved successfully
2026-01-04 16:04:16,747 - src.config.config_manager - INFO - Configuration saved successfully
2026-01-04 16:04:21,746 - src.config.config_manager - INFO - Configuration saved successfully
2026-01-04 16:04:21,747 - src.config.config_manager - INFO - Configuration saved successfully
2026-01-04 16:04:26,747 - src.config.config_manager - INFO - Configuration saved successfully
2026-01-04 16:04:26,747 - src.config.config_manager - INFO - Configuration saved successfully
2026-01-04 16:04:31,747 - src.config.config_manager - INFO - Configuration saved successfully
2026-01-04 16:04:31,747 - src.config.config_manager - INFO - Configuration saved successfully
2026-01-04 16:04:36,748 - src.config.config_manager - INFO - Configuration saved successfully
2026-01-04 16:04:36,748 - src.config.config_manager - INFO - Configuration saved successfully
2026-01-04 16:04:41,747 - src.config.config_manager - INFO - Configuration saved successfully
2026-01-04 16:04:41,748 - src.config.config_manager - INFO - Configuration saved successfully
2026-01-04 16:04:46,748 - src.config.config_manager - INFO - Configuration saved successfully
2026-01-04 16:04:46,749 - src.config.config_manager - INFO - Configuration saved successfully
2026-01-04 16:04:51,746 - src.config.config_manager - INFO - Configuration saved successfully
2026-01-04 16:04:51,747 - src.config.config_manager - INFO - Configuration saved successfully
2026-01-04 16:04:56,747 - src.config.config_manager - INFO - Configuration saved successfully
2026-01-04 16:04:56,747 - src.config.config_manager - INFO - Configuration saved successfully
2026-01-04 16:05:01,747 - src.config.config_manager - INFO - Configuration saved successfully
2026-01-04 16:05:01,748 - src.config.config_manager - INFO - Configuration saved successfully
2026-01-04 16:05:06,746 - src.config.config_manager - INFO - Configuration saved successfully
2026-01-04 16:05:06,747 - src.config.config_manager - INFO - Configuration saved successfully
2026-01-04 16:05:11,747 - src.config.config_manager - INFO - Configuration saved successfully
2026-01-04 16:05:11,748 - src.config.config_manager - INFO - Configuration saved successfully
2026-01-04 16:05:16,747 - src.config.config_manager - INFO - Configuration saved successfully
2026-01-04 16:05:16,748 - src.config.config_manager - INFO - Configuration saved successfully
2026-01-04 16:05:21,747 - src.config.config_manager - INFO - Configuration saved successfully
2026-01-04 16:05:21,749 - src.config.config_manager - INFO - Configuration saved successfully
2026-01-04 16:05:26,823 - src.config.config_manager - INFO - Configuration saved successfully
2026-01-04 16:05:26,824 - src.config.config_manager - INFO - Configuration saved successfully
2026-01-04 16:05:31,747 - src.config.config_manager - INFO - Configuration saved successfully
2026-01-04 16:05:31,748 - src.config.config_manager - INFO - Configuration saved successfully
2026-01-04 16:05:36,748 - src.config.config_manager - INFO - Configuration saved successfully
2026-01-04 16:05:36,749 - src.config.config_manager - INFO - Configuration saved successfully
2026-01-04 16:05:41,747 - src.config.config_manager - INFO - Configuration saved successfully
2026-01-04 16:05:41,747 - src.config.config_manager - INFO - Configuration saved successfully
2026-01-04 16:05:46,746 - src.config.config_manager - INFO - Configuration saved successfully
2026-01-04 16:05:46,747 - src.config.config_manager - INFO - Configuration saved successfully
2026-01-04 16:05:51,747 - src.config.config_manager - INFO - Configuration saved successfully
2026-01-04 16:05:51,748 - src.config.config_manager - INFO - Configuration saved successfully
2026-01-04 16:05:56,746 - src.config.config_manager - INFO - Configuration saved successfully
2026-01-04 16:05:56,747 - src.config.config_manager - INFO - Configuration saved successfully
2026-01-04 16:06:01,747 - src.config.config_manager - INFO - Configuration saved successfully
2026-01-04 16:06:01,748 - src.config.config_manager - INFO - Configuration saved successfully
2026-01-04 16:06:06,747 - src.config.config_manager - INFO - Configuration saved successfully
2026-01-04 16:06:06,747 - src.config.config_manager - INFO - Configuration saved successfully
2026-01-04 16:06:11,746 - src.config.config_manager - INFO - Configuration saved successfully
2026-01-04 16:06:11,747 - src.config.config_manager - INFO - Configuration saved successfully
2026-01-04 16:06:16,751 - src.config.config_manager - INFO - Configuration saved successfully
2026-01-04 16:06:16,752 - src.config.config_manager - INFO - Configuration saved successfully
2026-01-04 16:06:21,747 - src.config.config_manager - INFO - Configuration saved successfully
2026-01-04 16:06:21,747 - src.config.config_manager - INFO - Configuration saved successfully
2026-01-04 16:06:26,747 - src.config.config_manager - INFO - Configuration saved successfully
2026-01-04 16:06:26,748 - src.config.config_manager - INFO - Configuration saved successfully
2026-01-04 16:06:31,749 - src.config.config_manager - INFO - Configuration saved successfully
2026-01-04 16:06:31,750 - src.config.config_manager - INFO - Configuration saved successfully
2026-01-04 16:06:36,747 - src.config.config_manager - INFO - Configuration saved successfully
2026-01-04 16:06:36,747 - src.config.config_manager - INFO - Configuration saved successfully
2026-01-04 16:06:41,747 - src.config.config_manager - INFO - Configuration saved successfully
2026-01-04 16:06:41,748 - src.config.config_manager - INFO - Configuration saved successfully
2026-01-04 16:06:46,746 - src.config.config_manager - INFO - Configuration saved successfully
2026-01-04 16:06:46,747 - src.config.config_manager - INFO - Configuration saved successfully
2026-01-04 16:06:51,747 - src.config.config_manager - INFO - Configuration saved successfully
2026-01-04 16:06:51,748 - src.config.config_manager - INFO - Configuration saved successfully
2026-01-04 16:06:56,746 - src.config.config_manager - INFO - Configuration saved successfully
2026-01-04 16:06:56,747 - src.config.config_manager - INFO - Configuration saved successfully
2026-01-04 16:07:01,746 - src.config.config_manager - INFO - Configuration saved successfully
2026-01-04 16:07:01,747 - src.config.config_manager - INFO - Configuration saved successfully
2026-01-04 16:07:06,746 - src.config.config_manager - INFO - Configuration saved successfully
2026-01-04 16:07:06,747 - src.config.config_manager - INFO - Configuration saved successfully
2026-01-04 16:07:11,747 - src.config.config_manager - INFO - Configuration saved successfully
2026-01-04 16:07:11,748 - src.config.config_manager - INFO - Configuration saved successfully
2026-01-04 16:07:16,747 - src.config.config_manager - INFO - Configuration saved successfully
2026-01-04 16:07:16,747 - src.config.config_manager - INFO - Configuration saved successfully
2026-01-04 16:07:21,747 - src.config.config_manager - INFO - Configuration saved successfully
2026-01-04 16:07:21,747 - src.config.config_manager - INFO - Configuration saved successfully
2026-01-04 16:07:26,747 - src.config.config_manager - INFO - Configuration saved successfully
2026-01-04 16:07:26,748 - src.config.config_manager - INFO - Configuration saved successfully
2026-01-04 16:07:31,746 - src.config.config_manager - INFO - Configuration saved successfully
2026-01-04 16:07:31,747 - src.config.config_manager - INFO - Configuration saved successfully
2026-01-04 16:07:36,746 - src.config.config_manager - INFO - Configuration saved successfully
2026-01-04 16:07:36,746 - src.config.config_manager - INFO - Configuration saved successfully
2026-01-04 16:07:41,748 - src.config.config_manager - INFO - Configuration saved successfully
2026-01-04 16:07:41,749 - src.config.config_manager - INFO - Configuration saved successfully
2026-01-04 16:07:46,748 - src.config.config_manager - INFO - Configuration saved successfully
2026-01-04 16:07:46,748 - src.config.config_manager - INFO - Configuration saved successfully
2026-01-04 16:07:51,746 - src.config.config_manager - INFO - Configuration saved successfully
2026-01-04 16:07:51,747 - src.config.config_manager - INFO - Configuration saved successfully
2026-01-04 16:07:56,747 - src.config.config_manager - INFO - Configuration saved successfully
2026-01-04 16:07:56,748 - src.config.config_manager - INFO - Configuration saved successfully
2026-01-04 16:08:01,746 - src.config.config_manager - INFO - Configuration saved successfully
2026-01-04 16:08:01,747 - src.config.config_manager - INFO - Configuration saved successfully
2026-01-04 16:08:06,747 - src.config.config_manager - INFO - Configuration saved successfully
2026-01-04 16:08:06,750 - src.config.config_manager - INFO - Configuration saved successfully
2026-01-04 16:08:11,747 - src.config.config_manager - INFO - Configuration saved successfully
2026-01-04 16:08:11,748 - src.config.config_manager - INFO - Configuration saved successfully
2026-01-04 16:08:16,746 - src.config.config_manager - INFO - Configuration saved successfully
2026-01-04 16:08:16,747 - src.config.config_manager - INFO - Configuration saved successfully
2026-01-04 16:08:21,747 - src.config.config_manager - INFO - Configuration saved successfully
2026-01-04 16:08:21,748 - src.config.config_manager - INFO - Configuration saved successfully
2026-01-04 16:08:26,746 - src.config.config_manager - INFO - Configuration saved successfully
2026-01-04 16:08:26,747 - src.config.config_manager - INFO - Configuration saved successfully
2026-01-04 16:08:31,747 - src.config.config_manager - INFO - Configuration saved successfully
2026-01-04 16:08:31,748 - src.config.config_manager - INFO - Configuration saved successfully
2026-01-04 16:08:36,747 - src.config.config_manager - INFO - Configuration saved successfully
2026-01-04 16:08:36,747 - src.config.config_manager - INFO - Configuration saved successfully
2026-01-04 16:08:41,746 - src.config.config_manager - INFO - Configuration saved successfully
2026-01-04 16:08:41,747 - src.config.config_manager - INFO - Configuration saved successfully
2026-01-04 16:08:46,748 - src.config.config_manager - INFO - Configuration saved successfully
2026-01-04 16:08:46,748 - src.config.config_manager - INFO - Configuration saved successfully
2026-01-04 16:08:51,746 - src.config.config_manager - INFO - Configuration saved successfully
2026-01-04 16:08:51,747 - src.config.config_manager - INFO - Configuration saved successfully
2026-01-04 16:08:56,745 - src.config.config_manager - INFO - Configuration saved successfully
2026-01-04 16:08:56,746 - src.config.config_manager - INFO - Configuration saved successfully
2026-01-04 16:09:01,747 - src.config.config_manager - INFO - Configuration saved successfully
2026-01-04 16:09:01,747 - src.config.config_manager - INFO - Configuration saved successfully
2026-01-04 16:09:06,746 - src.config.config_manager - INFO - Configuration saved successfully
2026-01-04 16:09:06,747 - src.config.config_manager - INFO - Configuration saved successfully
2026-01-04 16:09:11,748 - src.config.config_manager - INFO - Configuration saved successfully
2026-01-04 16:09:11,748 - src.config.config_manager - INFO - Configuration saved successfully
2026-01-04 16:09:16,747 - src.config.config_manager - INFO - Configuration saved successfully
2026-01-04 16:09:16,748 - src.config.config_manager - INFO - Configuration saved successfully
2026-01-04 16:09:21,747 - src.config.config_manager - INFO - Configuration saved successfully
2026-01-04 16:09:21,748 - src.config.config_manager - INFO - Configuration saved successfully
2026-01-04 16:09:26,748 - src.config.config_manager - INFO - Configuration saved successfully
2026-01-04 16:09:26,749 - src.config.config_manager - INFO - Configuration saved successfully
2026-01-04 16:09:31,751 - src.config.config_manager - INFO - Configuration saved successfully
2026-01-04 16:09:31,752 - src.config.config_manager - INFO - Configuration saved successfully
2026-01-04 16:09:36,747 - src.config.config_manager - INFO - Configuration saved successfully
2026-01-04 16:09:36,748 - src.config.config_manager - INFO - Configuration saved successfully
2026-01-04 16:09:41,747 - src.config.config_manager - INFO - Configuration saved successfully
2026-01-04 16:09:41,747 - src.config.config_manager - INFO - Configuration saved successfully
2026-01-04 16:09:46,747 - src.config.config_manager - INFO - Configuration saved successfully
2026-01-04 16:09:46,747 - src.config.config_manager - INFO - Configuration saved successfully
2026-01-04 16:09:51,747 - src.config.config_manager - INFO - Configuration saved successfully
2026-01-04 16:09:51,748 - src.config.config_manager - INFO - Configuration saved successfully
2026-01-04 16:09:56,747 - src.config.config_manager - INFO - Configuration saved successfully
2026-01-04 16:09:56,748 - src.config.config_manager - INFO - Configuration saved successfully
2026-01-04 16:10:01,747 - src.config.config_manager - INFO - Configuration saved successfully
2026-01-04 16:10:01,748 - src.config.config_manager - INFO - Configuration saved successfully
2026-01-04 16:10:06,746 - src.config.config_manager - INFO - Configuration saved successfully
2026-01-04 16:10:06,747 - src.config.config_manager - INFO - Configuration saved successfully
2026-01-04 16:10:11,746 - src.config.config_manager - INFO - Configuration saved successfully
2026-01-04 16:10:11,747 - src.config.config_manager - INFO - Configuration saved successfully
2026-01-04 16:10:16,746 - src.config.config_manager - INFO - Configuration saved successfully
2026-01-04 16:10:16,747 - src.config.config_manager - INFO - Configuration saved successfully
2026-01-04 16:10:21,747 - src.config.config_manager - INFO - Configuration saved successfully
2026-01-04 16:10:21,748 - src.config.config_manager - INFO - Configuration saved successfully
2026-01-04 16:10:26,747 - src.config.config_manager - INFO - Configuration saved successfully
2026-01-04 16:10:26,747 - src.config.config_manager - INFO - Configuration saved successfully
2026-01-04 16:10:31,748 - src.config.config_manager - INFO - Configuration saved successfully
2026-01-04 16:10:31,748 - src.config.config_manager - INFO - Configuration saved successfully
2026-01-04 16:10:36,747 - src.config.config_manager - INFO - Configuration saved successfully
2026-01-04 16:10:36,748 - src.config.config_manager - INFO - Configuration saved successfully
2026-01-04 16:10:41,746 - src.config.config_manager - INFO - Configuration saved successfully
2026-01-04 16:10:41,746 - src.config.config_manager - INFO - Configuration saved successfully
2026-01-04 16:10:46,745 - src.config.config_manager - INFO - Configuration saved successfully
2026-01-04 16:10:46,746 - src.config.config_manager - INFO - Configuration saved successfully
2026-01-04 16:10:51,748 - src.config.config_manager - INFO - Configuration saved successfully
2026-01-04 16:10:51,749 - src.config.config_manager - INFO - Configuration saved successfully
2026-01-04 16:10:56,747 - src.config.config_manager - INFO - Configuration saved successfully
2026-01-04 16:10:56,748 - src.config.config_manager - INFO - Configuration saved successfully
2026-01-04 16:11:01,746 - src.config.config_manager - INFO - Configuration saved successfully
2026-01-04 16:11:01,747 - src.config.config_manager - INFO - Configuration saved successfully
2026-01-04 16:11:06,748 - src.config.config_manager - INFO - Configuration saved successfully
2026-01-04 16:11:06,749 - src.config.config_manager - INFO - Configuration saved successfully
2026-01-04 16:11:11,746 - src.config.config_manager - INFO - Configuration saved successfully
2026-01-04 16:11:11,747 - src.config.config_manager - INFO - Configuration saved successfully
2026-01-04 16:11:16,746 - src.config.config_manager - INFO - Configuration saved successfully
2026-01-04 16:11:16,750 - src.config.config_manager - INFO - Configuration saved successfully
2026-01-04 16:11:21,745 - src.config.config_manager - INFO - Configuration saved successfully
2026-01-04 16:11:21,746 - src.config.config_manager - INFO - Configuration saved successfully
2026-01-04 16:11:26,747 - src.config.config_manager - INFO - Configuration saved successfully
2026-01-04 16:11:26,748 - src.config.config_manager - INFO - Configuration saved successfully
2026-01-04 16:11:31,746 - src.config.config_manager - INFO - Configuration saved successfully
2026-01-04 16:11:31,747 - src.config.config_manager - INFO - Configuration saved successfully
2026-01-04 16:11:36,747 - src.config.config_manager - INFO - Configuration saved successfully
2026-01-04 16:11:36,748 - src.config.config_manager - INFO - Configuration saved successfully
2026-01-04 16:11:41,747 - src.config.config_manager - INFO - Configuration saved successfully
2026-01-04 16:11:41,747 - src.config.config_manager - INFO - Configuration saved successfully
2026-01-04 16:11:46,747 - src.config.config_manager - INFO - Configuration saved successfully
2026-01-04 16:11:46,748 - src.config.config_manager - INFO - Configuration saved successfully
2026-01-04 16:11:51,747 - src.config.config_manager - INFO - Configuration saved successfully
2026-01-04 16:11:51,748 - src.config.config_manager - INFO - Configuration saved successfully
2026-01-04 16:11:56,747 - src.config.config_manager - INFO - Configuration saved successfully
2026-01-04 16:11:56,748 - src.config.config_manager - INFO - Configuration saved successfully
2026-01-04 16:12:01,747 - src.config.config_manager - INFO - Configuration saved successfully
2026-01-04 16:12:01,747 - src.config.config_manager - INFO - Configuration saved successfully
2026-01-04 16:12:06,747 - src.config.config_manager - INFO - Configuration saved successfully
2026-01-04 16:12:06,748 - src.config.config_manager - INFO - Configuration saved successfully
2026-01-04 16:12:11,747 - src.config.config_manager - INFO - Configuration saved successfully
2026-01-04 16:12:11,748 - src.config.config_manager - INFO - Configuration saved successfully
2026-01-04 16:12:16,747 - src.config.config_manager - INFO - Configuration saved successfully
2026-01-04 16:12:16,748 - src.config.config_manager - INFO - Configuration saved successfully
2026-01-04 16:12:21,746 - src.config.config_manager - INFO - Configuration saved successfully
2026-01-04 16:12:21,747 - src.config.config_manager - INFO - Configuration saved successfully
2026-01-04 16:12:26,746 - src.config.config_manager - INFO - Configuration saved successfully
2026-01-04 16:12:26,747 - src.config.config_manager - INFO - Configuration saved successfully
2026-01-04 16:12:31,747 - src.config.config_manager - INFO - Configuration saved successfully
2026-01-04 16:12:31,747 - src.config.config_manager - INFO - Configuration saved successfully
2026-01-04 16:12:36,747 - src.config.config_manager - INFO - Configuration saved successfully
2026-01-04 16:12:36,748 - src.config.config_manager - INFO - Configuration saved successfully
2026-01-04 16:12:41,747 - src.config.config_manager - INFO - Configuration saved successfully
2026-01-04 16:12:41,748 - src.config.config_manager - INFO - Configuration saved successfully
2026-01-04 16:12:46,747 - src.config.config_manager - INFO - Configuration saved successfully
2026-01-04 16:12:46,748 - src.config.config_manager - INFO - Configuration saved successfully
2026-01-04 16:12:51,748 - src.config.config_manager - INFO - Configuration saved successfully
2026-01-04 16:12:51,748 - src.config.config_manager - INFO - Configuration saved successfully
2026-01-04 16:12:56,747 - src.config.config_manager - INFO - Configuration saved successfully
2026-01-04 16:12:56,748 - src.config.config_manager - INFO - Configuration saved successfully
2026-01-04 16:13:01,747 - src.config.config_manager - INFO - Configuration saved successfully
2026-01-04 16:13:01,748 - src.config.config_manager - INFO - Configuration saved successfully
2026-01-04 16:13:06,748 - src.config.config_manager - INFO - Configuration saved successfully
2026-01-04 16:13:06,749 - src.config.config_manager - INFO - Configuration saved successfully
2026-01-04 16:13:11,747 - src.config.config_manager - INFO - Configuration saved successfully
2026-01-04 16:13:11,747 - src.config.config_manager - INFO - Configuration saved successfully
2026-01-04 16:13:16,748 - src.config.config_manager - INFO - Configuration saved successfully
2026-01-04 16:13:16,749 - src.config.config_manager - INFO - Configuration saved successfully
2026-01-04 16:13:21,747 - src.config.config_manager - INFO - Configuration saved successfully
2026-01-04 16:13:21,747 - src.config.config_manager - INFO - Configuration saved successfully
2026-01-04 16:13:26,747 - src.config.config_manager - INFO - Configuration saved successfully
2026-01-04 16:13:26,748 - src.config.config_manager - INFO - Configuration saved successfully
2026-01-04 16:13:31,747 - src.config.config_manager - INFO - Configuration saved successfully
2026-01-04 16:13:31,748 - src.config.config_manager - INFO - Configuration saved successfully
2026-01-04 16:13:36,747 - src.config.config_manager - INFO - Configuration saved successfully
2026-01-04 16:13:36,748 - src.config.config_manager - INFO - Configuration saved successfully
2026-01-04 16:13:41,747 - src.config.config_manager - INFO - Configuration saved successfully
2026-01-04 16:13:41,748 - src.config.config_manager - INFO - Configuration saved successfully
2026-01-04 16:13:46,747 - src.config.config_manager - INFO - Configuration saved successfully
2026-01-04 16:13:46,748 - src.config.config_manager - INFO - Configuration saved successfully
2026-01-04 16:13:51,747 - src.config.config_manager - INFO - Configuration saved successfully
2026-01-04 16:13:51,748 - src.config.config_manager - INFO - Configuration saved successfully
2026-01-04 16:13:56,747 - src.config.config_manager - INFO - Configuration saved successfully
2026-01-04 16:13:56,748 - src.config.config_manager - INFO - Configuration saved successfully
2026-01-04 16:14:01,747 - src.config.config_manager - INFO - Configuration saved successfully
2026-01-04 16:14:01,748 - src.config.config_manager - INFO - Configuration saved successfully
2026-01-04 16:14:06,747 - src.config.config_manager - INFO - Configuration saved successfully
2026-01-04 16:14:06,747 - src.config.config_manager - INFO - Configuration saved successfully
2026-01-04 16:14:11,748 - src.config.config_manager - INFO - Configuration saved successfully
2026-01-04 16:14:11,748 - src.config.config_manager - INFO - Configuration saved successfully
2026-01-04 16:14:16,746 - src.config.config_manager - INFO - Configuration saved successfully
2026-01-04 16:14:16,747 - src.config.config_manager - INFO - Configuration saved successfully
2026-01-04 16:14:21,747 - src.config.config_manager - INFO - Configuration saved successfully
2026-01-04 16:14:21,749 - src.config.config_manager - INFO - Configuration saved successfully
2026-01-04 16:14:26,746 - src.config.config_manager - INFO - Configuration saved successfully
2026-01-04 16:14:26,747 - src.config.config_manager - INFO - Configuration saved successfully
2026-01-04 16:14:31,747 - src.config.config_manager - INFO - Configuration saved successfully
2026-01-04 16:14:31,748 - src.config.config_manager - INFO - Configuration saved successfully
2026-01-04 16:14:36,747 - src.config.config_manager - INFO - Configuration saved successfully
2026-01-04 16:14:36,748 - src.config.config_manager - INFO - Configuration saved successfully
2026-01-04 16:14:41,747 - src.config.config_manager - INFO - Configuration saved successfully
2026-01-04 16:14:41,749 - src.config.config_manager - INFO - Configuration saved successfully
2026-01-04 16:14:46,746 - src.config.config_manager - INFO - Configuration saved successfully
2026-01-04 16:14:46,747 - src.config.config_manager - INFO - Configuration saved successfully
2026-01-04 16:14:51,747 - src.config.config_manager - INFO - Configuration saved successfully
2026-01-04 16:14:51,748 - src.config.config_manager - INFO - Configuration saved successfully
2026-01-04 16:14:56,747 - src.config.config_manager - INFO - Configuration saved successfully
2026-01-04 16:14:56,748 - src.config.config_manager - INFO - Configuration saved successfully
2026-01-04 16:15:01,747 - src.config.config_manager - INFO - Configuration saved successfully
2026-01-04 16:15:01,748 - src.config.config_manager - INFO - Configuration saved successfully
2026-01-04 16:15:06,748 - src.config.config_manager - INFO - Configuration saved successfully
2026-01-04 16:15:06,748 - src.config.config_manager - INFO - Configuration saved successfully
2026-01-04 16:15:11,747 - src.config.config_manager - INFO - Configuration saved successfully
2026-01-04 16:15:11,749 - src.config.config_manager - INFO - Configuration saved successfully
2026-01-04 16:15:16,748 - src.config.config_manager - INFO - Configuration saved successfully
2026-01-04 16:15:16,748 - src.config.config_manager - INFO - Configuration saved successfully
2026-01-04 16:15:21,748 - src.config.config_manager - INFO - Configuration saved successfully
2026-01-04 16:15:21,749 - src.config.config_manager - INFO - Configuration saved successfully
2026-01-04 16:15:26,747 - src.config.config_manager - INFO - Configuration saved successfully
2026-01-04 16:15:26,747 - src.config.config_manager - INFO - Configuration saved successfully
2026-01-04 16:15:31,748 - src.config.config_manager - INFO - Configuration saved successfully
2026-01-04 16:15:31,748 - src.config.config_manager - INFO - Configuration saved successfully
2026-01-04 16:15:36,748 - src.config.config_manager - INFO - Configuration saved successfully
2026-01-04 16:15:36,748 - src.config.config_manager - INFO - Configuration saved successfully
2026-01-04 16:15:41,747 - src.config.config_manager - INFO - Configuration saved successfully
2026-01-04 16:15:41,748 - src.config.config_manager - INFO - Configuration saved successfully
2026-01-04 16:15:46,748 - src.config.config_manager - INFO - Configuration saved successfully
2026-01-04 16:15:46,749 - src.config.config_manager - INFO - Configuration saved successfully
2026-01-04 16:15:51,746 - src.config.config_manager - INFO - Configuration saved successfully
2026-01-04 16:15:51,747 - src.config.config_manager - INFO - Configuration saved successfully
2026-01-04 16:15:56,747 - src.config.config_manager - INFO - Configuration saved successfully
2026-01-04 16:15:56,747 - src.config.config_manager - INFO - Configuration saved successfully
2026-01-04 16:16:01,747 - src.config.config_manager - INFO - Configuration saved successfully
2026-01-04 16:16:01,748 - src.config.config_manager - INFO - Configuration saved successfully
2026-01-04 16:16:06,747 - src.config.config_manager - INFO - Configuration saved successfully
2026-01-04 16:16:06,748 - src.config.config_manager - INFO - Configuration saved successfully
2026-01-04 16:16:11,746 - src.config.config_manager - INFO - Configuration saved successfully
2026-01-04 16:16:11,747 - src.config.config_manager - INFO - Configuration saved successfully
2026-01-04 16:16:16,746 - src.config.config_manager - INFO - Configuration saved successfully
2026-01-04 16:16:16,746 - src.config.config_manager - INFO - Configuration saved successfully
2026-01-04 16:16:21,748 - src.config.config_manager - INFO - Configuration saved successfully
2026-01-04 16:16:21,748 - src.config.config_manager - INFO - Configuration saved successfully
2026-01-04 16:16:26,747 - src.config.config_manager - INFO - Configuration saved successfully
2026-01-04 16:16:26,747 - src.config.config_manager - INFO - Configuration saved successfully
2026-01-04 16:16:31,746 - src.config.config_manager - INFO - Configuration saved successfully
2026-01-04 16:16:31,747 - src.config.config_manager - INFO - Configuration saved successfully
2026-01-04 16:16:36,748 - src.config.config_manager - INFO - Configuration saved successfully
2026-01-04 16:16:36,748 - src.config.config_manager - INFO - Configuration saved successfully
2026-01-04 16:16:41,747 - src.config.config_manager - INFO - Configuration saved successfully
2026-01-04 16:16:41,748 - src.config.config_manager - INFO - Configuration saved successfully
2026-01-04 16:16:46,747 - src.config.config_manager - INFO - Configuration saved successfully
2026-01-04 16:16:46,748 - src.config.config_manager - INFO - Configuration saved successfully
2026-01-04 16:16:51,747 - src.config.config_manager - INFO - Configuration saved successfully
2026-01-04 16:16:51,747 - src.config.config_manager - INFO - Configuration saved successfully
2026-01-04 16:16:56,746 - src.config.config_manager - INFO - Configuration saved successfully
2026-01-04 16:16:56,747 - src.config.config_manager - INFO - Configuration saved successfully
2026-01-04 16:17:01,746 - src.config.config_manager - INFO - Configuration saved successfully
2026-01-04 16:17:01,747 - src.config.config_manager - INFO - Configuration saved successfully
2026-01-04 16:17:06,747 - src.config.config_manager - INFO - Configuration saved successfully
2026-01-04 16:17:06,748 - src.config.config_manager - INFO - Configuration saved successfully
2026-01-04 16:17:11,747 - src.config.config_manager - INFO - Configuration saved successfully
2026-01-04 16:17:11,748 - src.config.config_manager - INFO - Configuration saved successfully
2026-01-04 16:17:16,747 - src.config.config_manager - INFO - Configuration saved successfully
2026-01-04 16:17:16,748 - src.config.config_manager - INFO - Configuration saved successfully
2026-01-04 16:17:21,747 - src.config.config_manager - INFO - Configuration saved successfully
2026-01-04 16:17:21,748 - src.config.config_manager - INFO - Configuration saved successfully
2026-01-04 16:17:26,747 - src.config.config_manager - INFO - Configuration saved successfully
2026-01-04 16:17:26,747 - src.config.config_manager - INFO - Configuration saved successfully
2026-01-04 16:17:31,746 - src.config.config_manager - INFO - Configuration saved successfully
2026-01-04 16:17:31,747 - src.config.config_manager - INFO - Configuration saved successfully
2026-01-04 16:17:36,748 - src.config.config_manager - INFO - Configuration saved successfully
2026-01-04 16:17:36,748 - src.config.config_manager - INFO - Configuration saved successfully
2026-01-04 16:17:41,747 - src.config.config_manager - INFO - Configuration saved successfully
2026-01-04 16:17:41,749 - src.config.config_manager - INFO - Configuration saved successfully
2026-01-04 16:17:46,747 - src.config.config_manager - INFO - Configuration saved successfully
2026-01-04 16:17:46,747 - src.config.config_manager - INFO - Configuration saved successfully
2026-01-04 16:17:51,747 - src.config.config_manager - INFO - Configuration saved successfully
2026-01-04 16:17:51,748 - src.config.config_manager - INFO - Configuration saved successfully
2026-01-04 16:17:56,746 - src.config.config_manager - INFO - Configuration saved successfully
2026-01-04 16:17:56,747 - src.config.config_manager - INFO - Configuration saved successfully
2026-01-04 16:18:01,749 - src.config.config_manager - INFO - Configuration saved successfully
2026-01-04 16:18:01,750 - src.config.config_manager - INFO - Configuration saved successfully
2026-01-04 16:18:06,746 - src.config.config_manager - INFO - Configuration saved successfully
2026-01-04 16:18:06,747 - src.config.config_manager - INFO - Configuration saved successfully
2026-01-04 16:18:11,747 - src.config.config_manager - INFO - Configuration saved successfully
2026-01-04 16:18:11,747 - src.config.config_manager - INFO - Configuration saved successfully
2026-01-04 16:18:16,746 - src.config.config_manager - INFO - Configuration saved successfully
2026-01-04 16:18:16,748 - src.config.config_manager - INFO - Configuration saved successfully
2026-01-04 16:18:21,747 - src.config.config_manager - INFO - Configuration saved successfully
2026-01-04 16:18:21,748 - src.config.config_manager - INFO - Configuration saved successfully
2026-01-04 16:18:26,747 - src.config.config_manager - INFO - Configuration saved successfully
2026-01-04 16:18:26,748 - src.config.config_manager - INFO - Configuration saved successfully
2026-01-04 16:18:31,747 - src.config.config_manager - INFO - Configuration saved successfully
2026-01-04 16:18:31,748 - src.config.config_manager - INFO - Configuration saved successfully
2026-01-04 16:18:36,747 - src.config.config_manager - INFO - Configuration saved successfully
2026-01-04 16:18:36,748 - src.config.config_manager - INFO - Configuration saved successfully
2026-01-04 16:18:41,747 - src.config.config_manager - INFO - Configuration saved successfully
2026-01-04 16:18:41,748 - src.config.config_manager - INFO - Configuration saved successfully
2026-01-04 16:18:46,747 - src.config.config_manager - INFO - Configuration saved successfully
2026-01-04 16:18:46,748 - src.config.config_manager - INFO - Configuration saved successfully
2026-01-04 16:18:51,747 - src.config.config_manager - INFO - Configuration saved successfully
2026-01-04 16:18:51,748 - src.config.config_manager - INFO - Configuration saved successfully
2026-01-04 16:18:56,746 - src.config.config_manager - INFO - Configuration saved successfully
2026-01-04 16:18:56,747 - src.config.config_manager - INFO - Configuration saved successfully
2026-01-04 16:19:01,747 - src.config.config_manager - INFO - Configuration saved successfully
2026-01-04 16:19:01,748 - src.config.config_manager - INFO - Configuration saved successfully
2026-01-04 16:19:06,747 - src.config.config_manager - INFO - Configuration saved successfully
2026-01-04 16:19:06,748 - src.config.config_manager - INFO - Configuration saved successfully
2026-01-04 16:19:11,747 - src.config.config_manager - INFO - Configuration saved successfully
2026-01-04 16:19:11,748 - src.config.config_manager - INFO - Configuration saved successfully
2026-01-04 16:19:16,748 - src.config.config_manager - INFO - Configuration saved successfully
2026-01-04 16:19:16,749 - src.config.config_manager - INFO - Configuration saved successfully
2026-01-04 16:19:21,747 - src.config.config_manager - INFO - Configuration saved successfully
2026-01-04 16:19:21,748 - src.config.config_manager - INFO - Configuration saved successfully
2026-01-04 16:19:26,748 - src.config.config_manager - INFO - Configuration saved successfully
2026-01-04 16:19:26,749 - src.config.config_manager - INFO - Configuration saved successfully
2026-01-04 16:19:31,747 - src.config.config_manager - INFO - Configuration saved successfully
2026-01-04 16:19:31,748 - src.config.config_manager - INFO - Configuration saved successfully
2026-01-04 16:19:36,746 - src.config.config_manager - INFO - Configuration saved successfully
2026-01-04 16:19:36,747 - src.config.config_manager - INFO - Configuration saved successfully
2026-01-04 16:19:41,745 - src.config.config_manager - INFO - Configuration saved successfully
2026-01-04 16:19:41,746 - src.config.config_manager - INFO - Configuration saved successfully
2026-01-04 16:19:46,747 - src.config.config_manager - INFO - Configuration saved successfully
2026-01-04 16:19:46,748 - src.config.config_manager - INFO - Configuration saved successfully
2026-01-04 16:19:51,747 - src.config.config_manager - INFO - Configuration saved successfully
2026-01-04 16:19:51,748 - src.config.config_manager - INFO - Configuration saved successfully
2026-01-04 16:19:56,748 - src.config.config_manager - INFO - Configuration saved successfully
2026-01-04 16:19:56,749 - src.config.config_manager - INFO - Configuration saved successfully
2026-01-04 16:20:01,745 - src.config.config_manager - INFO - Configuration saved successfully
2026-01-04 16:20:01,746 - src.config.config_manager - INFO - Configuration saved successfully
2026-01-04 16:20:06,747 - src.config.config_manager - INFO - Configuration saved successfully
2026-01-04 16:20:06,748 - src.config.config_manager - INFO - Configuration saved successfully
2026-01-04 16:20:11,747 - src.config.config_manager - INFO - Configuration saved successfully
2026-01-04 16:20:11,748 - src.config.config_manager - INFO - Configuration saved successfully
2026-01-04 16:20:16,746 - src.config.config_manager - INFO - Configuration saved successfully
2026-01-04 16:20:16,747 - src.config.config_manager - INFO - Configuration saved successfully
2026-01-04 16:20:21,746 - src.config.config_manager - INFO - Configuration saved successfully
2026-01-04 16:20:21,747 - src.config.config_manager - INFO - Configuration saved successfully
2026-01-04 16:20:26,747 - src.config.config_manager - INFO - Configuration saved successfully
2026-01-04 16:20:26,748 - src.config.config_manager - INFO - Configuration saved successfully
2026-01-04 16:20:31,746 - src.config.config_manager - INFO - Configuration saved successfully
2026-01-04 16:20:31,747 - src.config.config_manager - INFO - Configuration saved successfully
2026-01-04 16:20:36,746 - src.config.config_manager - INFO - Configuration saved successfully
2026-01-04 16:20:36,746 - src.config.config_manager - INFO - Configuration saved successfully
2026-01-04 16:20:41,747 - src.config.config_manager - INFO - Configuration saved successfully
2026-01-04 16:20:41,748 - src.config.config_manager - INFO - Configuration saved successfully
2026-01-04 16:20:46,746 - src.config.config_manager - INFO - Configuration saved successfully
2026-01-04 16:20:46,748 - src.config.config_manager - INFO - Configuration saved successfully
2026-01-04 16:20:51,745 - src.config.config_manager - INFO - Configuration saved successfully
2026-01-04 16:20:51,746 - src.config.config_manager - INFO - Configuration saved successfully
2026-01-04 16:20:56,747 - src.config.config_manager - INFO - Configuration saved successfully
2026-01-04 16:20:56,748 - src.config.config_manager - INFO - Configuration saved successfully
2026-01-04 16:21:01,746 - src.config.config_manager - INFO - Configuration saved successfully
2026-01-04 16:21:01,747 - src.config.config_manager - INFO - Configuration saved successfully
2026-01-04 16:21:06,747 - src.config.config_manager - INFO - Configuration saved successfully
2026-01-04 16:21:06,748 - src.config.config_manager - INFO - Configuration saved successfully
2026-01-04 16:21:11,746 - src.config.config_manager - INFO - Configuration saved successfully
2026-01-04 16:21:11,747 - src.config.config_manager - INFO - Configuration saved successfully
2026-01-04 16:21:16,747 - src.config.config_manager - INFO - Configuration saved successfully
2026-01-04 16:21:16,748 - src.config.config_manager - INFO - Configuration saved successfully
2026-01-04 16:21:21,747 - src.config.config_manager - INFO - Configuration saved successfully
2026-01-04 16:21:21,748 - src.config.config_manager - INFO - Configuration saved successfully
2026-01-04 16:21:26,746 - src.config.config_manager - INFO - Configuration saved successfully
2026-01-04 16:21:26,747 - src.config.config_manager - INFO - Configuration saved successfully
2026-01-04 16:21:31,747 - src.config.config_manager - INFO - Configuration saved successfully
2026-01-04 16:21:31,748 - src.config.config_manager - INFO - Configuration saved successfully
2026-01-04 16:21:36,747 - src.config.config_manager - INFO - Configuration saved successfully
2026-01-04 16:21:36,748 - src.config.config_manager - INFO - Configuration saved successfully
2026-01-04 16:21:41,746 - src.config.config_manager - INFO - Configuration saved successfully
2026-01-04 16:21:41,747 - src.config.config_manager - INFO - Configuration saved successfully
2026-01-04 16:21:46,746 - src.config.config_manager - INFO - Configuration saved successfully
2026-01-04 16:21:46,747 - src.config.config_manager - INFO - Configuration saved successfully
2026-01-04 16:21:51,745 - src.config.config_manager - INFO - Configuration saved successfully
2026-01-04 16:21:51,746 - src.config.config_manager - INFO - Configuration saved successfully
2026-01-04 16:21:56,745 - src.config.config_manager - INFO - Configuration saved successfully
2026-01-04 16:21:56,746 - src.config.config_manager - INFO - Configuration saved successfully
2026-01-04 16:22:01,746 - src.config.config_manager - INFO - Configuration saved successfully
2026-01-04 16:22:01,747 - src.config.config_manager - INFO - Configuration saved successfully
2026-01-04 16:22:06,747 - src.config.config_manager - INFO - Configuration saved successfully
2026-01-04 16:22:06,748 - src.config.config_manager - INFO - Configuration saved successfully
2026-01-04 16:22:11,746 - src.config.config_manager - INFO - Configuration saved successfully
2026-01-04 16:22:11,747 - src.config.config_manager - INFO - Configuration saved successfully
2026-01-04 16:22:16,746 - src.config.config_manager - INFO - Configuration saved successfully
2026-01-04 16:22:16,747 - src.config.config_manager - INFO - Configuration saved successfully
2026-01-04 16:22:21,747 - src.config.config_manager - INFO - Configuration saved successfully
2026-01-04 16:22:21,748 - src.config.config_manager - INFO - Configuration saved successfully
2026-01-04 16:22:26,746 - src.config.config_manager - INFO - Configuration saved successfully
2026-01-04 16:22:26,747 - src.config.config_manager - INFO - Configuration saved successfully
2026-01-04 16:22:31,745 - src.config.config_manager - INFO - Configuration saved successfully
2026-01-04 16:22:31,746 - src.config.config_manager - INFO - Configuration saved successfully
2026-01-04 16:22:36,747 - src.config.config_manager - INFO - Configuration saved successfully
2026-01-04 16:22:36,748 - src.config.config_manager - INFO - Configuration saved successfully
2026-01-04 16:22:41,746 - src.config.config_manager - INFO - Configuration saved successfully
2026-01-04 16:22:41,747 - src.config.config_manager - INFO - Configuration saved successfully
2026-01-04 16:22:46,746 - src.config.config_manager - INFO - Configuration saved successfully
2026-01-04 16:22:46,748 - src.config.config_manager - INFO - Configuration saved successfully
2026-01-04 16:22:51,745 - src.config.config_manager - INFO - Configuration saved successfully
2026-01-04 16:22:51,746 - src.config.config_manager - INFO - Configuration saved successfully
2026-01-04 16:22:56,745 - src.config.config_manager - INFO - Configuration saved successfully
2026-01-04 16:22:56,746 - src.config.config_manager - INFO - Configuration saved successfully
2026-01-04 16:23:01,747 - src.config.config_manager - INFO - Configuration saved successfully
2026-01-04 16:23:01,748 - src.config.config_manager - INFO - Configuration saved successfully
2026-01-04 16:23:06,746 - src.config.config_manager - INFO - Configuration saved successfully
2026-01-04 16:23:06,747 - src.config.config_manager - INFO - Configuration saved successfully
2026-01-04 16:23:11,746 - src.config.config_manager - INFO - Configuration saved successfully
2026-01-04 16:23:11,747 - src.config.config_manager - INFO - Configuration saved successfully
2026-01-04 16:23:16,748 - src.config.config_manager - INFO - Configuration saved successfully
2026-01-04 16:23:16,748 - src.config.config_manager - INFO - Configuration saved successfully
2026-01-04 16:23:21,746 - src.config.config_manager - INFO - Configuration saved successfully
2026-01-04 16:23:21,747 - src.config.config_manager - INFO - Configuration saved successfully
2026-01-04 16:23:26,747 - src.config.config_manager - INFO - Configuration saved successfully
2026-01-04 16:23:26,748 - src.config.config_manager - INFO - Configuration saved successfully
2026-01-04 16:23:31,748 - src.config.config_manager - INFO - Configuration saved successfully
2026-01-04 16:23:31,748 - src.config.config_manager - INFO - Configuration saved successfully
2026-01-04 16:23:36,747 - src.config.config_manager - INFO - Configuration saved successfully
2026-01-04 16:23:36,748 - src.config.config_manager - INFO - Configuration saved successfully
2026-01-04 16:23:41,747 - src.config.config_manager - INFO - Configuration saved successfully
2026-01-04 16:23:41,748 - src.config.config_manager - INFO - Configuration saved successfully
2026-01-04 16:23:46,747 - src.config.config_manager - INFO - Configuration saved successfully
2026-01-04 16:23:46,748 - src.config.config_manager - INFO - Configuration saved successfully
2026-01-04 16:23:51,747 - src.config.config_manager - INFO - Configuration saved successfully
2026-01-04 16:23:51,749 - src.config.config_manager - INFO - Configuration saved successfully
2026-01-04 16:23:56,746 - src.config.config_manager - INFO - Configuration saved successfully
2026-01-04 16:23:56,747 - src.config.config_manager - INFO - Configuration saved successfully
2026-01-04 16:24:01,746 - src.config.config_manager - INFO - Configuration saved successfully
2026-01-04 16:24:01,747 - src.config.config_manager - INFO - Configuration saved successfully
2026-01-04 16:24:06,748 - src.config.config_manager - INFO - Configuration saved successfully
2026-01-04 16:24:06,749 - src.config.config_manager - INFO - Configuration saved successfully
2026-01-04 16:24:11,747 - src.config.config_manager - INFO - Configuration saved successfully
2026-01-04 16:24:11,748 - src.config.config_manager - INFO - Configuration saved successfully
2026-01-04 16:24:16,747 - src.config.config_manager - INFO - Configuration saved successfully
2026-01-04 16:24:16,748 - src.config.config_manager - INFO - Configuration saved successfully
2026-01-04 16:24:21,748 - src.config.config_manager - INFO - Configuration saved successfully
2026-01-04 16:24:21,749 - src.config.config_manager - INFO - Configuration saved successfully
2026-01-04 16:24:26,747 - src.config.config_manager - INFO - Configuration saved successfully
2026-01-04 16:24:26,748 - src.config.config_manager - INFO - Configuration saved successfully
2026-01-04 16:24:31,747 - src.config.config_manager - INFO - Configuration saved successfully
2026-01-04 16:24:31,748 - src.config.config_manager - INFO - Configuration saved successfully
2026-01-04 16:24:36,748 - src.config.config_manager - INFO - Configuration saved successfully
2026-01-04 16:24:36,748 - src.config.config_manager - INFO - Configuration saved successfully
2026-01-04 16:24:41,747 - src.config.config_manager - INFO - Configuration saved successfully
2026-01-04 16:24:41,747 - src.config.config_manager - INFO - Configuration saved successfully
2026-01-04 16:24:46,747 - src.config.config_manager - INFO - Configuration saved successfully
2026-01-04 16:24:46,748 - src.config.config_manager - INFO - Configuration saved successfully
2026-01-04 16:24:51,746 - src.config.config_manager - INFO - Configuration saved successfully
2026-01-04 16:24:51,746 - src.config.config_manager - INFO - Configuration saved successfully
2026-01-04 16:24:56,747 - src.config.config_manager - INFO - Configuration saved successfully
2026-01-04 16:24:56,748 - src.config.config_manager - INFO - Configuration saved successfully
2026-01-04 16:25:01,747 - src.config.config_manager - INFO - Configuration saved successfully
2026-01-04 16:25:01,748 - src.config.config_manager - INFO - Configuration saved successfully
2026-01-04 16:25:06,747 - src.config.config_manager - INFO - Configuration saved successfully
2026-01-04 16:25:06,748 - src.config.config_manager - INFO - Configuration saved successfully
2026-01-04 16:25:11,746 - src.config.config_manager - INFO - Configuration saved successfully
2026-01-04 16:25:11,747 - src.config.config_manager - INFO - Configuration saved successfully
2026-01-04 16:25:16,747 - src.config.config_manager - INFO - Configuration saved successfully
2026-01-04 16:25:16,748 - src.config.config_manager - INFO - Configuration saved successfully
2026-01-04 16:25:21,747 - src.config.config_manager - INFO - Configuration saved successfully
2026-01-04 16:25:21,749 - src.config.config_manager - INFO - Configuration saved successfully
2026-01-04 16:25:26,746 - src.config.config_manager - INFO - Configuration saved successfully
2026-01-04 16:25:26,747 - src.config.config_manager - INFO - Configuration saved successfully
2026-01-04 16:25:31,746 - src.config.config_manager - INFO - Configuration saved successfully
2026-01-04 16:25:31,748 - src.config.config_manager - INFO - Configuration saved successfully
2026-01-04 16:25:36,747 - src.config.config_manager - INFO - Configuration saved successfully
2026-01-04 16:25:36,748 - src.config.config_manager - INFO - Configuration saved successfully
2026-01-04 16:25:41,746 - src.config.config_manager - INFO - Configuration saved successfully
2026-01-04 16:25:41,747 - src.config.config_manager - INFO - Configuration saved successfully
2026-01-04 16:25:46,747 - src.config.config_manager - INFO - Configuration saved successfully
2026-01-04 16:25:46,748 - src.config.config_manager - INFO - Configuration saved successfully
2026-01-04 16:25:51,747 - src.config.config_manager - INFO - Configuration saved successfully
2026-01-04 16:25:51,748 - src.config.config_manager - INFO - Configuration saved successfully
2026-01-04 16:25:56,747 - src.config.config_manager - INFO - Configuration saved successfully
2026-01-04 16:25:56,748 - src.config.config_manager - INFO - Configuration saved successfully
2026-01-04 16:26:01,745 - src.config.config_manager - INFO - Configuration saved successfully
2026-01-04 16:26:01,746 - src.config.config_manager - INFO - Configuration saved successfully
2026-01-04 16:26:06,747 - src.config.config_manager - INFO - Configuration saved successfully
2026-01-04 16:26:06,748 - src.config.config_manager - INFO - Configuration saved successfully
2026-01-04 16:26:11,746 - src.config.config_manager - INFO - Configuration saved successfully
2026-01-04 16:26:11,747 - src.config.config_manager - INFO - Configuration saved successfully
2026-01-04 16:26:16,746 - src.config.config_manager - INFO - Configuration saved successfully
2026-01-04 16:26:16,747 - src.config.config_manager - INFO - Configuration saved successfully
2026-01-04 16:26:21,746 - src.config.config_manager - INFO - Configuration saved successfully
2026-01-04 16:26:21,747 - src.config.config_manager - INFO - Configuration saved successfully
2026-01-04 16:26:26,746 - src.config.config_manager - INFO - Configuration saved successfully
2026-01-04 16:26:26,747 - src.config.config_manager - INFO - Configuration saved successfully
2026-01-04 16:26:31,746 - src.config.config_manager - INFO - Configuration saved successfully
2026-01-04 16:26:31,747 - src.config.config_manager - INFO - Configuration saved successfully
2026-01-04 16:26:36,746 - src.config.config_manager - INFO - Configuration saved successfully
2026-01-04 16:26:36,747 - src.config.config_manager - INFO - Configuration saved successfully
2026-01-04 16:26:41,747 - src.config.config_manager - INFO - Configuration saved successfully
2026-01-04 16:26:41,748 - src.config.config_manager - INFO - Configuration saved successfully
2026-01-04 16:26:46,746 - src.config.config_manager - INFO - Configuration saved successfully
2026-01-04 16:26:46,747 - src.config.config_manager - INFO - Configuration saved successfully
2026-01-04 16:26:51,747 - src.config.config_manager - INFO - Configuration saved successfully
2026-01-04 16:26:51,748 - src.config.config_manager - INFO - Configuration saved successfully
2026-01-04 16:26:56,747 - src.config.config_manager - INFO - Configuration saved successfully
2026-01-04 16:26:56,748 - src.config.config_manager - INFO - Configuration saved successfully
2026-01-04 16:27:01,745 - src.config.config_manager - INFO - Configuration saved successfully
2026-01-04 16:27:01,746 - src.config.config_manager - INFO - Configuration saved successfully
2026-01-04 16:27:06,745 - src.config.config_manager - INFO - Configuration saved successfully
2026-01-04 16:27:06,746 - src.config.config_manager - INFO - Configuration saved successfully
2026-01-04 16:27:11,747 - src.config.config_manager - INFO - Configuration saved successfully
2026-01-04 16:27:11,748 - src.config.config_manager - INFO - Configuration saved successfully
2026-01-04 16:27:16,747 - src.config.config_manager - INFO - Configuration saved successfully
2026-01-04 16:27:16,748 - src.config.config_manager - INFO - Configuration saved successfully
2026-01-04 16:27:21,747 - src.config.config_manager - INFO - Configuration saved successfully
2026-01-04 16:27:21,748 - src.config.config_manager - INFO - Configuration saved successfully
2026-01-04 16:27:26,746 - src.config.config_manager - INFO - Configuration saved successfully
2026-01-04 16:27:26,748 - src.config.config_manager - INFO - Configuration saved successfully
2026-01-04 16:27:31,748 - src.config.config_manager - INFO - Configuration saved successfully
2026-01-04 16:27:31,749 - src.config.config_manager - INFO - Configuration saved successfully
2026-01-04 16:27:36,747 - src.config.config_manager - INFO - Configuration saved successfully
2026-01-04 16:27:36,748 - src.config.config_manager - INFO - Configuration saved successfully
2026-01-04 16:27:41,747 - src.config.config_manager - INFO - Configuration saved successfully
2026-01-04 16:27:41,750 - src.config.config_manager - INFO - Configuration saved successfully
2026-01-04 16:27:46,747 - src.config.config_manager - INFO - Configuration saved successfully
2026-01-04 16:27:46,748 - src.config.config_manager - INFO - Configuration saved successfully
2026-01-04 16:27:51,746 - src.config.config_manager - INFO - Configuration saved successfully
2026-01-04 16:27:51,747 - src.config.config_manager - INFO - Configuration saved successfully
2026-01-04 16:27:56,746 - src.config.config_manager - INFO - Configuration saved successfully
2026-01-04 16:27:56,747 - src.config.config_manager - INFO - Configuration saved successfully
2026-01-04 16:28:01,747 - src.config.config_manager - INFO - Configuration saved successfully
2026-01-04 16:28:01,748 - src.config.config_manager - INFO - Configuration saved successfully
2026-01-04 16:28:06,746 - src.config.config_manager - INFO - Configuration saved successfully
2026-01-04 16:28:06,747 - src.config.config_manager - INFO - Configuration saved successfully
2026-01-04 16:28:11,746 - src.config.config_manager - INFO - Configuration saved successfully
2026-01-04 16:28:11,747 - src.config.config_manager - INFO - Configuration saved successfully
2026-01-04 16:28:16,747 - src.config.config_manager - INFO - Configuration saved successfully
2026-01-04 16:28:16,748 - src.config.config_manager - INFO - Configuration saved successfully
2026-01-04 16:28:21,746 - src.config.config_manager - INFO - Configuration saved successfully
2026-01-04 16:28:21,747 - src.config.config_manager - INFO - Configuration saved successfully
2026-01-04 16:28:26,746 - src.config.config_manager - INFO - Configuration saved successfully
2026-01-04 16:28:26,747 - src.config.config_manager - INFO - Configuration saved successfully
2026-01-04 16:28:31,746 - src.config.config_manager - INFO - Configuration saved successfully
2026-01-04 16:28:31,747 - src.config.config_manager - INFO - Configuration saved successfully
2026-01-04 16:28:36,746 - src.config.config_manager - INFO - Configuration saved successfully
2026-01-04 16:28:36,747 - src.config.config_manager - INFO - Configuration saved successfully
2026-01-04 16:28:41,747 - src.config.config_manager - INFO - Configuration saved successfully
2026-01-04 16:28:41,747 - src.config.config_manager - INFO - Configuration saved successfully
2026-01-04 16:28:46,747 - src.config.config_manager - INFO - Configuration saved successfully
2026-01-04 16:28:46,748 - src.config.config_manager - INFO - Configuration saved successfully
2026-01-04 16:28:51,746 - src.config.config_manager - INFO - Configuration saved successfully
2026-01-04 16:28:51,746 - src.config.config_manager - INFO - Configuration saved successfully
2026-01-04 16:28:56,747 - src.config.config_manager - INFO - Configuration saved successfully
2026-01-04 16:28:56,748 - src.config.config_manager - INFO - Configuration saved successfully
2026-01-04 16:29:01,746 - src.config.config_manager - INFO - Configuration saved successfully
2026-01-04 16:29:01,747 - src.config.config_manager - INFO - Configuration saved successfully
2026-01-04 16:29:06,748 - src.config.config_manager - INFO - Configuration saved successfully
2026-01-04 16:29:06,749 - src.config.config_manager - INFO - Configuration saved successfully
2026-01-04 16:29:11,746 - src.config.config_manager - INFO - Configuration saved successfully
2026-01-04 16:29:11,747 - src.config.config_manager - INFO - Configuration saved successfully
2026-01-04 16:29:16,747 - src.config.config_manager - INFO - Configuration saved successfully
2026-01-04 16:29:16,748 - src.config.config_manager - INFO - Configuration saved successfully
2026-01-04 16:29:21,751 - src.config.config_manager - INFO - Configuration saved successfully
2026-01-04 16:29:21,751 - src.config.config_manager - INFO - Configuration saved successfully
2026-01-04 16:29:26,747 - src.config.config_manager - INFO - Configuration saved successfully
2026-01-04 16:29:26,747 - src.config.config_manager - INFO - Configuration saved successfully
2026-01-04 16:29:31,747 - src.config.config_manager - INFO - Configuration saved successfully
2026-01-04 16:29:31,747 - src.config.config_manager - INFO - Configuration saved successfully
2026-01-04 16:29:36,746 - src.config.config_manager - INFO - Configuration saved successfully
2026-01-04 16:29:36,747 - src.config.config_manager - INFO - Configuration saved successfully
2026-01-04 16:29:41,747 - src.config.config_manager - INFO - Configuration saved successfully
2026-01-04 16:29:41,747 - src.config.config_manager - INFO - Configuration saved successfully
2026-01-04 16:29:46,746 - src.config.config_manager - INFO - Configuration saved successfully
2026-01-04 16:29:46,747 - src.config.config_manager - INFO - Configuration saved successfully
2026-01-04 16:29:51,747 - src.config.config_manager - INFO - Configuration saved successfully
2026-01-04 16:29:51,747 - src.config.config_manager - INFO - Configuration saved successfully
2026-01-04 16:29:56,746 - src.config.config_manager - INFO - Configuration saved successfully
2026-01-04 16:29:56,748 - src.config.config_manager - INFO - Configuration saved successfully
2026-01-04 16:30:01,747 - src.config.config_manager - INFO - Configuration saved successfully
2026-01-04 16:30:01,749 - src.config.config_manager - INFO - Configuration saved successfully
2026-01-04 16:30:06,747 - src.config.config_manager - INFO - Configuration saved successfully
2026-01-04 16:30:06,748 - src.config.config_manager - INFO - Configuration saved successfully
2026-01-04 16:30:11,747 - src.config.config_manager - INFO - Configuration saved successfully
2026-01-04 16:30:11,748 - src.config.config_manager - INFO - Configuration saved successfully
2026-01-04 16:30:16,747 - src.config.config_manager - INFO - Configuration saved successfully
2026-01-04 16:30:16,748 - src.config.config_manager - INFO - Configuration saved successfully
2026-01-04 16:30:21,747 - src.config.config_manager - INFO - Configuration saved successfully
2026-01-04 16:30:21,748 - src.config.config_manager - INFO - Configuration saved successfully
2026-01-04 16:30:26,746 - src.config.config_manager - INFO - Configuration saved successfully
2026-01-04 16:30:26,747 - src.config.config_manager - INFO - Configuration saved successfully
2026-01-04 16:30:31,745 - src.config.config_manager - INFO - Configuration saved successfully
2026-01-04 16:30:31,746 - src.config.config_manager - INFO - Configuration saved successfully
2026-01-04 16:30:36,747 - src.config.config_manager - INFO - Configuration saved successfully
2026-01-04 16:30:36,747 - src.config.config_manager - INFO - Configuration saved successfully
2026-01-04 16:30:41,747 - src.config.config_manager - INFO - Configuration saved successfully
2026-01-04 16:30:41,748 - src.config.config_manager - INFO - Configuration saved successfully
2026-01-04 16:30:46,747 - src.config.config_manager - INFO - Configuration saved successfully
2026-01-04 16:30:46,748 - src.config.config_manager - INFO - Configuration saved successfully
2026-01-04 16:30:51,746 - src.config.config_manager - INFO - Configuration saved successfully
2026-01-04 16:30:51,746 - src.config.config_manager - INFO - Configuration saved successfully
2026-01-04 16:30:56,746 - src.config.config_manager - INFO - Configuration saved successfully
2026-01-04 16:30:56,748 - src.config.config_manager - INFO - Configuration saved successfully
2026-01-04 16:31:01,746 - src.config.config_manager - INFO - Configuration saved successfully
2026-01-04 16:31:01,747 - src.config.config_manager - INFO - Configuration saved successfully
2026-01-04 16:31:06,746 - src.config.config_manager - INFO - Configuration saved successfully
2026-01-04 16:31:06,747 - src.config.config_manager - INFO - Configuration saved successfully
2026-01-04 16:31:11,746 - src.config.config_manager - INFO - Configuration saved successfully
2026-01-04 16:31:11,747 - src.config.config_manager - INFO - Configuration saved successfully
2026-01-04 16:31:16,746 - src.config.config_manager - INFO - Configuration saved successfully
2026-01-04 16:31:16,747 - src.config.config_manager - INFO - Configuration saved successfully
2026-01-04 16:31:21,746 - src.config.config_manager - INFO - Configuration saved successfully
2026-01-04 16:31:21,747 - src.config.config_manager - INFO - Configuration saved successfully
2026-01-04 16:31:26,746 - src.config.config_manager - INFO - Configuration saved successfully
2026-01-04 16:31:26,747 - src.config.config_manager - INFO - Configuration saved successfully
2026-01-04 16:31:31,747 - src.config.config_manager - INFO - Configuration saved successfully
2026-01-04 16:31:31,748 - src.config.config_manager - INFO - Configuration saved successfully
2026-01-04 16:31:36,747 - src.config.config_manager - INFO - Configuration saved successfully
2026-01-04 16:31:36,748 - src.config.config_manager - INFO - Configuration saved successfully
2026-01-04 16:31:41,745 - src.config.config_manager - INFO - Configuration saved successfully
2026-01-04 16:31:41,746 - src.config.config_manager - INFO - Configuration saved successfully
2026-01-04 16:31:46,746 - src.config.config_manager - INFO - Configuration saved successfully
2026-01-04 16:31:46,747 - src.config.config_manager - INFO - Configuration saved successfully
2026-01-04 16:31:51,746 - src.config.config_manager - INFO - Configuration saved successfully
2026-01-04 16:31:51,747 - src.config.config_manager - INFO - Configuration saved successfully
2026-01-04 16:31:56,746 - src.config.config_manager - INFO - Configuration saved successfully
2026-01-04 16:31:56,747 - src.config.config_manager - INFO - Configuration saved successfully
2026-01-04 16:32:01,746 - src.config.config_manager - INFO - Configuration saved successfully
2026-01-04 16:32:01,747 - src.config.config_manager - INFO - Configuration saved successfully
2026-01-04 16:32:06,746 - src.config.config_manager - INFO - Configuration saved successfully
2026-01-04 16:32:06,747 - src.config.config_manager - INFO - Configuration saved successfully
2026-01-04 16:32:11,746 - src.config.config_manager - INFO - Configuration saved successfully
2026-01-04 16:32:11,747 - src.config.config_manager - INFO - Configuration saved successfully
2026-01-04 16:32:16,747 - src.config.config_manager - INFO - Configuration saved successfully
2026-01-04 16:32:16,748 - src.config.config_manager - INFO - Configuration saved successfully
2026-01-04 16:32:21,747 - src.config.config_manager - INFO - Configuration saved successfully
2026-01-04 16:32:21,748 - src.config.config_manager - INFO - Configuration saved successfully
2026-01-04 16:32:26,745 - src.config.config_manager - INFO - Configuration saved successfully
2026-01-04 16:32:26,746 - src.config.config_manager - INFO - Configuration saved successfully
2026-01-04 16:32:31,745 - src.config.config_manager - INFO - Configuration saved successfully
2026-01-04 16:32:31,746 - src.config.config_manager - INFO - Configuration saved successfully
2026-01-04 16:32:36,746 - src.config.config_manager - INFO - Configuration saved successfully
2026-01-04 16:32:36,747 - src.config.config_manager - INFO - Configuration saved successfully
2026-01-04 16:32:41,746 - src.config.config_manager - INFO - Configuration saved successfully
2026-01-04 16:32:41,746 - src.config.config_manager - INFO - Configuration saved successfully
2026-01-04 16:32:46,745 - src.config.config_manager - INFO - Configuration saved successfully
2026-01-04 16:32:46,746 - src.config.config_manager - INFO - Configuration saved successfully
2026-01-04 16:32:51,749 - src.config.config_manager - INFO - Configuration saved successfully
2026-01-04 16:32:51,750 - src.config.config_manager - INFO - Configuration saved successfully
2026-01-04 16:32:56,748 - src.config.config_manager - INFO - Configuration saved successfully
2026-01-04 16:32:56,749 - src.config.config_manager - INFO - Configuration saved successfully
2026-01-04 16:33:01,747 - src.config.config_manager - INFO - Configuration saved successfully
2026-01-04 16:33:01,748 - src.config.config_manager - INFO - Configuration saved successfully
2026-01-04 16:33:06,746 - src.config.config_manager - INFO - Configuration saved successfully
2026-01-04 16:33:06,748 - src.config.config_manager - INFO - Configuration saved successfully
2026-01-04 16:33:11,746 - src.config.config_manager - INFO - Configuration saved successfully
2026-01-04 16:33:11,747 - src.config.config_manager - INFO - Configuration saved successfully
2026-01-04 16:33:16,746 - src.config.config_manager - INFO - Configuration saved successfully
2026-01-04 16:33:16,747 - src.config.config_manager - INFO - Configuration saved successfully
2026-01-04 16:33:21,746 - src.config.config_manager - INFO - Configuration saved successfully
2026-01-04 16:33:21,747 - src.config.config_manager - INFO - Configuration saved successfully
2026-01-04 16:33:26,747 - src.config.config_manager - INFO - Configuration saved successfully
2026-01-04 16:33:26,748 - src.config.config_manager - INFO - Configuration saved successfully
2026-01-04 16:33:31,746 - src.config.config_manager - INFO - Configuration saved successfully
2026-01-04 16:33:31,747 - src.config.config_manager - INFO - Configuration saved successfully
2026-01-04 16:33:36,748 - src.config.config_manager - INFO - Configuration saved successfully
2026-01-04 16:33:36,749 - src.config.config_manager - INFO - Configuration saved successfully
2026-01-04 16:33:41,746 - src.config.config_manager - INFO - Configuration saved successfully
2026-01-04 16:33:41,747 - src.config.config_manager - INFO - Configuration saved successfully
2026-01-04 16:33:46,747 - src.config.config_manager - INFO - Configuration saved successfully
2026-01-04 16:33:46,748 - src.config.config_manager - INFO - Configuration saved successfully
2026-01-04 16:33:51,746 - src.config.config_manager - INFO - Configuration saved successfully
2026-01-04 16:33:51,747 - src.config.config_manager - INFO - Configuration saved successfully
2026-01-04 16:33:56,747 - src.config.config_manager - INFO - Configuration saved successfully
2026-01-04 16:33:56,747 - src.config.config_manager - INFO - Configuration saved successfully
2026-01-04 16:34:01,746 - src.config.config_manager - INFO - Configuration saved successfully
2026-01-04 16:34:01,747 - src.config.config_manager - INFO - Configuration saved successfully
2026-01-04 16:34:06,746 - src.config.config_manager - INFO - Configuration saved successfully
2026-01-04 16:34:06,747 - src.config.config_manager - INFO - Configuration saved successfully
2026-01-04 16:34:11,746 - src.config.config_manager - INFO - Configuration saved successfully
2026-01-04 16:34:11,747 - src.config.config_manager - INFO - Configuration saved successfully
2026-01-04 16:34:16,746 - src.config.config_manager - INFO - Configuration saved successfully
2026-01-04 16:34:16,747 - src.config.config_manager - INFO - Configuration saved successfully
2026-01-04 16:34:21,747 - src.config.config_manager - INFO - Configuration saved successfully
2026-01-04 16:34:21,749 - src.config.config_manager - INFO - Configuration saved successfully
2026-01-04 16:34:26,746 - src.config.config_manager - INFO - Configuration saved successfully
2026-01-04 16:34:26,747 - src.config.config_manager - INFO - Configuration saved successfully
2026-01-04 16:34:31,745 - src.config.config_manager - INFO - Configuration saved successfully
2026-01-04 16:34:31,746 - src.config.config_manager - INFO - Configuration saved successfully
2026-01-04 16:34:36,747 - src.config.config_manager - INFO - Configuration saved successfully
2026-01-04 16:34:36,748 - src.config.config_manager - INFO - Configuration saved successfully
2026-01-04 16:34:41,746 - src.config.config_manager - INFO - Configuration saved successfully
2026-01-04 16:34:41,747 - src.config.config_manager - INFO - Configuration saved successfully
2026-01-04 16:34:46,747 - src.config.config_manager - INFO - Configuration saved successfully
2026-01-04 16:34:46,748 - src.config.config_manager - INFO - Configuration saved successfully
2026-01-04 16:34:51,747 - src.config.config_manager - INFO - Configuration saved successfully
2026-01-04 16:34:51,748 - src.config.config_manager - INFO - Configuration saved successfully
2026-01-04 16:34:56,746 - src.config.config_manager - INFO - Configuration saved successfully
2026-01-04 16:34:56,747 - src.config.config_manager - INFO - Configuration saved successfully
2026-01-04 16:35:01,746 - src.config.config_manager - INFO - Configuration saved successfully
2026-01-04 16:35:01,747 - src.config.config_manager - INFO - Configuration saved successfully
2026-01-04 16:35:06,746 - src.config.config_manager - INFO - Configuration saved successfully
2026-01-04 16:35:06,747 - src.config.config_manager - INFO - Configuration saved successfully
2026-01-04 16:35:11,746 - src.config.config_manager - INFO - Configuration saved successfully
2026-01-04 16:35:11,747 - src.config.config_manager - INFO - Configuration saved successfully
2026-01-04 16:35:16,788 - src.config.config_manager - INFO - Configuration saved successfully
2026-01-04 16:35:16,793 - src.config.config_manager - INFO - Configuration saved successfully
2026-01-04 16:35:21,747 - src.config.config_manager - INFO - Configuration saved successfully
2026-01-04 16:35:21,747 - src.config.config_manager - INFO - Configuration saved successfully
2026-01-04 16:35:26,747 - src.config.config_manager - INFO - Configuration saved successfully
2026-01-04 16:35:26,748 - src.config.config_manager - INFO - Configuration saved successfully
2026-01-04 16:35:31,746 - src.config.config_manager - INFO - Configuration saved successfully
2026-01-04 16:35:31,747 - src.config.config_manager - INFO - Configuration saved successfully
2026-01-04 16:35:36,746 - src.config.config_manager - INFO - Configuration saved successfully
2026-01-04 16:35:36,747 - src.config.config_manager - INFO - Configuration saved successfully
2026-01-04 16:35:41,746 - src.config.config_manager - INFO - Configuration saved successfully
2026-01-04 16:35:41,747 - src.config.config_manager - INFO - Configuration saved successfully
2026-01-04 16:35:46,747 - src.config.config_manager - INFO - Configuration saved successfully
2026-01-04 16:35:46,748 - src.config.config_manager - INFO - Configuration saved successfully
2026-01-04 16:35:51,747 - src.config.config_manager - INFO - Configuration saved successfully
2026-01-04 16:35:51,747 - src.config.config_manager - INFO - Configuration saved successfully
2026-01-04 16:35:56,746 - src.config.config_manager - INFO - Configuration saved successfully
2026-01-04 16:35:56,747 - src.config.config_manager - INFO - Configuration saved successfully
2026-01-04 16:36:01,746 - src.config.config_manager - INFO - Configuration saved successfully
2026-01-04 16:36:01,747 - src.config.config_manager - INFO - Configuration saved successfully
2026-01-04 16:36:06,747 - src.config.config_manager - INFO - Configuration saved successfully
2026-01-04 16:36:06,748 - src.config.config_manager - INFO - Configuration saved successfully
2026-01-04 16:36:11,746 - src.config.config_manager - INFO - Configuration saved successfully
2026-01-04 16:36:11,748 - src.config.config_manager - INFO - Configuration saved successfully
2026-01-04 16:36:16,746 - src.config.config_manager - INFO - Configuration saved successfully
2026-01-04 16:36:16,747 - src.config.config_manager - INFO - Configuration saved successfully
2026-01-04 16:36:21,746 - src.config.config_manager - INFO - Configuration saved successfully
2026-01-04 16:36:21,747 - src.config.config_manager - INFO - Configuration saved successfully
2026-01-04 16:36:26,747 - src.config.config_manager - INFO - Configuration saved successfully
2026-01-04 16:36:26,748 - src.config.config_manager - INFO - Configuration saved successfully
2026-01-04 16:36:31,746 - src.config.config_manager - INFO - Configuration saved successfully
2026-01-04 16:36:31,748 - src.config.config_manager - INFO - Configuration saved successfully
2026-01-04 16:36:36,746 - src.config.config_manager - INFO - Configuration saved successfully
2026-01-04 16:36:36,747 - src.config.config_manager - INFO - Configuration saved successfully
2026-01-04 16:36:41,746 - src.config.config_manager - INFO - Configuration saved successfully
2026-01-04 16:36:41,747 - src.config.config_manager - INFO - Configuration saved successfully
2026-01-04 16:36:46,747 - src.config.config_manager - INFO - Configuration saved successfully
2026-01-04 16:36:46,748 - src.config.config_manager - INFO - Configuration saved successfully
2026-01-04 16:36:51,747 - src.config.config_manager - INFO - Configuration saved successfully
2026-01-04 16:36:51,748 - src.config.config_manager - INFO - Configuration saved successfully
2026-01-04 16:36:56,747 - src.config.config_manager - INFO - Configuration saved successfully
2026-01-04 16:36:56,748 - src.config.config_manager - INFO - Configuration saved successfully
2026-01-04 16:37:01,747 - src.config.config_manager - INFO - Configuration saved successfully
2026-01-04 16:37:01,748 - src.config.config_manager - INFO - Configuration saved successfully
2026-01-04 16:37:06,746 - src.config.config_manager - INFO - Configuration saved successfully
2026-01-04 16:37:06,747 - src.config.config_manager - INFO - Configuration saved successfully
2026-01-04 16:37:11,747 - src.config.config_manager - INFO - Configuration saved successfully
2026-01-04 16:37:11,748 - src.config.config_manager - INFO - Configuration saved successfully
2026-01-04 16:37:16,747 - src.config.config_manager - INFO - Configuration saved successfully
2026-01-04 16:37:16,748 - src.config.config_manager - INFO - Configuration saved successfully
2026-01-04 16:37:21,746 - src.config.config_manager - INFO - Configuration saved successfully
2026-01-04 16:37:21,747 - src.config.config_manager - INFO - Configuration saved successfully
2026-01-04 16:37:26,747 - src.config.config_manager - INFO - Configuration saved successfully
2026-01-04 16:37:26,748 - src.config.config_manager - INFO - Configuration saved successfully
2026-01-04 16:37:31,746 - src.config.config_manager - INFO - Configuration saved successfully
2026-01-04 16:37:31,747 - src.config.config_manager - INFO - Configuration saved successfully
2026-01-04 16:37:36,747 - src.config.config_manager - INFO - Configuration saved successfully
2026-01-04 16:37:36,748 - src.config.config_manager - INFO - Configuration saved successfully
2026-01-04 16:37:41,746 - src.config.config_manager - INFO - Configuration saved successfully
2026-01-04 16:37:41,746 - src.config.config_manager - INFO - Configuration saved successfully
2026-01-04 16:37:46,747 - src.config.config_manager - INFO - Configuration saved successfully
2026-01-04 16:37:46,749 - src.config.config_manager - INFO - Configuration saved successfully
2026-01-04 16:37:51,746 - src.config.config_manager - INFO - Configuration saved successfully
2026-01-04 16:37:51,747 - src.config.config_manager - INFO - Configuration saved successfully
2026-01-04 16:37:56,747 - src.config.config_manager - INFO - Configuration saved successfully
2026-01-04 16:37:56,748 - src.config.config_manager - INFO - Configuration saved successfully
2026-01-04 16:38:01,747 - src.config.config_manager - INFO - Configuration saved successfully
2026-01-04 16:38:01,748 - src.config.config_manager - INFO - Configuration saved successfully
2026-01-04 16:38:06,746 - src.config.config_manager - INFO - Configuration saved successfully
2026-01-04 16:38:06,747 - src.config.config_manager - INFO - Configuration saved successfully
2026-01-04 16:38:11,746 - src.config.config_manager - INFO - Configuration saved successfully
2026-01-04 16:38:11,747 - src.config.config_manager - INFO - Configuration saved successfully
2026-01-04 16:38:16,745 - src.config.config_manager - INFO - Configuration saved successfully
2026-01-04 16:38:16,746 - src.config.config_manager - INFO - Configuration saved successfully
2026-01-04 16:38:21,746 - src.config.config_manager - INFO - Configuration saved successfully
2026-01-04 16:38:21,747 - src.config.config_manager - INFO - Configuration saved successfully
2026-01-04 16:38:26,747 - src.config.config_manager - INFO - Configuration saved successfully
2026-01-04 16:38:26,748 - src.config.config_manager - INFO - Configuration saved successfully
2026-01-04 16:38:31,747 - src.config.config_manager - INFO - Configuration saved successfully
2026-01-04 16:38:31,748 - src.config.config_manager - INFO - Configuration saved successfully
2026-01-04 16:38:36,747 - src.config.config_manager - INFO - Configuration saved successfully
2026-01-04 16:38:36,748 - src.config.config_manager - INFO - Configuration saved successfully
2026-01-04 16:38:41,746 - src.config.config_manager - INFO - Configuration saved successfully
2026-01-04 16:38:41,747 - src.config.config_manager - INFO - Configuration saved successfully
2026-01-04 16:38:46,746 - src.config.config_manager - INFO - Configuration saved successfully
2026-01-04 16:38:46,747 - src.config.config_manager - INFO - Configuration saved successfully
2026-01-04 16:38:51,745 - src.config.config_manager - INFO - Configuration saved successfully
2026-01-04 16:38:51,746 - src.config.config_manager - INFO - Configuration saved successfully
2026-01-04 16:38:56,746 - src.config.config_manager - INFO - Configuration saved successfully
2026-01-04 16:38:56,747 - src.config.config_manager - INFO - Configuration saved successfully
2026-01-04 16:39:01,746 - src.config.config_manager - INFO - Configuration saved successfully
2026-01-04 16:39:01,747 - src.config.config_manager - INFO - Configuration saved successfully
2026-01-04 16:39:06,747 - src.config.config_manager - INFO - Configuration saved successfully
2026-01-04 16:39:06,748 - src.config.config_manager - INFO - Configuration saved successfully
2026-01-04 16:39:11,747 - src.config.config_manager - INFO - Configuration saved successfully
2026-01-04 16:39:11,748 - src.config.config_manager - INFO - Configuration saved successfully
2026-01-04 16:39:16,746 - src.config.config_manager - INFO - Configuration saved successfully
2026-01-04 16:39:16,748 - src.config.config_manager - INFO - Configuration saved successfully
2026-01-04 16:39:21,745 - src.config.config_manager - INFO - Configuration saved successfully
2026-01-04 16:39:21,745 - src.config.config_manager - INFO - Configuration saved successfully
2026-01-04 16:39:26,745 - src.config.config_manager - INFO - Configuration saved successfully
2026-01-04 16:39:26,745 - src.config.config_manager - INFO - Configuration saved successfully
2026-01-04 16:39:31,747 - src.config.config_manager - INFO - Configuration saved successfully
2026-01-04 16:39:31,748 - src.config.config_manager - INFO - Configuration saved successfully
2026-01-04 16:39:36,747 - src.config.config_manager - INFO - Configuration saved successfully
2026-01-04 16:39:36,748 - src.config.config_manager - INFO - Configuration saved successfully
2026-01-04 16:39:41,746 - src.config.config_manager - INFO - Configuration saved successfully
2026-01-04 16:39:41,747 - src.config.config_manager - INFO - Configuration saved successfully
2026-01-04 16:39:46,744 - src.config.config_manager - INFO - Configuration saved successfully
2026-01-04 16:39:46,745 - src.config.config_manager - INFO - Configuration saved successfully
2026-01-04 16:39:51,746 - src.config.config_manager - INFO - Configuration saved successfully
2026-01-04 16:39:51,747 - src.config.config_manager - INFO - Configuration saved successfully
2026-01-04 16:39:56,747 - src.config.config_manager - INFO - Configuration saved successfully
2026-01-04 16:39:56,748 - src.config.config_manager - INFO - Configuration saved successfully
2026-01-04 16:40:01,745 - src.config.config_manager - INFO - Configuration saved successfully
2026-01-04 16:40:01,746 - src.config.config_manager - INFO - Configuration saved successfully
2026-01-04 16:40:06,745 - src.config.config_manager - INFO - Configuration saved successfully
2026-01-04 16:40:06,746 - src.config.config_manager - INFO - Configuration saved successfully
2026-01-04 16:40:11,746 - src.config.config_manager - INFO - Configuration saved successfully
2026-01-04 16:40:11,746 - src.config.config_manager - INFO - Configuration saved successfully
2026-01-04 16:40:16,746 - src.config.config_manager - INFO - Configuration saved successfully
2026-01-04 16:40:16,747 - src.config.config_manager - INFO - Configuration saved successfully
2026-01-04 16:40:21,747 - src.config.config_manager - INFO - Configuration saved successfully
2026-01-04 16:40:21,748 - src.config.config_manager - INFO - Configuration saved successfully
2026-01-04 16:40:26,745 - src.config.config_manager - INFO - Configuration saved successfully
2026-01-04 16:40:26,746 - src.config.config_manager - INFO - Configuration saved successfully
2026-01-04 16:40:31,746 - src.config.config_manager - INFO - Configuration saved successfully
2026-01-04 16:40:31,747 - src.config.config_manager - INFO - Configuration saved successfully
2026-01-04 16:40:36,747 - src.config.config_manager - INFO - Configuration saved successfully
2026-01-04 16:40:36,747 - src.config.config_manager - INFO - Configuration saved successfully
2026-01-04 16:40:41,745 - src.config.config_manager - INFO - Configuration saved successfully
2026-01-04 16:40:41,746 - src.config.config_manager - INFO - Configuration saved successfully
2026-01-04 16:40:46,746 - src.config.config_manager - INFO - Configuration saved successfully
2026-01-04 16:40:46,747 - src.config.config_manager - INFO - Configuration saved successfully
2026-01-04 16:40:51,747 - src.config.config_manager - INFO - Configuration saved successfully
2026-01-04 16:40:51,747 - src.config.config_manager - INFO - Configuration saved successfully
2026-01-04 16:40:56,745 - src.config.config_manager - INFO - Configuration saved successfully
2026-01-04 16:40:56,746 - src.config.config_manager - INFO - Configuration saved successfully
2026-01-04 16:41:01,745 - src.config.config_manager - INFO - Configuration saved successfully
2026-01-04 16:41:01,746 - src.config.config_manager - INFO - Configuration saved successfully
2026-01-04 16:41:06,745 - src.config.config_manager - INFO - Configuration saved successfully
2026-01-04 16:41:06,746 - src.config.config_manager - INFO - Configuration saved successfully
2026-01-04 16:41:11,747 - src.config.config_manager - INFO - Configuration saved successfully
2026-01-04 16:41:11,747 - src.config.config_manager - INFO - Configuration saved successfully
2026-01-04 16:41:16,746 - src.config.config_manager - INFO - Configuration saved successfully
2026-01-04 16:41:16,746 - src.config.config_manager - INFO - Configuration saved successfully
2026-01-04 16:41:21,749 - src.config.config_manager - INFO - Configuration saved successfully
2026-01-04 16:41:21,749 - src.config.config_manager - INFO - Configuration saved successfully
2026-01-04 16:41:26,745 - src.config.config_manager - INFO - Configuration saved successfully
2026-01-04 16:41:26,745 - src.config.config_manager - INFO - Configuration saved successfully
2026-01-04 16:41:31,745 - src.config.config_manager - INFO - Configuration saved successfully
2026-01-04 16:41:31,746 - src.config.config_manager - INFO - Configuration saved successfully
2026-01-04 16:41:36,746 - src.config.config_manager - INFO - Configuration saved successfully
2026-01-04 16:41:36,747 - src.config.config_manager - INFO - Configuration saved successfully
2026-01-04 16:41:41,745 - src.config.config_manager - INFO - Configuration saved successfully
2026-01-04 16:41:41,745 - src.config.config_manager - INFO - Configuration saved successfully
2026-01-04 16:41:46,745 - src.config.config_manager - INFO - Configuration saved successfully
2026-01-04 16:41:46,745 - src.config.config_manager - INFO - Configuration saved successfully
2026-01-04 16:41:51,745 - src.config.config_manager - INFO - Configuration saved successfully
2026-01-04 16:41:51,746 - src.config.config_manager - INFO - Configuration saved successfully
2026-01-04 16:41:56,746 - src.config.config_manager - INFO - Configuration saved successfully
2026-01-04 16:41:56,746 - src.config.config_manager - INFO - Configuration saved successfully
2026-01-04 16:42:01,746 - src.config.config_manager - INFO - Configuration saved successfully
2026-01-04 16:42:01,747 - src.config.config_manager - INFO - Configuration saved successfully
2026-01-04 16:42:06,746 - src.config.config_manager - INFO - Configuration saved successfully
2026-01-04 16:42:06,746 - src.config.config_manager - INFO - Configuration saved successfully
2026-01-04 16:42:11,747 - src.config.config_manager - INFO - Configuration saved successfully
2026-01-04 16:42:11,749 - src.config.config_manager - INFO - Configuration saved successfully
2026-01-04 16:42:16,745 - src.config.config_manager - INFO - Configuration saved successfully
2026-01-04 16:42:16,745 - src.config.config_manager - INFO - Configuration saved successfully
2026-01-04 16:42:21,745 - src.config.config_manager - INFO - Configuration saved successfully
2026-01-04 16:42:21,746 - src.config.config_manager - INFO - Configuration saved successfully
2026-01-04 16:42:26,745 - src.config.config_manager - INFO - Configuration saved successfully
2026-01-04 16:42:26,746 - src.config.config_manager - INFO - Configuration saved successfully
2026-01-04 16:42:31,744 - src.config.config_manager - INFO - Configuration saved successfully
2026-01-04 16:42:31,745 - src.config.config_manager - INFO - Configuration saved successfully
2026-01-04 16:42:36,746 - src.config.config_manager - INFO - Configuration saved successfully
2026-01-04 16:42:36,746 - src.config.config_manager - INFO - Configuration saved successfully
2026-01-04 16:42:41,747 - src.config.config_manager - INFO - Configuration saved successfully
2026-01-04 16:42:41,749 - src.config.config_manager - INFO - Configuration saved successfully
2026-01-04 16:42:46,745 - src.config.config_manager - INFO - Configuration saved successfully
2026-01-04 16:42:46,746 - src.config.config_manager - INFO - Configuration saved successfully
2026-01-04 16:42:51,746 - src.config.config_manager - INFO - Configuration saved successfully
2026-01-04 16:42:51,746 - src.config.config_manager - INFO - Configuration saved successfully
2026-01-04 16:42:56,746 - src.config.config_manager - INFO - Configuration saved successfully
2026-01-04 16:42:56,747 - src.config.config_manager - INFO - Configuration saved successfully
2026-01-04 16:43:01,744 - src.config.config_manager - INFO - Configuration saved successfully
2026-01-04 16:43:01,745 - src.config.config_manager - INFO - Configuration saved successfully
2026-01-04 16:43:06,745 - src.config.config_manager - INFO - Configuration saved successfully
2026-01-04 16:43:06,745 - src.config.config_manager - INFO - Configuration saved successfully
2026-01-04 16:43:11,746 - src.config.config_manager - INFO - Configuration saved successfully
2026-01-04 16:43:11,762 - src.config.config_manager - INFO - Configuration saved successfully
2026-01-04 16:43:16,747 - src.config.config_manager - INFO - Configuration saved successfully
2026-01-04 16:43:16,756 - src.config.config_manager - INFO - Configuration saved successfully
2026-01-04 16:43:21,745 - src.config.config_manager - INFO - Configuration saved successfully
2026-01-04 16:43:21,746 - src.config.config_manager - INFO - Configuration saved successfully
2026-01-04 16:43:26,745 - src.config.config_manager - INFO - Configuration saved successfully
2026-01-04 16:43:26,745 - src.config.config_manager - INFO - Configuration saved successfully
2026-01-04 16:43:31,746 - src.config.config_manager - INFO - Configuration saved successfully
2026-01-04 16:43:31,748 - src.config.config_manager - INFO - Configuration saved successfully
2026-01-04 16:43:36,746 - src.config.config_manager - INFO - Configuration saved successfully
2026-01-04 16:43:36,747 - src.config.config_manager - INFO - Configuration saved successfully
2026-01-04 16:43:41,746 - src.config.config_manager - INFO - Configuration saved successfully
2026-01-04 16:43:41,747 - src.config.config_manager - INFO - Configuration saved successfully
2026-01-04 16:43:46,747 - src.config.config_manager - INFO - Configuration saved successfully
2026-01-04 16:43:46,748 - src.config.config_manager - INFO - Configuration saved successfully
2026-01-04 16:43:51,746 - src.config.config_manager - INFO - Configuration saved successfully
2026-01-04 16:43:51,747 - src.config.config_manager - INFO - Configuration saved successfully
2026-01-04 16:43:56,746 - src.config.config_manager - INFO - Configuration saved successfully
2026-01-04 16:43:56,747 - src.config.config_manager - INFO - Configuration saved successfully
2026-01-04 16:44:01,746 - src.config.config_manager - INFO - Configuration saved successfully
2026-01-04 16:44:01,747 - src.config.config_manager - INFO - Configuration saved successfully
2026-01-04 16:44:06,746 - src.config.config_manager - INFO - Configuration saved successfully
2026-01-04 16:44:06,746 - src.config.config_manager - INFO - Configuration saved successfully
2026-01-04 16:44:11,745 - src.config.config_manager - INFO - Configuration saved successfully
2026-01-04 16:44:11,746 - src.config.config_manager - INFO - Configuration saved successfully
2026-01-04 16:44:16,746 - src.config.config_manager - INFO - Configuration saved successfully
2026-01-04 16:44:16,747 - src.config.config_manager - INFO - Configuration saved successfully
2026-01-04 16:44:21,746 - src.config.config_manager - INFO - Configuration saved successfully
2026-01-04 16:44:21,747 - src.config.config_manager - INFO - Configuration saved successfully
2026-01-04 16:44:26,747 - src.config.config_manager - INFO - Configuration saved successfully
2026-01-04 16:44:26,748 - src.config.config_manager - INFO - Configuration saved successfully
2026-01-04 16:44:31,745 - src.config.config_manager - INFO - Configuration saved successfully
2026-01-04 16:44:31,746 - src.config.config_manager - INFO - Configuration saved successfully
2026-01-04 16:44:36,745 - src.config.config_manager - INFO - Configuration saved successfully
2026-01-04 16:44:36,746 - src.config.config_manager - INFO - Configuration saved successfully
2026-01-04 16:44:41,746 - src.config.config_manager - INFO - Configuration saved successfully
2026-01-04 16:44:41,747 - src.config.config_manager - INFO - Configuration saved successfully
2026-01-04 16:44:46,744 - src.config.config_manager - INFO - Configuration saved successfully
2026-01-04 16:44:46,745 - src.config.config_manager - INFO - Configuration saved successfully
2026-01-04 16:44:51,746 - src.config.config_manager - INFO - Configuration saved successfully
2026-01-04 16:44:51,747 - src.config.config_manager - INFO - Configuration saved successfully
2026-01-04 16:44:56,746 - src.config.config_manager - INFO - Configuration saved successfully
2026-01-04 16:44:56,747 - src.config.config_manager - INFO - Configuration saved successfully
2026-01-04 16:45:01,746 - src.config.config_manager - INFO - Configuration saved successfully
2026-01-04 16:45:01,747 - src.config.config_manager - INFO - Configuration saved successfully
2026-01-04 16:45:06,747 - src.config.config_manager - INFO - Configuration saved successfully
2026-01-04 16:45:06,748 - src.config.config_manager - INFO - Configuration saved successfully
2026-01-04 16:45:11,749 - src.config.config_manager - INFO - Configuration saved successfully
2026-01-04 16:45:11,750 - src.config.config_manager - INFO - Configuration saved successfully
2026-01-04 16:45:16,747 - src.config.config_manager - INFO - Configuration saved successfully
2026-01-04 16:45:16,747 - src.config.config_manager - INFO - Configuration saved successfully
2026-01-04 16:45:21,745 - src.config.config_manager - INFO - Configuration saved successfully
2026-01-04 16:45:21,746 - src.config.config_manager - INFO - Configuration saved successfully
2026-01-04 16:45:26,746 - src.config.config_manager - INFO - Configuration saved successfully
2026-01-04 16:45:26,749 - src.config.config_manager - INFO - Configuration saved successfully
2026-01-04 16:45:31,746 - src.config.config_manager - INFO - Configuration saved successfully
2026-01-04 16:45:31,747 - src.config.config_manager - INFO - Configuration saved successfully
2026-01-04 16:45:36,746 - src.config.config_manager - INFO - Configuration saved successfully
2026-01-04 16:45:36,747 - src.config.config_manager - INFO - Configuration saved successfully
2026-01-04 16:45:41,746 - src.config.config_manager - INFO - Configuration saved successfully
2026-01-04 16:45:41,747 - src.config.config_manager - INFO - Configuration saved successfully
2026-01-04 16:45:46,746 - src.config.config_manager - INFO - Configuration saved successfully
2026-01-04 16:45:46,747 - src.config.config_manager - INFO - Configuration saved successfully
2026-01-04 16:45:51,746 - src.config.config_manager - INFO - Configuration saved successfully
2026-01-04 16:45:51,747 - src.config.config_manager - INFO - Configuration saved successfully
2026-01-04 16:45:56,746 - src.config.config_manager - INFO - Configuration saved successfully
2026-01-04 16:45:56,747 - src.config.config_manager - INFO - Configuration saved successfully
2026-01-04 16:46:01,745 - src.config.config_manager - INFO - Configuration saved successfully
2026-01-04 16:46:01,746 - src.config.config_manager - INFO - Configuration saved successfully
2026-01-04 16:46:06,746 - src.config.config_manager - INFO - Configuration saved successfully
2026-01-04 16:46:06,747 - src.config.config_manager - INFO - Configuration saved successfully
2026-01-04 16:46:11,746 - src.config.config_manager - INFO - Configuration saved successfully
2026-01-04 16:46:11,747 - src.config.config_manager - INFO - Configuration saved successfully
2026-01-04 16:46:16,746 - src.config.config_manager - INFO - Configuration saved successfully
2026-01-04 16:46:16,748 - src.config.config_manager - INFO - Configuration saved successfully
2026-01-04 16:46:21,746 - src.config.config_manager - INFO - Configuration saved successfully
2026-01-04 16:46:21,747 - src.config.config_manager - INFO - Configuration saved successfully
2026-01-04 16:46:26,746 - src.config.config_manager - INFO - Configuration saved successfully
2026-01-04 16:46:26,747 - src.config.config_manager - INFO - Configuration saved successfully
2026-01-04 16:46:31,746 - src.config.config_manager - INFO - Configuration saved successfully
2026-01-04 16:46:31,747 - src.config.config_manager - INFO - Configuration saved successfully
2026-01-04 16:46:36,747 - src.config.config_manager - INFO - Configuration saved successfully
2026-01-04 16:46:36,748 - src.config.config_manager - INFO - Configuration saved successfully
2026-01-04 16:46:41,746 - src.config.config_manager - INFO - Configuration saved successfully
2026-01-04 16:46:41,747 - src.config.config_manager - INFO - Configuration saved successfully
2026-01-04 16:46:46,747 - src.config.config_manager - INFO - Configuration saved successfully
2026-01-04 16:46:46,747 - src.config.config_manager - INFO - Configuration saved successfully
2026-01-04 16:46:51,746 - src.config.config_manager - INFO - Configuration saved successfully
2026-01-04 16:46:51,747 - src.config.config_manager - INFO - Configuration saved successfully
2026-01-04 16:46:56,747 - src.config.config_manager - INFO - Configuration saved successfully
2026-01-04 16:46:56,748 - src.config.config_manager - INFO - Configuration saved successfully
2026-01-04 16:47:01,747 - src.config.config_manager - INFO - Configuration saved successfully
2026-01-04 16:47:01,748 - src.config.config_manager - INFO - Configuration saved successfully
2026-01-04 16:47:06,746 - src.config.config_manager - INFO - Configuration saved successfully
2026-01-04 16:47:06,747 - src.config.config_manager - INFO - Configuration saved successfully
2026-01-04 16:47:11,746 - src.config.config_manager - INFO - Configuration saved successfully
2026-01-04 16:47:11,747 - src.config.config_manager - INFO - Configuration saved successfully
2026-01-04 16:47:16,746 - src.config.config_manager - INFO - Configuration saved successfully
2026-01-04 16:47:16,746 - src.config.config_manager - INFO - Configuration saved successfully
2026-01-04 16:47:21,745 - src.config.config_manager - INFO - Configuration saved successfully
2026-01-04 16:47:21,746 - src.config.config_manager - INFO - Configuration saved successfully
2026-01-04 16:47:26,746 - src.config.config_manager - INFO - Configuration saved successfully
2026-01-04 16:47:26,747 - src.config.config_manager - INFO - Configuration saved successfully
2026-01-04 16:47:31,746 - src.config.config_manager - INFO - Configuration saved successfully
2026-01-04 16:47:31,747 - src.config.config_manager - INFO - Configuration saved successfully
2026-01-04 16:47:36,746 - src.config.config_manager - INFO - Configuration saved successfully
2026-01-04 16:47:36,747 - src.config.config_manager - INFO - Configuration saved successfully
2026-01-04 16:47:41,747 - src.config.config_manager - INFO - Configuration saved successfully
2026-01-04 16:47:41,748 - src.config.config_manager - INFO - Configuration saved successfully
2026-01-04 16:47:46,747 - src.config.config_manager - INFO - Configuration saved successfully
2026-01-04 16:47:46,747 - src.config.config_manager - INFO - Configuration saved successfully
2026-01-04 16:47:51,746 - src.config.config_manager - INFO - Configuration saved successfully
2026-01-04 16:47:51,747 - src.config.config_manager - INFO - Configuration saved successfully
2026-01-04 16:47:56,917 - src.config.config_manager - INFO - Configuration saved successfully
2026-01-04 16:47:56,926 - src.config.config_manager - INFO - Configuration saved successfully
2026-01-04 16:48:01,745 - src.config.config_manager - INFO - Configuration saved successfully
2026-01-04 16:48:01,745 - src.config.config_manager - INFO - Configuration saved successfully
2026-01-04 16:48:06,747 - src.config.config_manager - INFO - Configuration saved successfully
2026-01-04 16:48:06,747 - src.config.config_manager - INFO - Configuration saved successfully
2026-01-04 16:48:11,747 - src.config.config_manager - INFO - Configuration saved successfully
2026-01-04 16:48:11,748 - src.config.config_manager - INFO - Configuration saved successfully
2026-01-04 16:48:16,747 - src.config.config_manager - INFO - Configuration saved successfully
2026-01-04 16:48:16,748 - src.config.config_manager - INFO - Configuration saved successfully
2026-01-04 16:48:21,748 - src.config.config_manager - INFO - Configuration saved successfully
2026-01-04 16:48:21,748 - src.config.config_manager - INFO - Configuration saved successfully
2026-01-04 16:48:26,747 - src.config.config_manager - INFO - Configuration saved successfully
2026-01-04 16:48:26,748 - src.config.config_manager - INFO - Configuration saved successfully
2026-01-04 16:48:31,746 - src.config.config_manager - INFO - Configuration saved successfully
2026-01-04 16:48:31,748 - src.config.config_manager - INFO - Configuration saved successfully
2026-01-04 16:48:36,747 - src.config.config_manager - INFO - Configuration saved successfully
2026-01-04 16:48:36,748 - src.config.config_manager - INFO - Configuration saved successfully
2026-01-04 16:48:41,746 - src.config.config_manager - INFO - Configuration saved successfully
2026-01-04 16:48:41,747 - src.config.config_manager - INFO - Configuration saved successfully
2026-01-04 16:48:46,746 - src.config.config_manager - INFO - Configuration saved successfully
2026-01-04 16:48:46,747 - src.config.config_manager - INFO - Configuration saved successfully
2026-01-04 16:48:51,746 - src.config.config_manager - INFO - Configuration saved successfully
2026-01-04 16:48:51,747 - src.config.config_manager - INFO - Configuration saved successfully
2026-01-04 16:48:56,747 - src.config.config_manager - INFO - Configuration saved successfully
2026-01-04 16:48:56,748 - src.config.config_manager - INFO - Configuration saved successfully
2026-01-04 16:49:01,746 - src.config.config_manager - INFO - Configuration saved successfully
2026-01-04 16:49:01,747 - src.config.config_manager - INFO - Configuration saved successfully
2026-01-04 16:49:06,747 - src.config.config_manager - INFO - Configuration saved successfully
2026-01-04 16:49:06,748 - src.config.config_manager - INFO - Configuration saved successfully
2026-01-04 16:49:11,745 - src.config.config_manager - INFO - Configuration saved successfully
2026-01-04 16:49:11,746 - src.config.config_manager - INFO - Configuration saved successfully
2026-01-04 16:49:16,747 - src.config.config_manager - INFO - Configuration saved successfully
2026-01-04 16:49:16,748 - src.config.config_manager - INFO - Configuration saved successfully
2026-01-04 16:49:21,746 - src.config.config_manager - INFO - Configuration saved successfully
2026-01-04 16:49:21,747 - src.config.config_manager - INFO - Configuration saved successfully
2026-01-04 16:49:26,747 - src.config.config_manager - INFO - Configuration saved successfully
2026-01-04 16:49:26,748 - src.config.config_manager - INFO - Configuration saved successfully
2026-01-04 16:49:31,746 - src.config.config_manager - INFO - Configuration saved successfully
2026-01-04 16:49:31,748 - src.config.config_manager - INFO - Configuration saved successfully
2026-01-04 16:49:36,745 - src.config.config_manager - INFO - Configuration saved successfully
2026-01-04 16:49:36,746 - src.config.config_manager - INFO - Configuration saved successfully
2026-01-04 16:49:41,746 - src.config.config_manager - INFO - Configuration saved successfully
2026-01-04 16:49:41,747 - src.config.config_manager - INFO - Configuration saved successfully
2026-01-04 16:49:46,746 - src.config.config_manager - INFO - Configuration saved successfully
2026-01-04 16:49:46,747 - src.config.config_manager - INFO - Configuration saved successfully
2026-01-04 16:49:51,745 - src.config.config_manager - INFO - Configuration saved successfully
2026-01-04 16:49:51,746 - src.config.config_manager - INFO - Configuration saved successfully
2026-01-04 16:49:56,746 - src.config.config_manager - INFO - Configuration saved successfully
2026-01-04 16:49:56,747 - src.config.config_manager - INFO - Configuration saved successfully
2026-01-04 16:50:01,747 - src.config.config_manager - INFO - Configuration saved successfully
2026-01-04 16:50:01,748 - src.config.config_manager - INFO - Configuration saved successfully
2026-01-04 16:50:06,746 - src.config.config_manager - INFO - Configuration saved successfully
2026-01-04 16:50:06,747 - src.config.config_manager - INFO - Configuration saved successfully
2026-01-04 16:50:11,747 - src.config.config_manager - INFO - Configuration saved successfully
2026-01-04 16:50:11,748 - src.config.config_manager - INFO - Configuration saved successfully
2026-01-04 16:50:16,746 - src.config.config_manager - INFO - Configuration saved successfully
2026-01-04 16:50:16,746 - src.config.config_manager - INFO - Configuration saved successfully
2026-01-04 16:50:21,746 - src.config.config_manager - INFO - Configuration saved successfully
2026-01-04 16:50:21,746 - src.config.config_manager - INFO - Configuration saved successfully
2026-01-04 16:50:26,747 - src.config.config_manager - INFO - Configuration saved successfully
2026-01-04 16:50:26,748 - src.config.config_manager - INFO - Configuration saved successfully
2026-01-04 16:50:31,745 - src.config.config_manager - INFO - Configuration saved successfully
2026-01-04 16:50:31,746 - src.config.config_manager - INFO - Configuration saved successfully
2026-01-04 16:50:36,746 - src.config.config_manager - INFO - Configuration saved successfully
2026-01-04 16:50:36,747 - src.config.config_manager - INFO - Configuration saved successfully
2026-01-04 16:50:41,746 - src.config.config_manager - INFO - Configuration saved successfully
2026-01-04 16:50:41,747 - src.config.config_manager - INFO - Configuration saved successfully
2026-01-04 16:50:46,747 - src.config.config_manager - INFO - Configuration saved successfully
2026-01-04 16:50:46,748 - src.config.config_manager - INFO - Configuration saved successfully
2026-01-04 16:50:51,745 - src.config.config_manager - INFO - Configuration saved successfully
2026-01-04 16:50:51,746 - src.config.config_manager - INFO - Configuration saved successfully
2026-01-04 16:50:56,747 - src.config.config_manager - INFO - Configuration saved successfully
2026-01-04 16:50:56,747 - src.config.config_manager - INFO - Configuration saved successfully
2026-01-04 16:51:01,745 - src.config.config_manager - INFO - Configuration saved successfully
2026-01-04 16:51:01,746 - src.config.config_manager - INFO - Configuration saved successfully
2026-01-04 16:51:06,747 - src.config.config_manager - INFO - Configuration saved successfully
2026-01-04 16:51:06,748 - src.config.config_manager - INFO - Configuration saved successfully
2026-01-04 16:51:11,746 - src.config.config_manager - INFO - Configuration saved successfully
2026-01-04 16:51:11,747 - src.config.config_manager - INFO - Configuration saved successfully
2026-01-04 16:51:16,746 - src.config.config_manager - INFO - Configuration saved successfully
2026-01-04 16:51:16,747 - src.config.config_manager - INFO - Configuration saved successfully
2026-01-04 16:51:21,747 - src.config.config_manager - INFO - Configuration saved successfully
2026-01-04 16:51:21,747 - src.config.config_manager - INFO - Configuration saved successfully
2026-01-04 16:51:26,745 - src.config.config_manager - INFO - Configuration saved successfully
2026-01-04 16:51:26,747 - src.config.config_manager - INFO - Configuration saved successfully
2026-01-04 16:51:31,746 - src.config.config_manager - INFO - Configuration saved successfully
2026-01-04 16:51:31,746 - src.config.config_manager - INFO - Configuration saved successfully
2026-01-04 16:51:36,747 - src.config.config_manager - INFO - Configuration saved successfully
2026-01-04 16:51:36,748 - src.config.config_manager - INFO - Configuration saved successfully
2026-01-04 16:51:41,745 - src.config.config_manager - INFO - Configuration saved successfully
2026-01-04 16:51:41,746 - src.config.config_manager - INFO - Configuration saved successfully
2026-01-04 16:51:46,747 - src.config.config_manager - INFO - Configuration saved successfully
2026-01-04 16:51:46,747 - src.config.config_manager - INFO - Configuration saved successfully
2026-01-04 16:51:51,747 - src.config.config_manager - INFO - Configuration saved successfully
2026-01-04 16:51:51,748 - src.config.config_manager - INFO - Configuration saved successfully
2026-01-04 16:51:56,746 - src.config.config_manager - INFO - Configuration saved successfully
2026-01-04 16:51:56,747 - src.config.config_manager - INFO - Configuration saved successfully
2026-01-04 16:52:01,746 - src.config.config_manager - INFO - Configuration saved successfully
2026-01-04 16:52:01,747 - src.config.config_manager - INFO - Configuration saved successfully
2026-01-04 16:52:06,746 - src.config.config_manager - INFO - Configuration saved successfully
2026-01-04 16:52:06,747 - src.config.config_manager - INFO - Configuration saved successfully
2026-01-04 16:52:11,747 - src.config.config_manager - INFO - Configuration saved successfully
2026-01-04 16:52:11,747 - src.config.config_manager - INFO - Configuration saved successfully
2026-01-04 16:52:16,747 - src.config.config_manager - INFO - Configuration saved successfully
2026-01-04 16:52:16,748 - src.config.config_manager - INFO - Configuration saved successfully
2026-01-04 16:52:21,746 - src.config.config_manager - INFO - Configuration saved successfully
2026-01-04 16:52:21,746 - src.config.config_manager - INFO - Configuration saved successfully
2026-01-04 16:52:26,747 - src.config.config_manager - INFO - Configuration saved successfully
2026-01-04 16:52:26,748 - src.config.config_manager - INFO - Configuration saved successfully
2026-01-04 16:52:31,745 - src.config.config_manager - INFO - Configuration saved successfully
2026-01-04 16:52:31,746 - src.config.config_manager - INFO - Configuration saved successfully
2026-01-04 16:52:36,746 - src.config.config_manager - INFO - Configuration saved successfully
2026-01-04 16:52:36,747 - src.config.config_manager - INFO - Configuration saved successfully
2026-01-04 16:52:41,745 - src.config.config_manager - INFO - Configuration saved successfully
2026-01-04 16:52:41,746 - src.config.config_manager - INFO - Configuration saved successfully
2026-01-04 16:52:46,746 - src.config.config_manager - INFO - Configuration saved successfully
2026-01-04 16:52:46,748 - src.config.config_manager - INFO - Configuration saved successfully
2026-01-04 16:52:51,745 - src.config.config_manager - INFO - Configuration saved successfully
2026-01-04 16:52:51,746 - src.config.config_manager - INFO - Configuration saved successfully
2026-01-04 16:52:56,746 - src.config.config_manager - INFO - Configuration saved successfully
2026-01-04 16:52:56,747 - src.config.config_manager - INFO - Configuration saved successfully
2026-01-04 16:53:01,746 - src.config.config_manager - INFO - Configuration saved successfully
2026-01-04 16:53:01,747 - src.config.config_manager - INFO - Configuration saved successfully
2026-01-04 16:53:06,747 - src.config.config_manager - INFO - Configuration saved successfully
2026-01-04 16:53:06,748 - src.config.config_manager - INFO - Configuration saved successfully
2026-01-04 16:53:11,746 - src.config.config_manager - INFO - Configuration saved successfully
2026-01-04 16:53:11,747 - src.config.config_manager - INFO - Configuration saved successfully
2026-01-04 16:53:16,747 - src.config.config_manager - INFO - Configuration saved successfully
2026-01-04 16:53:16,748 - src.config.config_manager - INFO - Configuration saved successfully
2026-01-04 16:53:21,746 - src.config.config_manager - INFO - Configuration saved successfully
2026-01-04 16:53:21,747 - src.config.config_manager - INFO - Configuration saved successfully
2026-01-04 16:53:26,747 - src.config.config_manager - INFO - Configuration saved successfully
2026-01-04 16:53:26,748 - src.config.config_manager - INFO - Configuration saved successfully
2026-01-04 16:53:31,746 - src.config.config_manager - INFO - Configuration saved successfully
2026-01-04 16:53:31,747 - src.config.config_manager - INFO - Configuration saved successfully
2026-01-04 16:53:36,746 - src.config.config_manager - INFO - Configuration saved successfully
2026-01-04 16:53:36,747 - src.config.config_manager - INFO - Configuration saved successfully
2026-01-04 16:53:41,747 - src.config.config_manager - INFO - Configuration saved successfully
2026-01-04 16:53:41,748 - src.config.config_manager - INFO - Configuration saved successfully
2026-01-04 16:53:46,745 - src.config.config_manager - INFO - Configuration saved successfully
2026-01-04 16:53:46,746 - src.config.config_manager - INFO - Configuration saved successfully
2026-01-04 16:53:51,746 - src.config.config_manager - INFO - Configuration saved successfully
2026-01-04 16:53:51,747 - src.config.config_manager - INFO - Configuration saved successfully
2026-01-04 16:53:56,746 - src.config.config_manager - INFO - Configuration saved successfully
2026-01-04 16:53:56,748 - src.config.config_manager - INFO - Configuration saved successfully
2026-01-04 16:54:01,744 - src.config.config_manager - INFO - Configuration saved successfully
2026-01-04 16:54:01,745 - src.config.config_manager - INFO - Configuration saved successfully
2026-01-04 16:54:06,747 - src.config.config_manager - INFO - Configuration saved successfully
2026-01-04 16:54:06,748 - src.config.config_manager - INFO - Configuration saved successfully
2026-01-04 16:54:11,745 - src.config.config_manager - INFO - Configuration saved successfully
2026-01-04 16:54:11,747 - src.config.config_manager - INFO - Configuration saved successfully
2026-01-04 16:54:16,746 - src.config.config_manager - INFO - Configuration saved successfully
2026-01-04 16:54:16,747 - src.config.config_manager - INFO - Configuration saved successfully
2026-01-04 16:54:21,745 - src.config.config_manager - INFO - Configuration saved successfully
2026-01-04 16:54:21,746 - src.config.config_manager - INFO - Configuration saved successfully
2026-01-04 16:54:26,746 - src.config.config_manager - INFO - Configuration saved successfully
2026-01-04 16:54:26,748 - src.config.config_manager - INFO - Configuration saved successfully
2026-01-04 16:54:31,744 - src.config.config_manager - INFO - Configuration saved successfully
2026-01-04 16:54:31,745 - src.config.config_manager - INFO - Configuration saved successfully
2026-01-04 16:54:36,745 - src.config.config_manager - INFO - Configuration saved successfully
2026-01-04 16:54:36,746 - src.config.config_manager - INFO - Configuration saved successfully
2026-01-04 16:54:41,747 - src.config.config_manager - INFO - Configuration saved successfully
2026-01-04 16:54:41,749 - src.config.config_manager - INFO - Configuration saved successfully
2026-01-04 16:54:46,746 - src.config.config_manager - INFO - Configuration saved successfully
2026-01-04 16:54:46,747 - src.config.config_manager - INFO - Configuration saved successfully
2026-01-04 16:54:51,746 - src.config.config_manager - INFO - Configuration saved successfully
2026-01-04 16:54:51,747 - src.config.config_manager - INFO - Configuration saved successfully
2026-01-04 16:54:56,747 - src.config.config_manager - INFO - Configuration saved successfully
2026-01-04 16:54:56,747 - src.config.config_manager - INFO - Configuration saved successfully
2026-01-04 16:55:01,745 - src.config.config_manager - INFO - Configuration saved successfully
2026-01-04 16:55:01,746 - src.config.config_manager - INFO - Configuration saved successfully
2026-01-04 16:55:06,746 - src.config.config_manager - INFO - Configuration saved successfully
2026-01-04 16:55:06,747 - src.config.config_manager - INFO - Configuration saved successfully
2026-01-04 16:55:11,747 - src.config.config_manager - INFO - Configuration saved successfully
2026-01-04 16:55:11,748 - src.config.config_manager - INFO - Configuration saved successfully
2026-01-04 16:55:16,832 - src.config.config_manager - INFO - Configuration saved successfully
2026-01-04 16:55:16,892 - src.config.config_manager - INFO - Configuration saved successfully
2026-01-04 16:55:21,745 - src.config.config_manager - INFO - Configuration saved successfully
2026-01-04 16:55:21,746 - src.config.config_manager - INFO - Configuration saved successfully
2026-01-04 16:55:26,747 - src.config.config_manager - INFO - Configuration saved successfully
2026-01-04 16:55:26,748 - src.config.config_manager - INFO - Configuration saved successfully
2026-01-04 16:55:31,745 - src.config.config_manager - INFO - Configuration saved successfully
2026-01-04 16:55:31,746 - src.config.config_manager - INFO - Configuration saved successfully
2026-01-04 16:55:36,746 - src.config.config_manager - INFO - Configuration saved successfully
2026-01-04 16:55:36,747 - src.config.config_manager - INFO - Configuration saved successfully
2026-01-04 16:55:41,746 - src.config.config_manager - INFO - Configuration saved successfully
2026-01-04 16:55:41,747 - src.config.config_manager - INFO - Configuration saved successfully
2026-01-04 16:55:46,745 - src.config.config_manager - INFO - Configuration saved successfully
2026-01-04 16:55:46,747 - src.config.config_manager - INFO - Configuration saved successfully
2026-01-04 16:55:51,746 - src.config.config_manager - INFO - Configuration saved successfully
2026-01-04 16:55:51,747 - src.config.config_manager - INFO - Configuration saved successfully
2026-01-04 16:55:56,746 - src.config.config_manager - INFO - Configuration saved successfully
2026-01-04 16:55:56,746 - src.config.config_manager - INFO - Configuration saved successfully
2026-01-04 16:56:01,746 - src.config.config_manager - INFO - Configuration saved successfully
2026-01-04 16:56:01,747 - src.config.config_manager - INFO - Configuration saved successfully
2026-01-04 16:56:06,746 - src.config.config_manager - INFO - Configuration saved successfully
2026-01-04 16:56:06,747 - src.config.config_manager - INFO - Configuration saved successfully
2026-01-04 16:56:11,746 - src.config.config_manager - INFO - Configuration saved successfully
2026-01-04 16:56:11,747 - src.config.config_manager - INFO - Configuration saved successfully
2026-01-04 16:56:16,747 - src.config.config_manager - INFO - Configuration saved successfully
2026-01-04 16:56:16,747 - src.config.config_manager - INFO - Configuration saved successfully
2026-01-04 16:56:21,746 - src.config.config_manager - INFO - Configuration saved successfully
2026-01-04 16:56:21,747 - src.config.config_manager - INFO - Configuration saved successfully
2026-01-04 16:56:26,746 - src.config.config_manager - INFO - Configuration saved successfully
2026-01-04 16:56:26,747 - src.config.config_manager - INFO - Configuration saved successfully
2026-01-04 16:56:31,745 - src.config.config_manager - INFO - Configuration saved successfully
2026-01-04 16:56:31,746 - src.config.config_manager - INFO - Configuration saved successfully
2026-01-04 16:56:36,745 - src.config.config_manager - INFO - Configuration saved successfully
2026-01-04 16:56:36,746 - src.config.config_manager - INFO - Configuration saved successfully
2026-01-04 16:56:41,746 - src.config.config_manager - INFO - Configuration saved successfully
2026-01-04 16:56:41,747 - src.config.config_manager - INFO - Configuration saved successfully
2026-01-04 16:56:46,746 - src.config.config_manager - INFO - Configuration saved successfully
2026-01-04 16:56:46,747 - src.config.config_manager - INFO - Configuration saved successfully
2026-01-04 16:56:51,746 - src.config.config_manager - INFO - Configuration saved successfully
2026-01-04 16:56:51,747 - src.config.config_manager - INFO - Configuration saved successfully
2026-01-04 16:56:56,745 - src.config.config_manager - INFO - Configuration saved successfully
2026-01-04 16:56:56,746 - src.config.config_manager - INFO - Configuration saved successfully
2026-01-04 16:57:01,746 - src.config.config_manager - INFO - Configuration saved successfully
2026-01-04 16:57:01,747 - src.config.config_manager - INFO - Configuration saved successfully
2026-01-04 16:57:06,746 - src.config.config_manager - INFO - Configuration saved successfully
2026-01-04 16:57:06,747 - src.config.config_manager - INFO - Configuration saved successfully
2026-01-04 16:57:11,751 - src.config.config_manager - INFO - Configuration saved successfully
2026-01-04 16:57:11,752 - src.config.config_manager - INFO - Configuration saved successfully
2026-01-04 16:57:16,747 - src.config.config_manager - INFO - Configuration saved successfully
2026-01-04 16:57:16,748 - src.config.config_manager - INFO - Configuration saved successfully
2026-01-04 16:57:21,745 - src.config.config_manager - INFO - Configuration saved successfully
2026-01-04 16:57:21,746 - src.config.config_manager - INFO - Configuration saved successfully
2026-01-04 16:57:26,746 - src.config.config_manager - INFO - Configuration saved successfully
2026-01-04 16:57:26,747 - src.config.config_manager - INFO - Configuration saved successfully
2026-01-04 16:57:31,745 - src.config.config_manager - INFO - Configuration saved successfully
2026-01-04 16:57:31,746 - src.config.config_manager - INFO - Configuration saved successfully
2026-01-04 16:57:36,746 - src.config.config_manager - INFO - Configuration saved successfully
2026-01-04 16:57:36,747 - src.config.config_manager - INFO - Configuration saved successfully
2026-01-04 16:57:41,746 - src.config.config_manager - INFO - Configuration saved successfully
2026-01-04 16:57:41,747 - src.config.config_manager - INFO - Configuration saved successfully
2026-01-04 16:57:46,747 - src.config.config_manager - INFO - Configuration saved successfully
2026-01-04 16:57:46,749 - src.config.config_manager - INFO - Configuration saved successfully
2026-01-04 16:57:51,746 - src.config.config_manager - INFO - Configuration saved successfully
2026-01-04 16:57:51,747 - src.config.config_manager - INFO - Configuration saved successfully
2026-01-04 16:57:56,746 - src.config.config_manager - INFO - Configuration saved successfully
2026-01-04 16:57:56,747 - src.config.config_manager - INFO - Configuration saved successfully
2026-01-04 16:58:01,746 - src.config.config_manager - INFO - Configuration saved successfully
2026-01-04 16:58:01,747 - src.config.config_manager - INFO - Configuration saved successfully
2026-01-04 16:58:06,746 - src.config.config_manager - INFO - Configuration saved successfully
2026-01-04 16:58:06,747 - src.config.config_manager - INFO - Configuration saved successfully
2026-01-04 16:58:11,746 - src.config.config_manager - INFO - Configuration saved successfully
2026-01-04 16:58:11,747 - src.config.config_manager - INFO - Configuration saved successfully
2026-01-04 16:58:16,746 - src.config.config_manager - INFO - Configuration saved successfully
2026-01-04 16:58:16,747 - src.config.config_manager - INFO - Configuration saved successfully
2026-01-04 16:58:21,746 - src.config.config_manager - INFO - Configuration saved successfully
2026-01-04 16:58:21,747 - src.config.config_manager - INFO - Configuration saved successfully
2026-01-04 16:58:26,745 - src.config.config_manager - INFO - Configuration saved successfully
2026-01-04 16:58:26,746 - src.config.config_manager - INFO - Configuration saved successfully
2026-01-04 16:58:31,746 - src.config.config_manager - INFO - Configuration saved successfully
2026-01-04 16:58:31,747 - src.config.config_manager - INFO - Configuration saved successfully
2026-01-04 16:58:36,746 - src.config.config_manager - INFO - Configuration saved successfully
2026-01-04 16:58:36,746 - src.config.config_manager - INFO - Configuration saved successfully
2026-01-04 16:58:41,745 - src.config.config_manager - INFO - Configuration saved successfully
2026-01-04 16:58:41,746 - src.config.config_manager - INFO - Configuration saved successfully
2026-01-04 16:58:46,746 - src.config.config_manager - INFO - Configuration saved successfully
2026-01-04 16:58:46,746 - src.config.config_manager - INFO - Configuration saved successfully
2026-01-04 16:58:51,746 - src.config.config_manager - INFO - Configuration saved successfully
2026-01-04 16:58:51,747 - src.config.config_manager - INFO - Configuration saved successfully
2026-01-04 16:58:56,746 - src.config.config_manager - INFO - Configuration saved successfully
2026-01-04 16:58:56,747 - src.config.config_manager - INFO - Configuration saved successfully
2026-01-04 16:59:01,746 - src.config.config_manager - INFO - Configuration saved successfully
2026-01-04 16:59:01,747 - src.config.config_manager - INFO - Configuration saved successfully
2026-01-04 16:59:06,746 - src.config.config_manager - INFO - Configuration saved successfully
2026-01-04 16:59:06,747 - src.config.config_manager - INFO - Configuration saved successfully
2026-01-04 16:59:11,746 - src.config.config_manager - INFO - Configuration saved successfully
2026-01-04 16:59:11,747 - src.config.config_manager - INFO - Configuration saved successfully
2026-01-04 16:59:16,744 - src.config.config_manager - INFO - Configuration saved successfully
2026-01-04 16:59:16,745 - src.config.config_manager - INFO - Configuration saved successfully
2026-01-04 16:59:21,746 - src.config.config_manager - INFO - Configuration saved successfully
2026-01-04 16:59:21,747 - src.config.config_manager - INFO - Configuration saved successfully
2026-01-04 16:59:26,745 - src.config.config_manager - INFO - Configuration saved successfully
2026-01-04 16:59:26,746 - src.config.config_manager - INFO - Configuration saved successfully
2026-01-04 16:59:31,747 - src.config.config_manager - INFO - Configuration saved successfully
2026-01-04 16:59:31,747 - src.config.config_manager - INFO - Configuration saved successfully
2026-01-04 16:59:36,746 - src.config.config_manager - INFO - Configuration saved successfully
2026-01-04 16:59:36,747 - src.config.config_manager - INFO - Configuration saved successfully
2026-01-04 16:59:41,746 - src.config.config_manager - INFO - Configuration saved successfully
2026-01-04 16:59:41,747 - src.config.config_manager - INFO - Configuration saved successfully
2026-01-04 16:59:46,746 - src.config.config_manager - INFO - Configuration saved successfully
2026-01-04 16:59:46,748 - src.config.config_manager - INFO - Configuration saved successfully
2026-01-04 16:59:51,746 - src.config.config_manager - INFO - Configuration saved successfully
2026-01-04 16:59:51,747 - src.config.config_manager - INFO - Configuration saved successfully
2026-01-04 16:59:56,746 - src.config.config_manager - INFO - Configuration saved successfully
2026-01-04 16:59:56,747 - src.config.config_manager - INFO - Configuration saved successfully
2026-01-04 17:00:01,746 - src.config.config_manager - INFO - Configuration saved successfully
2026-01-04 17:00:01,747 - src.config.config_manager - INFO - Configuration saved successfully
2026-01-04 17:00:06,746 - src.config.config_manager - INFO - Configuration saved successfully
2026-01-04 17:00:06,747 - src.config.config_manager - INFO - Configuration saved successfully
2026-01-04 17:00:11,747 - src.config.config_manager - INFO - Configuration saved successfully
2026-01-04 17:00:11,748 - src.config.config_manager - INFO - Configuration saved successfully
2026-01-04 17:00:16,747 - src.config.config_manager - INFO - Configuration saved successfully
2026-01-04 17:00:16,748 - src.config.config_manager - INFO - Configuration saved successfully
2026-01-04 17:00:21,747 - src.config.config_manager - INFO - Configuration saved successfully
2026-01-04 17:00:21,748 - src.config.config_manager - INFO - Configuration saved successfully
2026-01-04 17:00:26,746 - src.config.config_manager - INFO - Configuration saved successfully
2026-01-04 17:00:26,748 - src.config.config_manager - INFO - Configuration saved successfully
2026-01-04 17:00:31,747 - src.config.config_manager - INFO - Configuration saved successfully
2026-01-04 17:00:31,748 - src.config.config_manager - INFO - Configuration saved successfully
2026-01-04 17:00:36,748 - src.config.config_manager - INFO - Configuration saved successfully
2026-01-04 17:00:36,752 - src.config.config_manager - INFO - Configuration saved successfully
2026-01-04 17:00:41,747 - src.config.config_manager - INFO - Configuration saved successfully
2026-01-04 17:00:41,748 - src.config.config_manager - INFO - Configuration saved successfully
2026-01-04 17:00:46,746 - src.config.config_manager - INFO - Configuration saved successfully
2026-01-04 17:00:46,747 - src.config.config_manager - INFO - Configuration saved successfully
2026-01-04 17:00:51,745 - src.config.config_manager - INFO - Configuration saved successfully
2026-01-04 17:00:51,748 - src.config.config_manager - INFO - Configuration saved successfully
2026-01-04 17:00:56,747 - src.config.config_manager - INFO - Configuration saved successfully
2026-01-04 17:00:56,748 - src.config.config_manager - INFO - Configuration saved successfully
2026-01-04 17:01:01,748 - src.config.config_manager - INFO - Configuration saved successfully
2026-01-04 17:01:01,749 - src.config.config_manager - INFO - Configuration saved successfully
2026-01-04 17:01:06,747 - src.config.config_manager - INFO - Configuration saved successfully
2026-01-04 17:01:06,747 - src.config.config_manager - INFO - Configuration saved successfully
2026-01-04 17:01:11,746 - src.config.config_manager - INFO - Configuration saved successfully
2026-01-04 17:01:11,747 - src.config.config_manager - INFO - Configuration saved successfully
2026-01-04 17:01:16,746 - src.config.config_manager - INFO - Configuration saved successfully
2026-01-04 17:01:16,747 - src.config.config_manager - INFO - Configuration saved successfully
2026-01-04 17:01:21,747 - src.config.config_manager - INFO - Configuration saved successfully
2026-01-04 17:01:21,748 - src.config.config_manager - INFO - Configuration saved successfully
2026-01-04 17:01:26,747 - src.config.config_manager - INFO - Configuration saved successfully
2026-01-04 17:01:26,748 - src.config.config_manager - INFO - Configuration saved successfully
2026-01-04 17:01:31,747 - src.config.config_manager - INFO - Configuration saved successfully
2026-01-04 17:01:31,748 - src.config.config_manager - INFO - Configuration saved successfully
2026-01-04 17:01:36,747 - src.config.config_manager - INFO - Configuration saved successfully
2026-01-04 17:01:36,748 - src.config.config_manager - INFO - Configuration saved successfully
2026-01-04 17:01:41,747 - src.config.config_manager - INFO - Configuration saved successfully
2026-01-04 17:01:41,748 - src.config.config_manager - INFO - Configuration saved successfully
2026-01-04 17:01:46,746 - src.config.config_manager - INFO - Configuration saved successfully
2026-01-04 17:01:46,747 - src.config.config_manager - INFO - Configuration saved successfully
2026-01-04 17:01:51,746 - src.config.config_manager - INFO - Configuration saved successfully
2026-01-04 17:01:51,747 - src.config.config_manager - INFO - Configuration saved successfully
2026-01-04 17:01:56,746 - src.config.config_manager - INFO - Configuration saved successfully
2026-01-04 17:01:56,747 - src.config.config_manager - INFO - Configuration saved successfully
2026-01-04 17:02:01,746 - src.config.config_manager - INFO - Configuration saved successfully
2026-01-04 17:02:01,747 - src.config.config_manager - INFO - Configuration saved successfully
2026-01-04 17:02:06,746 - src.config.config_manager - INFO - Configuration saved successfully
2026-01-04 17:02:06,747 - src.config.config_manager - INFO - Configuration saved successfully
2026-01-04 17:02:11,747 - src.config.config_manager - INFO - Configuration saved successfully
2026-01-04 17:02:11,748 - src.config.config_manager - INFO - Configuration saved successfully
2026-01-04 17:02:16,747 - src.config.config_manager - INFO - Configuration saved successfully
2026-01-04 17:02:16,748 - src.config.config_manager - INFO - Configuration saved successfully
2026-01-04 17:02:21,748 - src.config.config_manager - INFO - Configuration saved successfully
2026-01-04 17:02:21,749 - src.config.config_manager - INFO - Configuration saved successfully
2026-01-04 17:02:26,746 - src.config.config_manager - INFO - Configuration saved successfully
2026-01-04 17:02:26,747 - src.config.config_manager - INFO - Configuration saved successfully
2026-01-04 17:02:31,746 - src.config.config_manager - INFO - Configuration saved successfully
2026-01-04 17:02:31,747 - src.config.config_manager - INFO - Configuration saved successfully
2026-01-04 17:02:36,747 - src.config.config_manager - INFO - Configuration saved successfully
2026-01-04 17:02:36,748 - src.config.config_manager - INFO - Configuration saved successfully
2026-01-04 17:02:41,746 - src.config.config_manager - INFO - Configuration saved successfully
2026-01-04 17:02:41,747 - src.config.config_manager - INFO - Configuration saved successfully
2026-01-04 17:02:46,745 - src.config.config_manager - INFO - Configuration saved successfully
2026-01-04 17:02:46,746 - src.config.config_manager - INFO - Configuration saved successfully
2026-01-04 17:02:51,745 - src.config.config_manager - INFO - Configuration saved successfully
2026-01-04 17:02:51,746 - src.config.config_manager - INFO - Configuration saved successfully
2026-01-04 17:02:56,748 - src.config.config_manager - INFO - Configuration saved successfully
2026-01-04 17:02:56,749 - src.config.config_manager - INFO - Configuration saved successfully
2026-01-04 17:03:01,746 - src.config.config_manager - INFO - Configuration saved successfully
2026-01-04 17:03:01,748 - src.config.config_manager - INFO - Configuration saved successfully
2026-01-04 17:03:06,746 - src.config.config_manager - INFO - Configuration saved successfully
2026-01-04 17:03:06,747 - src.config.config_manager - INFO - Configuration saved successfully
2026-01-04 17:03:11,747 - src.config.config_manager - INFO - Configuration saved successfully
2026-01-04 17:03:11,748 - src.config.config_manager - INFO - Configuration saved successfully
2026-01-04 17:03:16,746 - src.config.config_manager - INFO - Configuration saved successfully
2026-01-04 17:03:16,748 - src.config.config_manager - INFO - Configuration saved successfully
2026-01-04 17:03:21,746 - src.config.config_manager - INFO - Configuration saved successfully
2026-01-04 17:03:21,747 - src.config.config_manager - INFO - Configuration saved successfully
2026-01-04 17:03:26,747 - src.config.config_manager - INFO - Configuration saved successfully
2026-01-04 17:03:26,748 - src.config.config_manager - INFO - Configuration saved successfully
2026-01-04 17:03:31,745 - src.config.config_manager - INFO - Configuration saved successfully
2026-01-04 17:03:31,746 - src.config.config_manager - INFO - Configuration saved successfully
2026-01-04 17:03:36,748 - src.config.config_manager - INFO - Configuration saved successfully
2026-01-04 17:03:36,750 - src.config.config_manager - INFO - Configuration saved successfully
2026-01-04 17:03:41,747 - src.config.config_manager - INFO - Configuration saved successfully
2026-01-04 17:03:41,747 - src.config.config_manager - INFO - Configuration saved successfully
2026-01-04 17:03:46,746 - src.config.config_manager - INFO - Configuration saved successfully
2026-01-04 17:03:46,747 - src.config.config_manager - INFO - Configuration saved successfully
2026-01-04 17:03:51,747 - src.config.config_manager - INFO - Configuration saved successfully
2026-01-04 17:03:51,747 - src.config.config_manager - INFO - Configuration saved successfully
2026-01-04 17:03:56,746 - src.config.config_manager - INFO - Configuration saved successfully
2026-01-04 17:03:56,748 - src.config.config_manager - INFO - Configuration saved successfully
2026-01-04 17:04:01,746 - src.config.config_manager - INFO - Configuration saved successfully
2026-01-04 17:04:01,747 - src.config.config_manager - INFO - Configuration saved successfully
2026-01-04 17:04:06,748 - src.config.config_manager - INFO - Configuration saved successfully
2026-01-04 17:04:06,749 - src.config.config_manager - INFO - Configuration saved successfully
2026-01-04 17:04:11,746 - src.config.config_manager - INFO - Configuration saved successfully
2026-01-04 17:04:11,746 - src.config.config_manager - INFO - Configuration saved successfully
2026-01-04 17:04:16,746 - src.config.config_manager - INFO - Configuration saved successfully
2026-01-04 17:04:16,747 - src.config.config_manager - INFO - Configuration saved successfully
2026-01-04 17:04:21,746 - src.config.config_manager - INFO - Configuration saved successfully
2026-01-04 17:04:21,747 - src.config.config_manager - INFO - Configuration saved successfully
2026-01-04 17:04:26,746 - src.config.config_manager - INFO - Configuration saved successfully
2026-01-04 17:04:26,747 - src.config.config_manager - INFO - Configuration saved successfully
2026-01-04 17:04:31,746 - src.config.config_manager - INFO - Configuration saved successfully
2026-01-04 17:04:31,747 - src.config.config_manager - INFO - Configuration saved successfully
2026-01-04 17:04:36,747 - src.config.config_manager - INFO - Configuration saved successfully
2026-01-04 17:04:36,748 - src.config.config_manager - INFO - Configuration saved successfully
2026-01-04 17:04:41,747 - src.config.config_manager - INFO - Configuration saved successfully
2026-01-04 17:04:41,748 - src.config.config_manager - INFO - Configuration saved successfully
2026-01-04 17:04:46,745 - src.config.config_manager - INFO - Configuration saved successfully
2026-01-04 17:04:46,746 - src.config.config_manager - INFO - Configuration saved successfully
2026-01-04 17:04:51,747 - src.config.config_manager - INFO - Configuration saved successfully
2026-01-04 17:04:51,748 - src.config.config_manager - INFO - Configuration saved successfully
2026-01-04 17:04:56,747 - src.config.config_manager - INFO - Configuration saved successfully
2026-01-04 17:04:56,748 - src.config.config_manager - INFO - Configuration saved successfully
2026-01-04 17:05:01,746 - src.config.config_manager - INFO - Configuration saved successfully
2026-01-04 17:05:01,747 - src.config.config_manager - INFO - Configuration saved successfully
2026-01-04 17:05:06,746 - src.config.config_manager - INFO - Configuration saved successfully
2026-01-04 17:05:06,746 - src.config.config_manager - INFO - Configuration saved successfully
2026-01-04 17:05:11,746 - src.config.config_manager - INFO - Configuration saved successfully
2026-01-04 17:05:11,747 - src.config.config_manager - INFO - Configuration saved successfully
2026-01-04 17:05:16,750 - src.config.config_manager - INFO - Configuration saved successfully
2026-01-04 17:05:16,754 - src.config.config_manager - INFO - Configuration saved successfully
2026-01-04 17:05:21,746 - src.config.config_manager - INFO - Configuration saved successfully
2026-01-04 17:05:21,747 - src.config.config_manager - INFO - Configuration saved successfully
2026-01-04 17:05:26,747 - src.config.config_manager - INFO - Configuration saved successfully
2026-01-04 17:05:26,748 - src.config.config_manager - INFO - Configuration saved successfully
2026-01-04 17:05:31,746 - src.config.config_manager - INFO - Configuration saved successfully
2026-01-04 17:05:31,748 - src.config.config_manager - INFO - Configuration saved successfully
2026-01-04 17:05:36,746 - src.config.config_manager - INFO - Configuration saved successfully
2026-01-04 17:05:36,747 - src.config.config_manager - INFO - Configuration saved successfully
2026-01-04 17:05:41,746 - src.config.config_manager - INFO - Configuration saved successfully
2026-01-04 17:05:41,747 - src.config.config_manager - INFO - Configuration saved successfully
2026-01-04 17:05:46,746 - src.config.config_manager - INFO - Configuration saved successfully
2026-01-04 17:05:46,747 - src.config.config_manager - INFO - Configuration saved successfully
2026-01-04 17:05:51,747 - src.config.config_manager - INFO - Configuration saved successfully
2026-01-04 17:05:51,748 - src.config.config_manager - INFO - Configuration saved successfully
2026-01-04 17:05:56,747 - src.config.config_manager - INFO - Configuration saved successfully
2026-01-04 17:05:56,748 - src.config.config_manager - INFO - Configuration saved successfully
2026-01-04 17:06:01,746 - src.config.config_manager - INFO - Configuration saved successfully
2026-01-04 17:06:01,747 - src.config.config_manager - INFO - Configuration saved successfully
2026-01-04 17:06:06,747 - src.config.config_manager - INFO - Configuration saved successfully
2026-01-04 17:06:06,748 - src.config.config_manager - INFO - Configuration saved successfully
2026-01-04 17:06:11,746 - src.config.config_manager - INFO - Configuration saved successfully
2026-01-04 17:06:11,747 - src.config.config_manager - INFO - Configuration saved successfully
2026-01-04 17:06:16,745 - src.config.config_manager - INFO - Configuration saved successfully
2026-01-04 17:06:16,746 - src.config.config_manager - INFO - Configuration saved successfully
2026-01-04 17:06:21,746 - src.config.config_manager - INFO - Configuration saved successfully
2026-01-04 17:06:21,747 - src.config.config_manager - INFO - Configuration saved successfully
2026-01-04 17:06:26,745 - src.config.config_manager - INFO - Configuration saved successfully
2026-01-04 17:06:26,746 - src.config.config_manager - INFO - Configuration saved successfully
2026-01-04 17:06:31,746 - src.config.config_manager - INFO - Configuration saved successfully
2026-01-04 17:06:31,747 - src.config.config_manager - INFO - Configuration saved successfully
2026-01-04 17:06:36,747 - src.config.config_manager - INFO - Configuration saved successfully
2026-01-04 17:06:36,749 - src.config.config_manager - INFO - Configuration saved successfully
2026-01-04 17:06:41,745 - src.config.config_manager - INFO - Configuration saved successfully
2026-01-04 17:06:41,746 - src.config.config_manager - INFO - Configuration saved successfully
2026-01-04 17:06:46,747 - src.config.config_manager - INFO - Configuration saved successfully
2026-01-04 17:06:46,748 - src.config.config_manager - INFO - Configuration saved successfully
2026-01-04 17:06:51,746 - src.config.config_manager - INFO - Configuration saved successfully
2026-01-04 17:06:51,747 - src.config.config_manager - INFO - Configuration saved successfully
2026-01-04 17:06:56,746 - src.config.config_manager - INFO - Configuration saved successfully
2026-01-04 17:06:56,747 - src.config.config_manager - INFO - Configuration saved successfully
2026-01-04 17:07:01,753 - src.config.config_manager - INFO - Configuration saved successfully
2026-01-04 17:07:01,757 - src.config.config_manager - INFO - Configuration saved successfully
2026-01-04 17:07:06,747 - src.config.config_manager - INFO - Configuration saved successfully
2026-01-04 17:07:06,747 - src.config.config_manager - INFO - Configuration saved successfully
2026-01-04 17:07:11,745 - src.config.config_manager - INFO - Configuration saved successfully
2026-01-04 17:07:11,746 - src.config.config_manager - INFO - Configuration saved successfully
2026-01-04 17:07:16,747 - src.config.config_manager - INFO - Configuration saved successfully
2026-01-04 17:07:16,748 - src.config.config_manager - INFO - Configuration saved successfully
2026-01-04 17:07:21,746 - src.config.config_manager - INFO - Configuration saved successfully
2026-01-04 17:07:21,747 - src.config.config_manager - INFO - Configuration saved successfully
2026-01-04 17:07:26,746 - src.config.config_manager - INFO - Configuration saved successfully
2026-01-04 17:07:26,747 - src.config.config_manager - INFO - Configuration saved successfully
2026-01-04 17:07:31,746 - src.config.config_manager - INFO - Configuration saved successfully
2026-01-04 17:07:31,747 - src.config.config_manager - INFO - Configuration saved successfully
2026-01-04 17:07:36,746 - src.config.config_manager - INFO - Configuration saved successfully
2026-01-04 17:07:36,747 - src.config.config_manager - INFO - Configuration saved successfully
2026-01-04 17:07:41,746 - src.config.config_manager - INFO - Configuration saved successfully
2026-01-04 17:07:41,746 - src.config.config_manager - INFO - Configuration saved successfully
2026-01-04 17:07:46,746 - src.config.config_manager - INFO - Configuration saved successfully
2026-01-04 17:07:46,747 - src.config.config_manager - INFO - Configuration saved successfully
2026-01-04 17:07:51,746 - src.config.config_manager - INFO - Configuration saved successfully
2026-01-04 17:07:51,746 - src.config.config_manager - INFO - Configuration saved successfully
2026-01-04 17:07:56,746 - src.config.config_manager - INFO - Configuration saved successfully
2026-01-04 17:07:56,747 - src.config.config_manager - INFO - Configuration saved successfully
2026-01-04 17:08:01,745 - src.config.config_manager - INFO - Configuration saved successfully
2026-01-04 17:08:01,746 - src.config.config_manager - INFO - Configuration saved successfully
2026-01-04 17:08:06,747 - src.config.config_manager - INFO - Configuration saved successfully
2026-01-04 17:08:06,748 - src.config.config_manager - INFO - Configuration saved successfully
2026-01-04 17:08:11,745 - src.config.config_manager - INFO - Configuration saved successfully
2026-01-04 17:08:11,745 - src.config.config_manager - INFO - Configuration saved successfully
2026-01-04 17:08:16,746 - src.config.config_manager - INFO - Configuration saved successfully
2026-01-04 17:08:16,747 - src.config.config_manager - INFO - Configuration saved successfully
2026-01-04 17:08:21,746 - src.config.config_manager - INFO - Configuration saved successfully
2026-01-04 17:08:21,747 - src.config.config_manager - INFO - Configuration saved successfully
2026-01-04 17:08:26,747 - src.config.config_manager - INFO - Configuration saved successfully
2026-01-04 17:08:26,748 - src.config.config_manager - INFO - Configuration saved successfully
2026-01-04 17:08:31,746 - src.config.config_manager - INFO - Configuration saved successfully
2026-01-04 17:08:31,747 - src.config.config_manager - INFO - Configuration saved successfully
2026-01-04 17:08:36,745 - src.config.config_manager - INFO - Configuration saved successfully
2026-01-04 17:08:36,747 - src.config.config_manager - INFO - Configuration saved successfully
2026-01-04 17:08:41,747 - src.config.config_manager - INFO - Configuration saved successfully
2026-01-04 17:08:41,748 - src.config.config_manager - INFO - Configuration saved successfully
2026-01-04 17:08:46,746 - src.config.config_manager - INFO - Configuration saved successfully
2026-01-04 17:08:46,747 - src.config.config_manager - INFO - Configuration saved successfully
2026-01-04 17:08:51,747 - src.config.config_manager - INFO - Configuration saved successfully
2026-01-04 17:08:51,748 - src.config.config_manager - INFO - Configuration saved successfully
2026-01-04 17:08:56,746 - src.config.config_manager - INFO - Configuration saved successfully
2026-01-04 17:08:56,747 - src.config.config_manager - INFO - Configuration saved successfully
2026-01-04 17:09:01,746 - src.config.config_manager - INFO - Configuration saved successfully
2026-01-04 17:09:01,747 - src.config.config_manager - INFO - Configuration saved successfully
2026-01-04 17:09:06,747 - src.config.config_manager - INFO - Configuration saved successfully
2026-01-04 17:09:06,748 - src.config.config_manager - INFO - Configuration saved successfully
2026-01-04 17:09:11,746 - src.config.config_manager - INFO - Configuration saved successfully
2026-01-04 17:09:11,747 - src.config.config_manager - INFO - Configuration saved successfully
2026-01-04 17:09:16,746 - src.config.config_manager - INFO - Configuration saved successfully
2026-01-04 17:09:16,747 - src.config.config_manager - INFO - Configuration saved successfully
2026-01-04 17:09:21,746 - src.config.config_manager - INFO - Configuration saved successfully
2026-01-04 17:09:21,747 - src.config.config_manager - INFO - Configuration saved successfully
2026-01-04 17:09:26,746 - src.config.config_manager - INFO - Configuration saved successfully
2026-01-04 17:09:26,747 - src.config.config_manager - INFO - Configuration saved successfully
2026-01-04 17:09:31,747 - src.config.config_manager - INFO - Configuration saved successfully
2026-01-04 17:09:31,748 - src.config.config_manager - INFO - Configuration saved successfully
2026-01-04 17:09:36,746 - src.config.config_manager - INFO - Configuration saved successfully
2026-01-04 17:09:36,751 - src.config.config_manager - INFO - Configuration saved successfully
2026-01-04 17:09:41,747 - src.config.config_manager - INFO - Configuration saved successfully
2026-01-04 17:09:41,748 - src.config.config_manager - INFO - Configuration saved successfully
2026-01-04 17:09:46,745 - src.config.config_manager - INFO - Configuration saved successfully
2026-01-04 17:09:46,747 - src.config.config_manager - INFO - Configuration saved successfully
2026-01-04 17:09:51,746 - src.config.config_manager - INFO - Configuration saved successfully
2026-01-04 17:09:51,746 - src.config.config_manager - INFO - Configuration saved successfully
2026-01-04 17:09:56,747 - src.config.config_manager - INFO - Configuration saved successfully
2026-01-04 17:09:56,748 - src.config.config_manager - INFO - Configuration saved successfully
2026-01-04 17:10:01,746 - src.config.config_manager - INFO - Configuration saved successfully
2026-01-04 17:10:01,747 - src.config.config_manager - INFO - Configuration saved successfully
2026-01-04 17:10:06,746 - src.config.config_manager - INFO - Configuration saved successfully
2026-01-04 17:10:06,748 - src.config.config_manager - INFO - Configuration saved successfully
2026-01-04 17:10:11,747 - src.config.config_manager - INFO - Configuration saved successfully
2026-01-04 17:10:11,748 - src.config.config_manager - INFO - Configuration saved successfully
2026-01-04 17:10:16,747 - src.config.config_manager - INFO - Configuration saved successfully
2026-01-04 17:10:16,748 - src.config.config_manager - INFO - Configuration saved successfully
2026-01-04 17:10:21,746 - src.config.config_manager - INFO - Configuration saved successfully
2026-01-04 17:10:21,747 - src.config.config_manager - INFO - Configuration saved successfully
2026-01-04 17:10:26,745 - src.config.config_manager - INFO - Configuration saved successfully
2026-01-04 17:10:26,745 - src.config.config_manager - INFO - Configuration saved successfully
2026-01-04 17:10:31,746 - src.config.config_manager - INFO - Configuration saved successfully
2026-01-04 17:10:31,747 - src.config.config_manager - INFO - Configuration saved successfully
2026-01-04 17:10:36,747 - src.config.config_manager - INFO - Configuration saved successfully
2026-01-04 17:10:36,748 - src.config.config_manager - INFO - Configuration saved successfully
2026-01-04 17:10:41,746 - src.config.config_manager - INFO - Configuration saved successfully
2026-01-04 17:10:41,747 - src.config.config_manager - INFO - Configuration saved successfully
2026-01-04 17:10:46,747 - src.config.config_manager - INFO - Configuration saved successfully
2026-01-04 17:10:46,748 - src.config.config_manager - INFO - Configuration saved successfully
2026-01-04 17:10:51,745 - src.config.config_manager - INFO - Configuration saved successfully
2026-01-04 17:10:51,746 - src.config.config_manager - INFO - Configuration saved successfully
2026-01-04 17:10:56,746 - src.config.config_manager - INFO - Configuration saved successfully
2026-01-04 17:10:56,747 - src.config.config_manager - INFO - Configuration saved successfully
2026-01-04 17:11:01,747 - src.config.config_manager - INFO - Configuration saved successfully
2026-01-04 17:11:01,748 - src.config.config_manager - INFO - Configuration saved successfully
2026-01-04 17:11:06,746 - src.config.config_manager - INFO - Configuration saved successfully
2026-01-04 17:11:06,747 - src.config.config_manager - INFO - Configuration saved successfully
2026-01-04 17:11:11,746 - src.config.config_manager - INFO - Configuration saved successfully
2026-01-04 17:11:11,746 - src.config.config_manager - INFO - Configuration saved successfully
2026-01-04 17:11:16,746 - src.config.config_manager - INFO - Configuration saved successfully
2026-01-04 17:11:16,747 - src.config.config_manager - INFO - Configuration saved successfully
2026-01-04 17:11:21,747 - src.config.config_manager - INFO - Configuration saved successfully
2026-01-04 17:11:21,748 - src.config.config_manager - INFO - Configuration saved successfully
2026-01-04 17:11:26,745 - src.config.config_manager - INFO - Configuration saved successfully
2026-01-04 17:11:26,746 - src.config.config_manager - INFO - Configuration saved successfully
2026-01-04 17:11:31,746 - src.config.config_manager - INFO - Configuration saved successfully
2026-01-04 17:11:31,747 - src.config.config_manager - INFO - Configuration saved successfully
2026-01-04 17:11:36,746 - src.config.config_manager - INFO - Configuration saved successfully
2026-01-04 17:11:36,747 - src.config.config_manager - INFO - Configuration saved successfully
2026-01-04 17:11:41,746 - src.config.config_manager - INFO - Configuration saved successfully
2026-01-04 17:11:41,747 - src.config.config_manager - INFO - Configuration saved successfully
2026-01-04 17:11:46,747 - src.config.config_manager - INFO - Configuration saved successfully
2026-01-04 17:11:46,748 - src.config.config_manager - INFO - Configuration saved successfully
2026-01-04 17:11:51,747 - src.config.config_manager - INFO - Configuration saved successfully
2026-01-04 17:11:51,747 - src.config.config_manager - INFO - Configuration saved successfully
2026-01-04 17:11:56,747 - src.config.config_manager - INFO - Configuration saved successfully
2026-01-04 17:11:56,747 - src.config.config_manager - INFO - Configuration saved successfully
2026-01-04 17:12:01,746 - src.config.config_manager - INFO - Configuration saved successfully
2026-01-04 17:12:01,747 - src.config.config_manager - INFO - Configuration saved successfully
2026-01-04 17:12:06,746 - src.config.config_manager - INFO - Configuration saved successfully
2026-01-04 17:12:06,747 - src.config.config_manager - INFO - Configuration saved successfully
2026-01-04 17:12:11,746 - src.config.config_manager - INFO - Configuration saved successfully
2026-01-04 17:12:11,747 - src.config.config_manager - INFO - Configuration saved successfully
2026-01-04 17:12:16,746 - src.config.config_manager - INFO - Configuration saved successfully
2026-01-04 17:12:16,747 - src.config.config_manager - INFO - Configuration saved successfully
2026-01-04 17:12:21,746 - src.config.config_manager - INFO - Configuration saved successfully
2026-01-04 17:12:21,747 - src.config.config_manager - INFO - Configuration saved successfully
2026-01-04 17:12:26,745 - src.config.config_manager - INFO - Configuration saved successfully
2026-01-04 17:12:26,746 - src.config.config_manager - INFO - Configuration saved successfully
2026-01-04 17:12:31,746 - src.config.config_manager - INFO - Configuration saved successfully
2026-01-04 17:12:31,746 - src.config.config_manager - INFO - Configuration saved successfully
2026-01-04 17:12:36,745 - src.config.config_manager - INFO - Configuration saved successfully
2026-01-04 17:12:36,746 - src.config.config_manager - INFO - Configuration saved successfully
2026-01-04 17:12:41,747 - src.config.config_manager - INFO - Configuration saved successfully
2026-01-04 17:12:41,747 - src.config.config_manager - INFO - Configuration saved successfully
2026-01-04 17:12:46,746 - src.config.config_manager - INFO - Configuration saved successfully
2026-01-04 17:12:46,747 - src.config.config_manager - INFO - Configuration saved successfully
2026-01-04 17:12:51,746 - src.config.config_manager - INFO - Configuration saved successfully
2026-01-04 17:12:51,746 - src.config.config_manager - INFO - Configuration saved successfully
2026-01-04 17:12:56,746 - src.config.config_manager - INFO - Configuration saved successfully
2026-01-04 17:12:56,747 - src.config.config_manager - INFO - Configuration saved successfully
2026-01-04 17:13:01,746 - src.config.config_manager - INFO - Configuration saved successfully
2026-01-04 17:13:01,746 - src.config.config_manager - INFO - Configuration saved successfully
2026-01-04 17:13:06,745 - src.config.config_manager - INFO - Configuration saved successfully
2026-01-04 17:13:06,746 - src.config.config_manager - INFO - Configuration saved successfully
2026-01-04 17:13:11,747 - src.config.config_manager - INFO - Configuration saved successfully
2026-01-04 17:13:11,748 - src.config.config_manager - INFO - Configuration saved successfully
2026-01-04 17:13:16,747 - src.config.config_manager - INFO - Configuration saved successfully
2026-01-04 17:13:16,748 - src.config.config_manager - INFO - Configuration saved successfully
2026-01-04 17:13:21,745 - src.config.config_manager - INFO - Configuration saved successfully
2026-01-04 17:13:21,746 - src.config.config_manager - INFO - Configuration saved successfully
2026-01-04 17:13:26,747 - src.config.config_manager - INFO - Configuration saved successfully
2026-01-04 17:13:26,748 - src.config.config_manager - INFO - Configuration saved successfully
2026-01-04 17:13:31,744 - src.config.config_manager - INFO - Configuration saved successfully
2026-01-04 17:13:31,745 - src.config.config_manager - INFO - Configuration saved successfully
2026-01-04 17:13:36,746 - src.config.config_manager - INFO - Configuration saved successfully
2026-01-04 17:13:36,748 - src.config.config_manager - INFO - Configuration saved successfully
2026-01-04 17:13:41,747 - src.config.config_manager - INFO - Configuration saved successfully
2026-01-04 17:13:41,747 - src.config.config_manager - INFO - Configuration saved successfully
2026-01-04 17:13:46,746 - src.config.config_manager - INFO - Configuration saved successfully
2026-01-04 17:13:46,747 - src.config.config_manager - INFO - Configuration saved successfully
2026-01-04 17:13:51,746 - src.config.config_manager - INFO - Configuration saved successfully
2026-01-04 17:13:51,747 - src.config.config_manager - INFO - Configuration saved successfully
2026-01-04 17:13:56,746 - src.config.config_manager - INFO - Configuration saved successfully
2026-01-04 17:13:56,747 - src.config.config_manager - INFO - Configuration saved successfully
2026-01-04 17:14:01,746 - src.config.config_manager - INFO - Configuration saved successfully
2026-01-04 17:14:01,747 - src.config.config_manager - INFO - Configuration saved successfully
2026-01-04 17:14:06,746 - src.config.config_manager - INFO - Configuration saved successfully
2026-01-04 17:14:06,747 - src.config.config_manager - INFO - Configuration saved successfully
2026-01-04 17:14:11,746 - src.config.config_manager - INFO - Configuration saved successfully
2026-01-04 17:14:11,747 - src.config.config_manager - INFO - Configuration saved successfully
2026-01-04 17:14:16,745 - src.config.config_manager - INFO - Configuration saved successfully
2026-01-04 17:14:16,746 - src.config.config_manager - INFO - Configuration saved successfully
2026-01-04 17:14:21,746 - src.config.config_manager - INFO - Configuration saved successfully
2026-01-04 17:14:21,747 - src.config.config_manager - INFO - Configuration saved successfully
2026-01-04 17:14:26,746 - src.config.config_manager - INFO - Configuration saved successfully
2026-01-04 17:14:26,747 - src.config.config_manager - INFO - Configuration saved successfully
2026-01-04 17:14:31,746 - src.config.config_manager - INFO - Configuration saved successfully
2026-01-04 17:14:31,747 - src.config.config_manager - INFO - Configuration saved successfully
2026-01-04 17:14:36,746 - src.config.config_manager - INFO - Configuration saved successfully
2026-01-04 17:14:36,747 - src.config.config_manager - INFO - Configuration saved successfully
2026-01-04 17:14:41,746 - src.config.config_manager - INFO - Configuration saved successfully
2026-01-04 17:14:41,746 - src.config.config_manager - INFO - Configuration saved successfully
2026-01-04 17:14:46,747 - src.config.config_manager - INFO - Configuration saved successfully
2026-01-04 17:14:46,748 - src.config.config_manager - INFO - Configuration saved successfully
2026-01-04 17:14:51,747 - src.config.config_manager - INFO - Configuration saved successfully
2026-01-04 17:14:51,747 - src.config.config_manager - INFO - Configuration saved successfully
2026-01-04 17:14:56,746 - src.config.config_manager - INFO - Configuration saved successfully
2026-01-04 17:14:56,747 - src.config.config_manager - INFO - Configuration saved successfully
2026-01-04 17:15:01,746 - src.config.config_manager - INFO - Configuration saved successfully
2026-01-04 17:15:01,747 - src.config.config_manager - INFO - Configuration saved successfully
2026-01-04 17:15:06,747 - src.config.config_manager - INFO - Configuration saved successfully
2026-01-04 17:15:06,748 - src.config.config_manager - INFO - Configuration saved successfully
2026-01-04 17:15:11,747 - src.config.config_manager - INFO - Configuration saved successfully
2026-01-04 17:15:11,748 - src.config.config_manager - INFO - Configuration saved successfully
2026-01-04 17:15:16,746 - src.config.config_manager - INFO - Configuration saved successfully
2026-01-04 17:15:16,747 - src.config.config_manager - INFO - Configuration saved successfully
2026-01-04 17:15:21,746 - src.config.config_manager - INFO - Configuration saved successfully
2026-01-04 17:15:21,747 - src.config.config_manager - INFO - Configuration saved successfully
2026-01-04 17:15:26,745 - src.config.config_manager - INFO - Configuration saved successfully
2026-01-04 17:15:26,746 - src.config.config_manager - INFO - Configuration saved successfully
2026-01-04 17:15:31,746 - src.config.config_manager - INFO - Configuration saved successfully
2026-01-04 17:15:31,747 - src.config.config_manager - INFO - Configuration saved successfully
2026-01-04 17:15:36,745 - src.config.config_manager - INFO - Configuration saved successfully
2026-01-04 17:15:36,746 - src.config.config_manager - INFO - Configuration saved successfully
2026-01-04 17:15:41,747 - src.config.config_manager - INFO - Configuration saved successfully
2026-01-04 17:15:41,747 - src.config.config_manager - INFO - Configuration saved successfully
2026-01-04 17:15:46,746 - src.config.config_manager - INFO - Configuration saved successfully
2026-01-04 17:15:46,746 - src.config.config_manager - INFO - Configuration saved successfully
2026-01-04 17:15:51,745 - src.config.config_manager - INFO - Configuration saved successfully
2026-01-04 17:15:51,746 - src.config.config_manager - INFO - Configuration saved successfully
2026-01-04 17:15:56,747 - src.config.config_manager - INFO - Configuration saved successfully
2026-01-04 17:15:56,749 - src.config.config_manager - INFO - Configuration saved successfully
2026-01-04 17:16:01,747 - src.config.config_manager - INFO - Configuration saved successfully
2026-01-04 17:16:01,747 - src.config.config_manager - INFO - Configuration saved successfully
2026-01-04 17:16:06,746 - src.config.config_manager - INFO - Configuration saved successfully
2026-01-04 17:16:06,747 - src.config.config_manager - INFO - Configuration saved successfully
2026-01-04 17:16:11,747 - src.config.config_manager - INFO - Configuration saved successfully
2026-01-04 17:16:11,748 - src.config.config_manager - INFO - Configuration saved successfully
2026-01-04 17:16:16,746 - src.config.config_manager - INFO - Configuration saved successfully
2026-01-04 17:16:16,747 - src.config.config_manager - INFO - Configuration saved successfully
2026-01-04 17:16:21,747 - src.config.config_manager - INFO - Configuration saved successfully
2026-01-04 17:16:21,748 - src.config.config_manager - INFO - Configuration saved successfully
2026-01-04 17:16:26,747 - src.config.config_manager - INFO - Configuration saved successfully
2026-01-04 17:16:26,748 - src.config.config_manager - INFO - Configuration saved successfully
2026-01-04 17:16:31,747 - src.config.config_manager - INFO - Configuration saved successfully
2026-01-04 17:16:31,748 - src.config.config_manager - INFO - Configuration saved successfully
2026-01-04 17:16:36,746 - src.config.config_manager - INFO - Configuration saved successfully
2026-01-04 17:16:36,747 - src.config.config_manager - INFO - Configuration saved successfully
2026-01-04 17:16:41,747 - src.config.config_manager - INFO - Configuration saved successfully
2026-01-04 17:16:41,748 - src.config.config_manager - INFO - Configuration saved successfully
2026-01-04 17:16:46,745 - src.config.config_manager - INFO - Configuration saved successfully
2026-01-04 17:16:46,746 - src.config.config_manager - INFO - Configuration saved successfully
2026-01-04 17:16:51,747 - src.config.config_manager - INFO - Configuration saved successfully
2026-01-04 17:16:51,747 - src.config.config_manager - INFO - Configuration saved successfully
2026-01-04 17:16:56,746 - src.config.config_manager - INFO - Configuration saved successfully
2026-01-04 17:16:56,747 - src.config.config_manager - INFO - Configuration saved successfully
2026-01-04 17:17:01,746 - src.config.config_manager - INFO - Configuration saved successfully
2026-01-04 17:17:01,746 - src.config.config_manager - INFO - Configuration saved successfully
2026-01-04 17:17:06,746 - src.config.config_manager - INFO - Configuration saved successfully
2026-01-04 17:17:06,747 - src.config.config_manager - INFO - Configuration saved successfully
2026-01-04 17:17:11,746 - src.config.config_manager - INFO - Configuration saved successfully
2026-01-04 17:17:11,747 - src.config.config_manager - INFO - Configuration saved successfully
2026-01-04 17:17:16,746 - src.config.config_manager - INFO - Configuration saved successfully
2026-01-04 17:17:16,746 - src.config.config_manager - INFO - Configuration saved successfully
2026-01-04 17:17:21,746 - src.config.config_manager - INFO - Configuration saved successfully
2026-01-04 17:17:21,746 - src.config.config_manager - INFO - Configuration saved successfully
2026-01-04 17:17:26,746 - src.config.config_manager - INFO - Configuration saved successfully
2026-01-04 17:17:26,747 - src.config.config_manager - INFO - Configuration saved successfully
2026-01-04 17:17:31,746 - src.config.config_manager - INFO - Configuration saved successfully
2026-01-04 17:17:31,746 - src.config.config_manager - INFO - Configuration saved successfully
2026-01-04 17:17:36,745 - src.config.config_manager - INFO - Configuration saved successfully
2026-01-04 17:17:36,746 - src.config.config_manager - INFO - Configuration saved successfully
2026-01-04 17:17:41,745 - src.config.config_manager - INFO - Configuration saved successfully
2026-01-04 17:17:41,745 - src.config.config_manager - INFO - Configuration saved successfully
2026-01-04 17:17:46,745 - src.config.config_manager - INFO - Configuration saved successfully
2026-01-04 17:17:46,746 - src.config.config_manager - INFO - Configuration saved successfully
2026-01-04 17:17:51,745 - src.config.config_manager - INFO - Configuration saved successfully
2026-01-04 17:17:51,745 - src.config.config_manager - INFO - Configuration saved successfully
2026-01-04 17:17:56,745 - src.config.config_manager - INFO - Configuration saved successfully
2026-01-04 17:17:56,745 - src.config.config_manager - INFO - Configuration saved successfully
2026-01-04 17:18:01,745 - src.config.config_manager - INFO - Configuration saved successfully
2026-01-04 17:18:01,745 - src.config.config_manager - INFO - Configuration saved successfully
2026-01-04 17:18:06,745 - src.config.config_manager - INFO - Configuration saved successfully
2026-01-04 17:18:06,746 - src.config.config_manager - INFO - Configuration saved successfully
2026-01-04 17:18:11,746 - src.config.config_manager - INFO - Configuration saved successfully
2026-01-04 17:18:11,746 - src.config.config_manager - INFO - Configuration saved successfully
2026-01-04 17:18:16,746 - src.config.config_manager - INFO - Configuration saved successfully
2026-01-04 17:18:16,747 - src.config.config_manager - INFO - Configuration saved successfully
2026-01-04 17:18:21,745 - src.config.config_manager - INFO - Configuration saved successfully
2026-01-04 17:18:21,746 - src.config.config_manager - INFO - Configuration saved successfully
2026-01-04 17:18:26,747 - src.config.config_manager - INFO - Configuration saved successfully
2026-01-04 17:18:26,747 - src.config.config_manager - INFO - Configuration saved successfully
2026-01-04 17:18:31,747 - src.config.config_manager - INFO - Configuration saved successfully
2026-01-04 17:18:31,748 - src.config.config_manager - INFO - Configuration saved successfully
2026-01-04 17:18:36,745 - src.config.config_manager - INFO - Configuration saved successfully
2026-01-04 17:18:36,745 - src.config.config_manager - INFO - Configuration saved successfully
2026-01-04 17:18:41,745 - src.config.config_manager - INFO - Configuration saved successfully
2026-01-04 17:18:41,746 - src.config.config_manager - INFO - Configuration saved successfully
2026-01-04 17:18:46,747 - src.config.config_manager - INFO - Configuration saved successfully
2026-01-04 17:18:46,748 - src.config.config_manager - INFO - Configuration saved successfully
2026-01-04 17:18:51,746 - src.config.config_manager - INFO - Configuration saved successfully
2026-01-04 17:18:51,746 - src.config.config_manager - INFO - Configuration saved successfully
2026-01-04 17:18:56,746 - src.config.config_manager - INFO - Configuration saved successfully
2026-01-04 17:18:56,746 - src.config.config_manager - INFO - Configuration saved successfully
2026-01-04 17:19:01,746 - src.config.config_manager - INFO - Configuration saved successfully
2026-01-04 17:19:01,746 - src.config.config_manager - INFO - Configuration saved successfully
2026-01-04 17:19:06,745 - src.config.config_manager - INFO - Configuration saved successfully
2026-01-04 17:19:06,745 - src.config.config_manager - INFO - Configuration saved successfully
2026-01-04 17:19:11,745 - src.config.config_manager - INFO - Configuration saved successfully
2026-01-04 17:19:11,746 - src.config.config_manager - INFO - Configuration saved successfully
2026-01-04 17:19:16,746 - src.config.config_manager - INFO - Configuration saved successfully
2026-01-04 17:19:16,746 - src.config.config_manager - INFO - Configuration saved successfully
2026-01-04 17:19:21,746 - src.config.config_manager - INFO - Configuration saved successfully
2026-01-04 17:19:21,747 - src.config.config_manager - INFO - Configuration saved successfully
2026-01-04 17:19:22,972 - src.config.config_manager - INFO - Configuration saved successfully
2026-01-04 17:19:22,972 - src.config.config_manager - INFO - Configuration saved successfully
2026-01-04 17:19:22,972 - src.ui.main_window - INFO - Application closed
2026-01-04 17:20:04,090 - src.config.config_manager - INFO - Configuration loaded successfully
2026-01-04 17:20:04,097 - src.config.config_manager - INFO - Configuration loaded successfully
2026-01-04 17:20:04,153 - src.config.config_manager - INFO - Configuration saved successfully
2026-01-04 17:20:04,153 - src.ui.main_window - INFO - Switched to panel: library
2026-01-04 17:20:04,195 - __main__ - INFO - Application started successfully
2026-01-04 17:20:08,906 - src.config.config_manager - INFO - Configuration saved successfully
2026-01-04 17:20:08,907 - src.config.config_manager - INFO - Configuration saved successfully
2026-01-04 17:20:13,745 - src.config.config_manager - INFO - Configuration saved successfully
2026-01-04 17:20:13,746 - src.config.config_manager - INFO - Configuration saved successfully
2026-01-04 17:20:16,429 - src.ui.panels.base_panel.library - INFO - Updated cell sizes: 282x338, icon: 260x260
2026-01-04 17:20:18,744 - src.config.config_manager - INFO - Configuration saved successfully
2026-01-04 17:20:18,752 - src.config.config_manager - INFO - Configuration saved successfully
2026-01-04 17:20:23,745 - src.config.config_manager - INFO - Configuration saved successfully
2026-01-04 17:20:23,746 - src.config.config_manager - INFO - Configuration saved successfully
2026-01-04 17:20:28,744 - src.config.config_manager - INFO - Configuration saved successfully
2026-01-04 17:20:28,744 - src.config.config_manager - INFO - Configuration saved successfully
2026-01-04 17:20:31,330 - src.config.config_manager - INFO - Configuration saved successfully
2026-01-04 17:20:31,331 - src.config.config_manager - INFO - Configuration saved successfully
2026-01-04 17:20:31,331 - src.ui.main_window - INFO - Application closed
2026-01-04 17:22:24,426 - src.config.config_manager - INFO - Configuration loaded successfully
2026-01-04 17:22:24,432 - src.config.config_manager - INFO - Configuration loaded successfully
2026-01-04 17:22:24,480 - src.config.config_manager - INFO - Configuration saved successfully
2026-01-04 17:22:24,480 - src.ui.main_window - INFO - Switched to panel: library
2026-01-04 17:22:24,528 - __main__ - INFO - Application started successfully
2026-01-04 17:22:29,731 - src.config.config_manager - INFO - Configuration saved successfully
2026-01-04 17:22:29,732 - src.config.config_manager - INFO - Configuration saved successfully
2026-01-04 17:22:43,622 - src.config.config_manager - INFO - Configuration loaded successfully
2026-01-04 17:22:43,629 - src.config.config_manager - INFO - Configuration loaded successfully
2026-01-04 17:22:43,677 - src.config.config_manager - INFO - Configuration saved successfully
2026-01-04 17:22:43,677 - src.ui.main_window - INFO - Switched to panel: library
2026-01-04 17:22:43,720 - __main__ - INFO - Application started successfully
2026-01-04 17:22:48,625 - src.ui.panels.base_panel.library - INFO - Updated cell sizes: 282x338, icon: 260x260
2026-01-04 17:22:48,745 - src.config.config_manager - INFO - Configuration saved successfully
2026-01-04 17:22:48,745 - src.config.config_manager - INFO - Configuration saved successfully
2026-01-04 17:22:53,745 - src.config.config_manager - INFO - Configuration saved successfully
2026-01-04 17:22:53,745 - src.config.config_manager - INFO - Configuration saved successfully
2026-01-04 17:22:58,745 - src.config.config_manager - INFO - Configuration saved successfully
2026-01-04 17:22:58,745 - src.config.config_manager - INFO - Configuration saved successfully
2026-01-04 17:23:03,746 - src.config.config_manager - INFO - Configuration saved successfully
2026-01-04 17:23:03,746 - src.config.config_manager - INFO - Configuration saved successfully
2026-01-04 17:23:08,745 - src.config.config_manager - INFO - Configuration saved successfully
2026-01-04 17:23:08,746 - src.config.config_manager - INFO - Configuration saved successfully
2026-01-04 17:23:13,746 - src.config.config_manager - INFO - Configuration saved successfully
2026-01-04 17:23:13,747 - src.config.config_manager - INFO - Configuration saved successfully
2026-01-04 17:23:18,745 - src.config.config_manager - INFO - Configuration saved successfully
2026-01-04 17:23:18,746 - src.config.config_manager - INFO - Configuration saved successfully
2026-01-04 17:23:23,744 - src.config.config_manager - INFO - Configuration saved successfully
2026-01-04 17:23:23,745 - src.config.config_manager - INFO - Configuration saved successfully
2026-01-04 17:23:28,745 - src.config.config_manager - INFO - Configuration saved successfully
2026-01-04 17:23:28,745 - src.config.config_manager - INFO - Configuration saved successfully
2026-01-04 17:23:33,744 - src.config.config_manager - INFO - Configuration saved successfully
2026-01-04 17:23:33,745 - src.config.config_manager - INFO - Configuration saved successfully
2026-01-04 17:23:38,745 - src.config.config_manager - INFO - Configuration saved successfully
2026-01-04 17:23:38,746 - src.config.config_manager - INFO - Configuration saved successfully
2026-01-04 17:23:43,748 - src.config.config_manager - INFO - Configuration saved successfully
2026-01-04 17:23:43,748 - src.config.config_manager - INFO - Configuration saved successfully
2026-01-04 17:23:48,745 - src.config.config_manager - INFO - Configuration saved successfully
2026-01-04 17:23:48,745 - src.config.config_manager - INFO - Configuration saved successfully
2026-01-04 17:23:53,745 - src.config.config_manager - INFO - Configuration saved successfully
2026-01-04 17:23:53,745 - src.config.config_manager - INFO - Configuration saved successfully
2026-01-04 17:23:58,745 - src.config.config_manager - INFO - Configuration saved successfully
2026-01-04 17:23:58,745 - src.config.config_manager - INFO - Configuration saved successfully
2026-01-04 17:24:03,745 - src.config.config_manager - INFO - Configuration saved successfully
2026-01-04 17:24:03,746 - src.config.config_manager - INFO - Configuration saved successfully
2026-01-04 17:24:08,745 - src.config.config_manager - INFO - Configuration saved successfully
2026-01-04 17:24:08,745 - src.config.config_manager - INFO - Configuration saved successfully
2026-01-04 17:24:13,745 - src.config.config_manager - INFO - Configuration saved successfully
2026-01-04 17:24:13,746 - src.config.config_manager - INFO - Configuration saved successfully
2026-01-04 17:24:18,745 - src.config.config_manager - INFO - Configuration saved successfully
2026-01-04 17:24:18,745 - src.config.config_manager - INFO - Configuration saved successfully
2026-01-04 17:24:23,745 - src.config.config_manager - INFO - Configuration saved successfully
2026-01-04 17:24:23,745 - src.config.config_manager - INFO - Configuration saved successfully
2026-01-04 17:24:28,745 - src.config.config_manager - INFO - Configuration saved successfully
2026-01-04 17:24:28,746 - src.config.config_manager - INFO - Configuration saved successfully
2026-01-04 17:24:33,745 - src.config.config_manager - INFO - Configuration saved successfully
2026-01-04 17:24:33,745 - src.config.config_manager - INFO - Configuration saved successfully
2026-01-04 17:24:38,745 - src.config.config_manager - INFO - Configuration saved successfully
2026-01-04 17:24:38,746 - src.config.config_manager - INFO - Configuration saved successfully
2026-01-04 17:24:43,745 - src.config.config_manager - INFO - Configuration saved successfully
2026-01-04 17:24:43,745 - src.config.config_manager - INFO - Configuration saved successfully
2026-01-04 17:24:48,745 - src.config.config_manager - INFO - Configuration saved successfully
2026-01-04 17:24:48,745 - src.config.config_manager - INFO - Configuration saved successfully
2026-01-04 17:24:53,745 - src.config.config_manager - INFO - Configuration saved successfully
2026-01-04 17:24:53,745 - src.config.config_manager - INFO - Configuration saved successfully
2026-01-04 17:24:58,745 - src.config.config_manager - INFO - Configuration saved successfully
2026-01-04 17:24:58,746 - src.config.config_manager - INFO - Configuration saved successfully
2026-01-04 17:25:03,745 - src.config.config_manager - INFO - Configuration saved successfully
2026-01-04 17:25:03,745 - src.config.config_manager - INFO - Configuration saved successfully
2026-01-04 17:25:08,744 - src.config.config_manager - INFO - Configuration saved successfully
2026-01-04 17:25:08,745 - src.config.config_manager - INFO - Configuration saved successfully
2026-01-04 17:25:13,745 - src.config.config_manager - INFO - Configuration saved successfully
2026-01-04 17:25:13,745 - src.config.config_manager - INFO - Configuration saved successfully
2026-01-04 17:25:18,745 - src.config.config_manager - INFO - Configuration saved successfully
2026-01-04 17:25:18,746 - src.config.config_manager - INFO - Configuration saved successfully
2026-01-04 17:25:23,745 - src.config.config_manager - INFO - Configuration saved successfully
2026-01-04 17:25:23,745 - src.config.config_manager - INFO - Configuration saved successfully
2026-01-04 17:25:28,745 - src.config.config_manager - INFO - Configuration saved successfully
2026-01-04 17:25:28,746 - src.config.config_manager - INFO - Configuration saved successfully
2026-01-04 17:25:33,745 - src.config.config_manager - INFO - Configuration saved successfully
2026-01-04 17:25:33,746 - src.config.config_manager - INFO - Configuration saved successfully
2026-01-04 17:25:38,745 - src.config.config_manager - INFO - Configuration saved successfully
2026-01-04 17:25:38,746 - src.config.config_manager - INFO - Configuration saved successfully
2026-01-04 17:25:43,745 - src.config.config_manager - INFO - Configuration saved successfully
2026-01-04 17:25:43,745 - src.config.config_manager - INFO - Configuration saved successfully
2026-01-04 17:25:48,745 - src.config.config_manager - INFO - Configuration saved successfully
2026-01-04 17:25:48,746 - src.config.config_manager - INFO - Configuration saved successfully
2026-01-04 17:25:53,745 - src.config.config_manager - INFO - Configuration saved successfully
2026-01-04 17:25:53,745 - src.config.config_manager - INFO - Configuration saved successfully
2026-01-04 17:25:58,745 - src.config.config_manager - INFO - Configuration saved successfully
2026-01-04 17:25:58,746 - src.config.config_manager - INFO - Configuration saved successfully
2026-01-04 17:26:03,745 - src.config.config_manager - INFO - Configuration saved successfully
2026-01-04 17:26:03,745 - src.config.config_manager - INFO - Configuration saved successfully
2026-01-04 17:26:08,745 - src.config.config_manager - INFO - Configuration saved successfully
2026-01-04 17:26:08,745 - src.config.config_manager - INFO - Configuration saved successfully
2026-01-04 17:26:13,745 - src.config.config_manager - INFO - Configuration saved successfully
2026-01-04 17:26:13,745 - src.config.config_manager - INFO - Configuration saved successfully
2026-01-04 17:26:18,745 - src.config.config_manager - INFO - Configuration saved successfully
2026-01-04 17:26:18,746 - src.config.config_manager - INFO - Configuration saved successfully
2026-01-04 17:26:23,745 - src.config.config_manager - INFO - Configuration saved successfully
2026-01-04 17:26:23,745 - src.config.config_manager - INFO - Configuration saved successfully
2026-01-04 17:26:28,745 - src.config.config_manager - INFO - Configuration saved successfully
2026-01-04 17:26:28,745 - src.config.config_manager - INFO - Configuration saved successfully
2026-01-04 17:26:33,745 - src.config.config_manager - INFO - Configuration saved successfully
2026-01-04 17:26:33,746 - src.config.config_manager - INFO - Configuration saved successfully
2026-01-04 17:26:38,745 - src.config.config_manager - INFO - Configuration saved successfully
2026-01-04 17:26:38,746 - src.config.config_manager - INFO - Configuration saved successfully
2026-01-04 17:26:43,745 - src.config.config_manager - INFO - Configuration saved successfully
2026-01-04 17:26:43,746 - src.config.config_manager - INFO - Configuration saved successfully
2026-01-04 17:26:48,745 - src.config.config_manager - INFO - Configuration saved successfully
2026-01-04 17:26:48,745 - src.config.config_manager - INFO - Configuration saved successfully
2026-01-04 17:26:53,745 - src.config.config_manager - INFO - Configuration saved successfully
2026-01-04 17:26:53,745 - src.config.config_manager - INFO - Configuration saved successfully
2026-01-04 17:26:58,745 - src.config.config_manager - INFO - Configuration saved successfully
2026-01-04 17:26:58,746 - src.config.config_manager - INFO - Configuration saved successfully
2026-01-04 17:27:03,745 - src.config.config_manager - INFO - Configuration saved successfully
2026-01-04 17:27:03,745 - src.config.config_manager - INFO - Configuration saved successfully
2026-01-04 17:27:08,745 - src.config.config_manager - INFO - Configuration saved successfully
2026-01-04 17:27:08,746 - src.config.config_manager - INFO - Configuration saved successfully
2026-01-04 17:27:13,745 - src.config.config_manager - INFO - Configuration saved successfully
2026-01-04 17:27:13,746 - src.config.config_manager - INFO - Configuration saved successfully
2026-01-04 17:27:18,745 - src.config.config_manager - INFO - Configuration saved successfully
2026-01-04 17:27:18,745 - src.config.config_manager - INFO - Configuration saved successfully
2026-01-04 17:27:23,745 - src.config.config_manager - INFO - Configuration saved successfully
2026-01-04 17:27:23,745 - src.config.config_manager - INFO - Configuration saved successfully
2026-01-04 17:27:28,745 - src.config.config_manager - INFO - Configuration saved successfully
2026-01-04 17:27:28,746 - src.config.config_manager - INFO - Configuration saved successfully
2026-01-04 17:27:33,745 - src.config.config_manager - INFO - Configuration saved successfully
2026-01-04 17:27:33,745 - src.config.config_manager - INFO - Configuration saved successfully
2026-01-04 17:27:38,745 - src.config.config_manager - INFO - Configuration saved successfully
2026-01-04 17:27:38,745 - src.config.config_manager - INFO - Configuration saved successfully
2026-01-04 17:27:43,745 - src.config.config_manager - INFO - Configuration saved successfully
2026-01-04 17:27:43,745 - src.config.config_manager - INFO - Configuration saved successfully
2026-01-04 17:27:48,745 - src.config.config_manager - INFO - Configuration saved successfully
2026-01-04 17:27:48,745 - src.config.config_manager - INFO - Configuration saved successfully
2026-01-04 17:27:53,745 - src.config.config_manager - INFO - Configuration saved successfully
2026-01-04 17:27:53,745 - src.config.config_manager - INFO - Configuration saved successfully
2026-01-04 17:27:58,745 - src.config.config_manager - INFO - Configuration saved successfully
2026-01-04 17:27:58,746 - src.config.config_manager - INFO - Configuration saved successfully
2026-01-04 17:28:03,745 - src.config.config_manager - INFO - Configuration saved successfully
2026-01-04 17:28:03,745 - src.config.config_manager - INFO - Configuration saved successfully
2026-01-04 17:28:08,745 - src.config.config_manager - INFO - Configuration saved successfully
2026-01-04 17:28:08,746 - src.config.config_manager - INFO - Configuration saved successfully
2026-01-04 17:28:13,745 - src.config.config_manager - INFO - Configuration saved successfully
2026-01-04 17:28:13,745 - src.config.config_manager - INFO - Configuration saved successfully
2026-01-04 17:28:18,745 - src.config.config_manager - INFO - Configuration saved successfully
2026-01-04 17:28:18,745 - src.config.config_manager - INFO - Configuration saved successfully
2026-01-04 17:28:23,745 - src.config.config_manager - INFO - Configuration saved successfully
2026-01-04 17:28:23,745 - src.config.config_manager - INFO - Configuration saved successfully
2026-01-04 17:28:28,745 - src.config.config_manager - INFO - Configuration saved successfully
2026-01-04 17:28:28,746 - src.config.config_manager - INFO - Configuration saved successfully
2026-01-04 17:28:33,745 - src.config.config_manager - INFO - Configuration saved successfully
2026-01-04 17:28:33,745 - src.config.config_manager - INFO - Configuration saved successfully
2026-01-04 17:28:38,745 - src.config.config_manager - INFO - Configuration saved successfully
2026-01-04 17:28:38,746 - src.config.config_manager - INFO - Configuration saved successfully
2026-01-04 17:28:43,745 - src.config.config_manager - INFO - Configuration saved successfully
2026-01-04 17:28:43,745 - src.config.config_manager - INFO - Configuration saved successfully
2026-01-04 17:28:48,745 - src.config.config_manager - INFO - Configuration saved successfully
2026-01-04 17:28:48,746 - src.config.config_manager - INFO - Configuration saved successfully
2026-01-04 17:28:53,745 - src.config.config_manager - INFO - Configuration saved successfully
2026-01-04 17:28:53,745 - src.config.config_manager - INFO - Configuration saved successfully
2026-01-04 17:28:58,745 - src.config.config_manager - INFO - Configuration saved successfully
2026-01-04 17:28:58,745 - src.config.config_manager - INFO - Configuration saved successfully
2026-01-04 17:29:03,745 - src.config.config_manager - INFO - Configuration saved successfully
2026-01-04 17:29:03,745 - src.config.config_manager - INFO - Configuration saved successfully
2026-01-04 17:29:08,745 - src.config.config_manager - INFO - Configuration saved successfully
2026-01-04 17:29:08,745 - src.config.config_manager - INFO - Configuration saved successfully
2026-01-04 17:29:13,745 - src.config.config_manager - INFO - Configuration saved successfully
2026-01-04 17:29:13,746 - src.config.config_manager - INFO - Configuration saved successfully
2026-01-04 17:29:18,745 - src.config.config_manager - INFO - Configuration saved successfully
2026-01-04 17:29:18,746 - src.config.config_manager - INFO - Configuration saved successfully
2026-01-04 17:29:23,745 - src.config.config_manager - INFO - Configuration saved successfully
2026-01-04 17:29:23,746 - src.config.config_manager - INFO - Configuration saved successfully
2026-01-04 17:29:28,745 - src.config.config_manager - INFO - Configuration saved successfully
2026-01-04 17:29:28,745 - src.config.config_manager - INFO - Configuration saved successfully
2026-01-04 17:29:33,745 - src.config.config_manager - INFO - Configuration saved successfully
2026-01-04 17:29:33,746 - src.config.config_manager - INFO - Configuration saved successfully
2026-01-04 17:29:38,745 - src.config.config_manager - INFO - Configuration saved successfully
2026-01-04 17:29:38,746 - src.config.config_manager - INFO - Configuration saved successfully
2026-01-04 17:29:43,745 - src.config.config_manager - INFO - Configuration saved successfully
2026-01-04 17:29:43,746 - src.config.config_manager - INFO - Configuration saved successfully
2026-01-04 17:29:48,745 - src.config.config_manager - INFO - Configuration saved successfully
2026-01-04 17:29:48,745 - src.config.config_manager - INFO - Configuration saved successfully
2026-01-04 17:29:53,745 - src.config.config_manager - INFO - Configuration saved successfully
2026-01-04 17:29:53,745 - src.config.config_manager - INFO - Configuration saved successfully
2026-01-04 17:29:58,745 - src.config.config_manager - INFO - Configuration saved successfully
2026-01-04 17:29:58,746 - src.config.config_manager - INFO - Configuration saved successfully
2026-01-04 17:30:03,745 - src.config.config_manager - INFO - Configuration saved successfully
2026-01-04 17:30:03,745 - src.config.config_manager - INFO - Configuration saved successfully
2026-01-04 17:30:08,745 - src.config.config_manager - INFO - Configuration saved successfully
2026-01-04 17:30:08,745 - src.config.config_manager - INFO - Configuration saved successfully
2026-01-04 17:30:13,745 - src.config.config_manager - INFO - Configuration saved successfully
2026-01-04 17:30:13,746 - src.config.config_manager - INFO - Configuration saved successfully
2026-01-04 17:30:18,745 - src.config.config_manager - INFO - Configuration saved successfully
2026-01-04 17:30:18,745 - src.config.config_manager - INFO - Configuration saved successfully
2026-01-04 17:30:23,745 - src.config.config_manager - INFO - Configuration saved successfully
2026-01-04 17:30:23,745 - src.config.config_manager - INFO - Configuration saved successfully
2026-01-04 17:30:28,745 - src.config.config_manager - INFO - Configuration saved successfully
2026-01-04 17:30:28,745 - src.config.config_manager - INFO - Configuration saved successfully
2026-01-04 17:30:33,745 - src.config.config_manager - INFO - Configuration saved successfully
2026-01-04 17:30:33,746 - src.config.config_manager - INFO - Configuration saved successfully
2026-01-04 17:30:38,745 - src.config.config_manager - INFO - Configuration saved successfully
2026-01-04 17:30:38,746 - src.config.config_manager - INFO - Configuration saved successfully
2026-01-04 17:30:43,745 - src.config.config_manager - INFO - Configuration saved successfully
2026-01-04 17:30:43,746 - src.config.config_manager - INFO - Configuration saved successfully
2026-01-04 17:30:48,745 - src.config.config_manager - INFO - Configuration saved successfully
2026-01-04 17:30:48,746 - src.config.config_manager - INFO - Configuration saved successfully
2026-01-04 17:30:53,745 - src.config.config_manager - INFO - Configuration saved successfully
2026-01-04 17:30:53,745 - src.config.config_manager - INFO - Configuration saved successfully
2026-01-04 17:30:58,744 - src.config.config_manager - INFO - Configuration saved successfully
2026-01-04 17:30:58,745 - src.config.config_manager - INFO - Configuration saved successfully
2026-01-04 17:31:03,745 - src.config.config_manager - INFO - Configuration saved successfully
2026-01-04 17:31:03,746 - src.config.config_manager - INFO - Configuration saved successfully
2026-01-04 17:31:08,745 - src.config.config_manager - INFO - Configuration saved successfully
2026-01-04 17:31:08,746 - src.config.config_manager - INFO - Configuration saved successfully
2026-01-04 17:31:13,746 - src.config.config_manager - INFO - Configuration saved successfully
2026-01-04 17:31:13,746 - src.config.config_manager - INFO - Configuration saved successfully
2026-01-04 17:31:18,745 - src.config.config_manager - INFO - Configuration saved successfully
2026-01-04 17:31:18,746 - src.config.config_manager - INFO - Configuration saved successfully
2026-01-04 17:31:23,745 - src.config.config_manager - INFO - Configuration saved successfully
2026-01-04 17:31:23,746 - src.config.config_manager - INFO - Configuration saved successfully
2026-01-04 17:31:28,745 - src.config.config_manager - INFO - Configuration saved successfully
2026-01-04 17:31:28,745 - src.config.config_manager - INFO - Configuration saved successfully
2026-01-04 17:31:33,745 - src.config.config_manager - INFO - Configuration saved successfully
2026-01-04 17:31:33,746 - src.config.config_manager - INFO - Configuration saved successfully
2026-01-04 17:31:38,745 - src.config.config_manager - INFO - Configuration saved successfully
2026-01-04 17:31:38,746 - src.config.config_manager - INFO - Configuration saved successfully
2026-01-04 17:31:43,745 - src.config.config_manager - INFO - Configuration saved successfully
2026-01-04 17:31:43,746 - src.config.config_manager - INFO - Configuration saved successfully
2026-01-04 17:31:48,745 - src.config.config_manager - INFO - Configuration saved successfully
2026-01-04 17:31:48,746 - src.config.config_manager - INFO - Configuration saved successfully
2026-01-04 17:31:53,745 - src.config.config_manager - INFO - Configuration saved successfully
2026-01-04 17:31:53,746 - src.config.config_manager - INFO - Configuration saved successfully
2026-01-04 17:31:58,745 - src.config.config_manager - INFO - Configuration saved successfully
2026-01-04 17:31:58,746 - src.config.config_manager - INFO - Configuration saved successfully
2026-01-04 17:32:03,745 - src.config.config_manager - INFO - Configuration saved successfully
2026-01-04 17:32:03,746 - src.config.config_manager - INFO - Configuration saved successfully
2026-01-04 17:32:08,745 - src.config.config_manager - INFO - Configuration saved successfully
2026-01-04 17:32:08,746 - src.config.config_manager - INFO - Configuration saved successfully
2026-01-04 17:32:13,745 - src.config.config_manager - INFO - Configuration saved successfully
2026-01-04 17:32:13,745 - src.config.config_manager - INFO - Configuration saved successfully
2026-01-04 17:32:18,745 - src.config.config_manager - INFO - Configuration saved successfully
2026-01-04 17:32:18,746 - src.config.config_manager - INFO - Configuration saved successfully
2026-01-04 17:32:23,745 - src.config.config_manager - INFO - Configuration saved successfully
2026-01-04 17:32:23,746 - src.config.config_manager - INFO - Configuration saved successfully
2026-01-04 17:32:28,746 - src.config.config_manager - INFO - Configuration saved successfully
2026-01-04 17:32:28,746 - src.config.config_manager - INFO - Configuration saved successfully
2026-01-04 17:32:33,745 - src.config.config_manager - INFO - Configuration saved successfully
2026-01-04 17:32:33,746 - src.config.config_manager - INFO - Configuration saved successfully
2026-01-04 17:32:38,746 - src.config.config_manager - INFO - Configuration saved successfully
2026-01-04 17:32:38,746 - src.config.config_manager - INFO - Configuration saved successfully
2026-01-04 17:32:43,745 - src.config.config_manager - INFO - Configuration saved successfully
2026-01-04 17:32:43,745 - src.config.config_manager - INFO - Configuration saved successfully
2026-01-04 17:32:48,745 - src.config.config_manager - INFO - Configuration saved successfully
2026-01-04 17:32:48,745 - src.config.config_manager - INFO - Configuration saved successfully
2026-01-04 17:32:53,745 - src.config.config_manager - INFO - Configuration saved successfully
2026-01-04 17:32:53,746 - src.config.config_manager - INFO - Configuration saved successfully
2026-01-04 17:32:58,745 - src.config.config_manager - INFO - Configuration saved successfully
2026-01-04 17:32:58,746 - src.config.config_manager - INFO - Configuration saved successfully
2026-01-04 17:33:03,745 - src.config.config_manager - INFO - Configuration saved successfully
2026-01-04 17:33:03,746 - src.config.config_manager - INFO - Configuration saved successfully
2026-01-04 17:33:08,745 - src.config.config_manager - INFO - Configuration saved successfully
2026-01-04 17:33:08,746 - src.config.config_manager - INFO - Configuration saved successfully
2026-01-04 17:33:13,745 - src.config.config_manager - INFO - Configuration saved successfully
2026-01-04 17:33:13,746 - src.config.config_manager - INFO - Configuration saved successfully
2026-01-04 17:33:18,745 - src.config.config_manager - INFO - Configuration saved successfully
2026-01-04 17:33:18,746 - src.config.config_manager - INFO - Configuration saved successfully
2026-01-04 17:33:23,745 - src.config.config_manager - INFO - Configuration saved successfully
2026-01-04 17:33:23,746 - src.config.config_manager - INFO - Configuration saved successfully
2026-01-04 17:33:28,745 - src.config.config_manager - INFO - Configuration saved successfully
2026-01-04 17:33:28,746 - src.config.config_manager - INFO - Configuration saved successfully
2026-01-04 17:33:33,745 - src.config.config_manager - INFO - Configuration saved successfully
2026-01-04 17:33:33,745 - src.config.config_manager - INFO - Configuration saved successfully
2026-01-04 17:33:38,745 - src.config.config_manager - INFO - Configuration saved successfully
2026-01-04 17:33:38,745 - src.config.config_manager - INFO - Configuration saved successfully
2026-01-04 17:33:43,745 - src.config.config_manager - INFO - Configuration saved successfully
2026-01-04 17:33:43,745 - src.config.config_manager - INFO - Configuration saved successfully
2026-01-04 17:33:48,745 - src.config.config_manager - INFO - Configuration saved successfully
2026-01-04 17:33:48,745 - src.config.config_manager - INFO - Configuration saved successfully
2026-01-04 17:33:53,745 - src.config.config_manager - INFO - Configuration saved successfully
2026-01-04 17:33:53,745 - src.config.config_manager - INFO - Configuration saved successfully
2026-01-04 17:33:58,745 - src.config.config_manager - INFO - Configuration saved successfully
2026-01-04 17:33:58,746 - src.config.config_manager - INFO - Configuration saved successfully
2026-01-04 17:34:03,745 - src.config.config_manager - INFO - Configuration saved successfully
2026-01-04 17:34:03,746 - src.config.config_manager - INFO - Configuration saved successfully
2026-01-04 17:34:08,745 - src.config.config_manager - INFO - Configuration saved successfully
2026-01-04 17:34:08,745 - src.config.config_manager - INFO - Configuration saved successfully
2026-01-04 17:34:13,745 - src.config.config_manager - INFO - Configuration saved successfully
2026-01-04 17:34:13,745 - src.config.config_manager - INFO - Configuration saved successfully
2026-01-04 17:34:18,745 - src.config.config_manager - INFO - Configuration saved successfully
2026-01-04 17:34:18,745 - src.config.config_manager - INFO - Configuration saved successfully
2026-01-04 17:34:23,745 - src.config.config_manager - INFO - Configuration saved successfully
2026-01-04 17:34:23,746 - src.config.config_manager - INFO - Configuration saved successfully
2026-01-04 17:34:28,745 - src.config.config_manager - INFO - Configuration saved successfully
2026-01-04 17:34:28,745 - src.config.config_manager - INFO - Configuration saved successfully
2026-01-04 17:34:33,745 - src.config.config_manager - INFO - Configuration saved successfully
2026-01-04 17:34:33,745 - src.config.config_manager - INFO - Configuration saved successfully
2026-01-04 17:34:38,745 - src.config.config_manager - INFO - Configuration saved successfully
2026-01-04 17:34:38,745 - src.config.config_manager - INFO - Configuration saved successfully
2026-01-04 17:34:43,745 - src.config.config_manager - INFO - Configuration saved successfully
2026-01-04 17:34:43,746 - src.config.config_manager - INFO - Configuration saved successfully
2026-01-04 17:34:48,745 - src.config.config_manager - INFO - Configuration saved successfully
2026-01-04 17:34:48,745 - src.config.config_manager - INFO - Configuration saved successfully
2026-01-04 17:34:53,745 - src.config.config_manager - INFO - Configuration saved successfully
2026-01-04 17:34:53,746 - src.config.config_manager - INFO - Configuration saved successfully
2026-01-04 17:34:58,745 - src.config.config_manager - INFO - Configuration saved successfully
2026-01-04 17:34:58,746 - src.config.config_manager - INFO - Configuration saved successfully
2026-01-04 17:35:03,745 - src.config.config_manager - INFO - Configuration saved successfully
2026-01-04 17:35:03,746 - src.config.config_manager - INFO - Configuration saved successfully
2026-01-04 17:35:08,745 - src.config.config_manager - INFO - Configuration saved successfully
2026-01-04 17:35:08,746 - src.config.config_manager - INFO - Configuration saved successfully
2026-01-04 17:35:13,745 - src.config.config_manager - INFO - Configuration saved successfully
2026-01-04 17:35:13,746 - src.config.config_manager - INFO - Configuration saved successfully
2026-01-04 17:35:18,745 - src.config.config_manager - INFO - Configuration saved successfully
2026-01-04 17:35:18,745 - src.config.config_manager - INFO - Configuration saved successfully
2026-01-04 17:35:23,745 - src.config.config_manager - INFO - Configuration saved successfully
2026-01-04 17:35:23,746 - src.config.config_manager - INFO - Configuration saved successfully
2026-01-04 17:35:28,745 - src.config.config_manager - INFO - Configuration saved successfully
2026-01-04 17:35:28,745 - src.config.config_manager - INFO - Configuration saved successfully
2026-01-04 17:35:33,745 - src.config.config_manager - INFO - Configuration saved successfully
2026-01-04 17:35:33,746 - src.config.config_manager - INFO - Configuration saved successfully
2026-01-04 17:35:38,745 - src.config.config_manager - INFO - Configuration saved successfully
2026-01-04 17:35:38,746 - src.config.config_manager - INFO - Configuration saved successfully
2026-01-04 17:35:43,746 - src.config.config_manager - INFO - Configuration saved successfully
2026-01-04 17:35:43,746 - src.config.config_manager - INFO - Configuration saved successfully
2026-01-04 17:35:48,745 - src.config.config_manager - INFO - Configuration saved successfully
2026-01-04 17:35:48,746 - src.config.config_manager - INFO - Configuration saved successfully
2026-01-04 17:35:53,745 - src.config.config_manager - INFO - Configuration saved successfully
2026-01-04 17:35:53,746 - src.config.config_manager - INFO - Configuration saved successfully
2026-01-04 17:35:58,745 - src.config.config_manager - INFO - Configuration saved successfully
2026-01-04 17:35:58,746 - src.config.config_manager - INFO - Configuration saved successfully
2026-01-04 17:36:03,745 - src.config.config_manager - INFO - Configuration saved successfully
2026-01-04 17:36:03,746 - src.config.config_manager - INFO - Configuration saved successfully
2026-01-04 17:36:08,745 - src.config.config_manager - INFO - Configuration saved successfully
2026-01-04 17:36:08,746 - src.config.config_manager - INFO - Configuration saved successfully
2026-01-04 17:36:13,746 - src.config.config_manager - INFO - Configuration saved successfully
2026-01-04 17:36:13,746 - src.config.config_manager - INFO - Configuration saved successfully
2026-01-04 17:36:18,745 - src.config.config_manager - INFO - Configuration saved successfully
2026-01-04 17:36:18,746 - src.config.config_manager - INFO - Configuration saved successfully
2026-01-04 17:36:23,745 - src.config.config_manager - INFO - Configuration saved successfully
2026-01-04 17:36:23,746 - src.config.config_manager - INFO - Configuration saved successfully
2026-01-04 17:36:28,745 - src.config.config_manager - INFO - Configuration saved successfully
2026-01-04 17:36:28,746 - src.config.config_manager - INFO - Configuration saved successfully
2026-01-04 17:36:33,746 - src.config.config_manager - INFO - Configuration saved successfully
2026-01-04 17:36:33,746 - src.config.config_manager - INFO - Configuration saved successfully
2026-01-04 17:36:38,745 - src.config.config_manager - INFO - Configuration saved successfully
2026-01-04 17:36:38,745 - src.config.config_manager - INFO - Configuration saved successfully
2026-01-04 17:36:43,745 - src.config.config_manager - INFO - Configuration saved successfully
2026-01-04 17:36:43,746 - src.config.config_manager - INFO - Configuration saved successfully
2026-01-04 17:36:48,745 - src.config.config_manager - INFO - Configuration saved successfully
2026-01-04 17:36:48,746 - src.config.config_manager - INFO - Configuration saved successfully
2026-01-04 17:36:53,745 - src.config.config_manager - INFO - Configuration saved successfully
2026-01-04 17:36:53,746 - src.config.config_manager - INFO - Configuration saved successfully
2026-01-04 17:36:58,745 - src.config.config_manager - INFO - Configuration saved successfully
2026-01-04 17:36:58,746 - src.config.config_manager - INFO - Configuration saved successfully
2026-01-04 17:37:03,745 - src.config.config_manager - INFO - Configuration saved successfully
2026-01-04 17:37:03,746 - src.config.config_manager - INFO - Configuration saved successfully
2026-01-04 17:37:08,745 - src.config.config_manager - INFO - Configuration saved successfully
2026-01-04 17:37:08,746 - src.config.config_manager - INFO - Configuration saved successfully
2026-01-04 17:37:13,745 - src.config.config_manager - INFO - Configuration saved successfully
2026-01-04 17:37:13,746 - src.config.config_manager - INFO - Configuration saved successfully
2026-01-04 17:37:18,745 - src.config.config_manager - INFO - Configuration saved successfully
2026-01-04 17:37:18,746 - src.config.config_manager - INFO - Configuration saved successfully
2026-01-04 17:37:23,745 - src.config.config_manager - INFO - Configuration saved successfully
2026-01-04 17:37:23,746 - src.config.config_manager - INFO - Configuration saved successfully
2026-01-04 17:37:28,745 - src.config.config_manager - INFO - Configuration saved successfully
2026-01-04 17:37:28,746 - src.config.config_manager - INFO - Configuration saved successfully
2026-01-04 17:37:33,745 - src.config.config_manager - INFO - Configuration saved successfully
2026-01-04 17:37:33,746 - src.config.config_manager - INFO - Configuration saved successfully
2026-01-04 17:37:38,746 - src.config.config_manager - INFO - Configuration saved successfully
2026-01-04 17:37:38,746 - src.config.config_manager - INFO - Configuration saved successfully
2026-01-04 17:37:43,745 - src.config.config_manager - INFO - Configuration saved successfully
2026-01-04 17:37:43,746 - src.config.config_manager - INFO - Configuration saved successfully
2026-01-04 17:37:48,745 - src.config.config_manager - INFO - Configuration saved successfully
2026-01-04 17:37:48,746 - src.config.config_manager - INFO - Configuration saved successfully
2026-01-04 17:37:53,746 - src.config.config_manager - INFO - Configuration saved successfully
2026-01-04 17:37:53,746 - src.config.config_manager - INFO - Configuration saved successfully
2026-01-04 17:37:58,745 - src.config.config_manager - INFO - Configuration saved successfully
2026-01-04 17:37:58,746 - src.config.config_manager - INFO - Configuration saved successfully
2026-01-04 17:38:03,745 - src.config.config_manager - INFO - Configuration saved successfully
2026-01-04 17:38:03,746 - src.config.config_manager - INFO - Configuration saved successfully
2026-01-04 17:38:08,745 - src.config.config_manager - INFO - Configuration saved successfully
2026-01-04 17:38:08,746 - src.config.config_manager - INFO - Configuration saved successfully
2026-01-04 17:38:13,745 - src.config.config_manager - INFO - Configuration saved successfully
2026-01-04 17:38:13,745 - src.config.config_manager - INFO - Configuration saved successfully
2026-01-04 17:38:17,462 - src.config.config_manager - INFO - Configuration saved successfully
2026-01-04 17:38:17,462 - src.config.config_manager - INFO - Configuration saved successfully
2026-01-04 17:38:17,462 - src.ui.main_window - INFO - Application closed
2026-01-04 17:40:06,088 - src.config.config_manager - INFO - Configuration loaded successfully
2026-01-04 17:40:06,094 - src.config.config_manager - INFO - Configuration loaded successfully
2026-01-04 17:40:06,142 - src.config.config_manager - INFO - Configuration saved successfully
2026-01-04 17:40:06,142 - src.ui.main_window - INFO - Switched to panel: library
2026-01-04 17:40:06,188 - __main__ - INFO - Application started successfully
2026-01-04 17:40:10,894 - src.config.config_manager - INFO - Configuration saved successfully
2026-01-04 17:40:10,894 - src.config.config_manager - INFO - Configuration saved successfully
2026-01-04 17:40:15,745 - src.config.config_manager - INFO - Configuration saved successfully
2026-01-04 17:40:15,745 - src.config.config_manager - INFO - Configuration saved successfully
2026-01-04 17:40:20,745 - src.config.config_manager - INFO - Configuration saved successfully
2026-01-04 17:40:20,745 - src.config.config_manager - INFO - Configuration saved successfully
2026-01-04 17:40:25,745 - src.config.config_manager - INFO - Configuration saved successfully
2026-01-04 17:40:25,746 - src.config.config_manager - INFO - Configuration saved successfully
2026-01-04 17:40:30,745 - src.config.config_manager - INFO - Configuration saved successfully
2026-01-04 17:40:30,745 - src.config.config_manager - INFO - Configuration saved successfully
2026-01-04 17:40:32,618 - src.config.config_manager - INFO - Configuration saved successfully
2026-01-04 17:40:32,618 - src.config.config_manager - INFO - Configuration saved successfully
2026-01-04 17:40:32,618 - src.ui.main_window - INFO - Application closed
2026-01-04 17:41:03,817 - src.config.config_manager - INFO - Configuration loaded successfully
2026-01-04 17:41:03,823 - src.config.config_manager - INFO - Configuration loaded successfully
2026-01-04 17:41:03,871 - src.config.config_manager - INFO - Configuration saved successfully
2026-01-04 17:41:03,871 - src.ui.main_window - INFO - Switched to panel: library
2026-01-04 17:41:03,917 - __main__ - INFO - Application started successfully
2026-01-04 17:41:08,745 - src.config.config_manager - INFO - Configuration saved successfully
2026-01-04 17:41:08,745 - src.config.config_manager - INFO - Configuration saved successfully
2026-01-04 17:41:13,745 - src.config.config_manager - INFO - Configuration saved successfully
2026-01-04 17:41:13,745 - src.config.config_manager - INFO - Configuration saved successfully
2026-01-04 17:41:18,745 - src.config.config_manager - INFO - Configuration saved successfully
2026-01-04 17:41:18,745 - src.config.config_manager - INFO - Configuration saved successfully
2026-01-04 17:41:23,745 - src.config.config_manager - INFO - Configuration saved successfully
2026-01-04 17:41:23,746 - src.config.config_manager - INFO - Configuration saved successfully
2026-01-04 17:41:28,745 - src.config.config_manager - INFO - Configuration saved successfully
2026-01-04 17:41:28,746 - src.config.config_manager - INFO - Configuration saved successfully
2026-01-04 17:41:33,745 - src.config.config_manager - INFO - Configuration saved successfully
2026-01-04 17:41:33,746 - src.config.config_manager - INFO - Configuration saved successfully
2026-01-04 17:41:38,745 - src.config.config_manager - INFO - Configuration saved successfully
2026-01-04 17:41:38,746 - src.config.config_manager - INFO - Configuration saved successfully
2026-01-04 17:41:43,745 - src.config.config_manager - INFO - Configuration saved successfully
2026-01-04 17:41:43,746 - src.config.config_manager - INFO - Configuration saved successfully
2026-01-04 17:41:48,745 - src.config.config_manager - INFO - Configuration saved successfully
2026-01-04 17:41:48,746 - src.config.config_manager - INFO - Configuration saved successfully
2026-01-04 17:41:53,683 - src.ui.panels.base_panel.library - INFO - Updated cell sizes: 282x338, icon: 260x260
2026-01-04 17:41:53,745 - src.config.config_manager - INFO - Configuration saved successfully
2026-01-04 17:41:53,745 - src.config.config_manager - INFO - Configuration saved successfully
2026-01-04 17:41:58,746 - src.config.config_manager - INFO - Configuration saved successfully
2026-01-04 17:41:58,746 - src.config.config_manager - INFO - Configuration saved successfully
2026-01-04 17:44:56,410 - src.config.config_manager - INFO - Configuration loaded successfully
2026-01-04 17:44:56,416 - src.config.config_manager - INFO - Configuration loaded successfully
2026-01-04 17:44:56,463 - src.config.config_manager - INFO - Configuration saved successfully
2026-01-04 17:44:56,463 - src.ui.main_window - INFO - Switched to panel: library
2026-01-04 17:44:56,515 - __main__ - INFO - Application started successfully
2026-01-04 17:45:01,714 - src.config.config_manager - INFO - Configuration saved successfully
2026-01-04 17:45:01,714 - src.config.config_manager - INFO - Configuration saved successfully
2026-01-04 17:45:06,744 - src.config.config_manager - INFO - Configuration saved successfully
2026-01-04 17:45:06,745 - src.config.config_manager - INFO - Configuration saved successfully
2026-01-04 17:45:11,744 - src.config.config_manager - INFO - Configuration saved successfully
2026-01-04 17:45:11,744 - src.config.config_manager - INFO - Configuration saved successfully
2026-01-04 17:45:16,744 - src.config.config_manager - INFO - Configuration saved successfully
2026-01-04 17:45:16,745 - src.config.config_manager - INFO - Configuration saved successfully
2026-01-04 17:45:21,745 - src.config.config_manager - INFO - Configuration saved successfully
2026-01-04 17:45:21,745 - src.config.config_manager - INFO - Configuration saved successfully
2026-01-04 17:45:26,745 - src.config.config_manager - INFO - Configuration saved successfully
2026-01-04 17:45:26,745 - src.config.config_manager - INFO - Configuration saved successfully
2026-01-04 17:45:29,442 - src.ui.panels.base_panel.library - INFO - Updated cell sizes: 282x338, icon: 260x260
2026-01-04 17:45:31,745 - src.config.config_manager - INFO - Configuration saved successfully
2026-01-04 17:45:31,745 - src.config.config_manager - INFO - Configuration saved successfully
2026-01-04 17:45:35,408 - src.ui.panels.base_panel.library - INFO - Updated cell sizes: 282x338, icon: 260x260
2026-01-04 17:45:36,745 - src.config.config_manager - INFO - Configuration saved successfully
2026-01-04 17:45:36,745 - src.config.config_manager - INFO - Configuration saved successfully
2026-01-04 17:45:41,745 - src.config.config_manager - INFO - Configuration saved successfully
2026-01-04 17:45:41,745 - src.config.config_manager - INFO - Configuration saved successfully
2026-01-04 17:45:46,746 - src.config.config_manager - INFO - Configuration saved successfully
2026-01-04 17:45:46,747 - src.config.config_manager - INFO - Configuration saved successfully
2026-01-04 17:46:15,990 - src.config.config_manager - INFO - Configuration saved successfully
2026-01-04 17:46:15,990 - src.config.config_manager - INFO - Configuration saved successfully
2026-01-04 17:46:20,745 - src.config.config_manager - INFO - Configuration saved successfully
2026-01-04 17:46:20,745 - src.config.config_manager - INFO - Configuration saved successfully
2026-01-04 17:46:25,745 - src.config.config_manager - INFO - Configuration saved successfully
2026-01-04 17:46:25,745 - src.config.config_manager - INFO - Configuration saved successfully
2026-01-04 17:46:29,169 - src.ui.panels.base_panel.library - INFO - Updated cell sizes: 282x338, icon: 260x260
2026-01-04 17:46:31,309 - src.ui.panels.base_panel.library - INFO - Updated cell sizes: 282x338, icon: 260x260
2026-01-04 17:46:31,313 - src.config.config_manager - INFO - Configuration saved successfully
2026-01-04 17:46:31,313 - src.config.config_manager - INFO - Configuration saved successfully
2026-01-04 17:46:35,214 - src.config.config_manager - INFO - Configuration saved successfully
2026-01-04 17:46:35,214 - src.config.config_manager - INFO - Configuration saved successfully
2026-01-04 17:46:35,214 - src.ui.main_window - INFO - Application closed
